,Month,Day,TOTALDEMAND,date,max_temperature,avg_hourly_temperature,avg_temperature,min_temperature,max_humidex,min_windchill,max_relative_humidity,avg_hourly_relative_humidity,avg_relative_humidity,min_relative_humidity,max_dew_point,avg_hourly_dew_point,avg_dew_point,min_dew_point,max_wind_speed,avg_hourly_wind_speed,avg_wind_speed,min_wind_speed,max_wind_gust,wind_gust_dir_10s,max_pressure_sea,avg_hourly_pressure_sea,avg_pressure_sea,min_pressure_sea,max_pressure_station,avg_hourly_pressure_station,avg_pressure_station,min_pressure_station,max_visibility,avg_hourly_visibility,avg_visibility,min_visibility,max_health_index,avg_hourly_health_index,avg_health_index,min_health_index,heatdegdays,cooldegdays,growdegdays_5,growdegdays_7,growdegdays_10,precipitation,rain,snow,snow_on_ground,sunrise,sunset,daylight,sunrise_f,sunset_f,min_uv_forecast,max_uv_forecast,min_high_temperature_forecast,max_high_temperature_forecast,min_low_temperature_forecast,max_low_temperature_forecast,solar_radiation,max_cloud_cover_4,avg_hourly_cloud_cover_4,avg_cloud_cover_4,min_cloud_cover_4,max_cloud_cover_8,avg_hourly_cloud_cover_8,avg_cloud_cover_8,min_cloud_cover_8,max_cloud_cover_10,avg_hourly_cloud_cover_10,avg_cloud_cover_10,min_cloud_cover_10,,FootFall_HourlyAverage
0,1,1,173783.44,1/1/20,12.9,9.59,9.19,5.5,,,86,69.1,72.5,59,7.9,4.2,3.8,-0.2,29,17.79,16,3,59,26,101.68,100.78,100.88,100.07,101.44,100.54,100.64,99.84,48300,38558.3,36200,24100,2.5,2.3,2.3,2.1,8.8,0,4.2,2.2,0,0,0,0,,8:05:00,16:29:00,8.4,8.08,16.48,1,1,10,10,4,4,,,,,,8,6,5.5,3,,,,,,31847
1,1,2,205976.37,2/1/20,6,4.33,3.45,0.9,,,100,89.5,86,72,6.8,2.7,2.9,-1,27,12.71,14,1,45,14,102.06,101.63,101.54,101.03,101.82,101.39,101.31,100.79,32200,18108.3,18500,4800,2.6,2,1.8,1,14.6,0,0,0,0,14.6,14.6,0,0,8:05:00,16:30:00,8.42,8.08,16.5,1,1,6,8,7,8,,,,,,8,7.8,6,4,,,,,,30416
2,1,3,237844.43,3/1/20,10.9,8.98,8.4,5.9,,,100,88,84.5,69,9.1,7,6.7,4.2,24,16.38,12.5,1,39,15,101.07,100.7,100.62,100.17,100.84,100.47,100.39,99.94,32200,24408.3,21750,11300,2.4,1.9,1.8,1.3,9.6,0,3.4,1.4,0,11.2,11.2,0,0,8:05:00,16:31:00,8.43,8.08,16.52,1,1,11,11,4,4,,,,,,8,7.8,7.5,7,,,,,,31347
3,1,4,204491.22,4/1/20,8.2,5.75,5.65,3.1,,,99,87,81,63,5.7,3.6,2.6,-0.4,26,14.71,15.5,5,52,27,102.51,102.05,101.67,100.82,102.27,101.81,101.43,100.59,32200,27479.2,24150,16100,2.3,1.5,1.6,1,12.3,0,0.6,0,0,11.8,11.8,0,0,8:05:00,16:32:00,8.45,8.08,16.53,1,1,8,8,5,5,,,,,,8,6.5,5,2,,,,,,28822
4,1,5,191342.4,5/1/20,8.3,6.32,6.55,4.8,,,96,79.8,74,52,5.5,2.8,2.1,-1.3,34,18.5,19.5,5,65,25,102.59,102.16,102.08,101.57,102.35,101.92,101.84,101.33,48300,31575,33800,19300,2.2,1.7,1.6,1,11.4,0,1.6,0,0,2,2,0,0,8:05:00,16:33:00,8.47,8.08,16.55,1,1,8,8,4,4,,,,,,8,6.5,5,2,,,,,,15343.5
5,1,6,220507.18,6/1/20,5.8,5.08,4.59,3.4,,,100,100,100,100,5.8,5.1,4.7,3.5,21,8.46,11,1,33,12,102.38,101.79,101.92,101.46,102.14,101.55,101.68,101.22,19300,8725,10650,2000,1.8,1.3,1.4,1,13.4,0,0,0,0,14.8,14.8,0,0,8:05:00,16:34:00,8.48,8.08,16.57,,,8,8,9,9,,,,,,8,7.9,7.5,7,,,,,,24545
6,1,7,218673.12,7/1/20,9.9,8.23,7.65,5.4,,,100,93.2,84.5,69,9.5,7.1,5.2,1,32,18.75,16.5,1,52,24,101.35,100.62,100.74,100.14,101.11,100.39,100.51,99.91,32200,20720.8,18500,4800,2.4,1.2,1.7,1,10.3,0,2.6,0.6,0,20.3,20.3,0,0,8:04:00,16:35:00,8.52,8.07,16.58,,,11,11,2,2,,,,,,8,7.4,5,2,,,,,,30529.5
7,1,8,220077.25,8/1/20,7.3,3.98,3.85,0.4,,,99,76.9,80.5,62,1.6,0.1,0.3,-1,39,11.29,21,3,52,28,101.53,101.05,101.02,100.52,101.29,100.81,100.79,100.29,32200,31187.5,28150,24100,3,1.2,2,1,14.2,0,0,0,0,0,0,0,0,8:04:00,16:36:00,8.53,8.07,16.6,1,1,8,8,2,2,,,,,,8,7,4.5,1,,,,,,35312
8,1,9,254731.18,9/1/20,5.3,2.67,1.5,-2.3,,-4,100,84.5,82,64,1.5,0.2,0.1,-1.3,21,9.92,11,1,33,13,102.32,102.09,101.94,101.56,102.08,101.86,101.7,101.32,48300,39908.3,36200,24100,3,1.9,2,1,16.5,0,0,0,0,0,0,0,0,8:04:00,16:37:00,8.55,8.07,16.62,1,1,6,6,3,3,,,,,,8,6.3,4.5,1,,,,,,34725.5
9,1,10,245067.76,10/1/20,7.5,5.22,4.7,1.9,,,100,97.7,88,76,6.8,4.9,3.6,0.4,39,23.38,22,5,65,15,102.06,100.53,100.93,99.81,101.82,100.29,100.7,99.58,32200,20241.7,21750,11300,1.8,1.5,1.6,1.3,13.3,0,0,0,0,22.6,22.6,0,0,8:03:00,16:39:00,8.6,8.05,16.65,,,8,8,4,4,,,,,,8,7.9,7.5,7,,,,,,35416
10,1,11,183773.21,11/1/20,6.9,4.87,5.2,3.5,,,100,95.7,87.5,75,6.6,4.2,3.8,1,24,9.75,13,2,33,29,101.24,100.77,100.54,99.84,101,100.54,100.31,99.61,48300,29625,30600,12900,2.3,1.9,1.9,1.5,12.8,0,0.2,0,0,5,5,0,,8:03:00,16:40:00,8.62,8.05,16.67,1,1,7,7,4,5,,,,,,8,7.9,7.5,7,,,,,,28597.5
11,1,12,183595.19,12/1/20,6.1,2.86,2.29,-1.5,,-6,100,90.8,87.5,75,4.9,1.4,0,-4.9,31,14.08,17,3,54,32,100.86,100.1,100.26,99.66,100.62,99.86,100.03,99.43,48300,23920.8,24750,1200,2.1,1.9,1.8,1.6,15.7,0,0,0,0,12.3,9.8,2.5,3,8:02:00,16:41:00,8.65,8.03,16.68,,,6,6,-3,-3,,,,,,8,7.7,7,6,,,,,,20774.5
12,1,13,239307.89,13/1/20,-0.5,-4.13,-2.8,-5.1,,-11,80,71.5,73,66,-6.4,-8.6,-8.3,-10.2,29,14.21,19,9,39,6,101.37,101.22,101.17,100.96,101.13,100.98,100.92,100.72,24100,14825,14450,4800,3,1.9,2.4,1.7,20.8,0,0,0,0,2.3,0,2.3,3,8:02:00,16:42:00,8.67,8.03,16.7,,,-2,-2,-6,-4,,,,,,8,8,8,8,,,,,,31676
13,1,14,274605.21,14/1/20,-3.9,-4.68,-4.7,-5.5,,-12,100,79.5,81,62,-4.3,-7.8,-7.7,-11,26,13.08,15,4,33,6,101.57,101.39,101.37,101.17,101.33,101.15,101.13,100.93,32200,13833.3,16900,1600,2.2,1.9,2,1.7,22.7,0,0,0,0,4.5,0,4.5,4,8:01:00,16:44:00,8.72,8.02,16.73,1,1,-2,-2,-4,-3,,,,,,8,7.7,5,2,,,,,,30528.5
14,1,15,274816.45,15/1/20,5.6,-1.82,0.25,-5.1,,-12,99,90.6,82,65,1,-3.2,-2.4,-5.7,45,24.88,27,9,80,12,101.48,100.36,100.29,99.1,101.24,100.12,100.06,98.87,24100,10850,12350,600,2.1,1.8,1.8,1.6,17.8,0,0,0,0,19.4,0,20,25,8:00:00,16:45:00,8.75,8,16.75,,,4,4,1,4,,,,,,8,7.4,5.5,3,,,,,,26523.5
15,1,16,219339.29,16/1/20,5.5,1.93,1.55,-2.4,,-4,100,77.5,79.5,59,1.3,-1.8,-1.3,-3.9,42,13.58,21.5,1,84,14,101.2,100.39,100.33,99.47,100.96,100.15,100.1,99.24,48300,37216.7,36200,24100,3.1,2.2,2.5,1.8,16.4,0,0,0,0,0,0,0,16,8:00:00,16:47:00,8.78,8,16.78,1,1,4,5,-1,-1,,,,,,8,3.9,5,2,,,,,,34392.5
16,1,17,216216.35,17/1/20,4.3,0.42,-0.95,-6.2,,-9,100,88.8,84.5,69,1.3,-1.3,-1.4,-4.1,23,12.88,13.5,4,33,9,102.19,101.9,101.74,101.28,101.95,101.66,101.49,101.04,48300,33791.7,33800,19300,3.1,2.1,2.3,1.5,18.9,0,0,0,0,0,0,0,7,7:59:00,16:48:00,8.82,7.98,16.8,1,1,4,4,4,4,,,,,,8,6.1,4.5,1,,,,,,40343.5
17,1,18,211892.68,18/1/20,7.9,6.34,5.75,3.6,,,100,89.1,84,68,7.7,4.6,3.5,-0.6,39,23.29,23.5,8,68,14,102.33,101.85,101.87,101.41,102.09,101.61,101.63,101.17,32200,25275,21750,11300,3,1.9,2.2,1.5,12.2,0,0.8,0,0,3.1,3.1,0,4,7:58:00,16:49:00,8.85,7.97,16.82,,,8,9,5,5,,,,,,8,7.7,7.5,7,,,,,,34240
18,1,19,213843.11,19/1/20,8.5,6.35,6.5,4.5,,,100,98.9,95,90,7.9,6.2,6.2,4.6,15,8.5,9,3,,,102.32,101.98,101.83,101.35,102.08,101.74,101.6,101.11,32200,20391.7,21750,11300,2,1.5,1.6,1.2,11.5,0,1.5,0,0,1.6,1.6,0,0,7:57:00,16:51:00,8.9,7.95,16.85,1,1,10,10,4,6,,,,,,8,8,8,8,,,,,,22398.5
19,1,20,232583.07,20/1/20,9.7,6.51,7,4.3,,,100,98.8,95,90,8.7,6.3,6.8,4.9,19,8.46,11,3,,,101.34,101.05,100.87,100.4,101.1,100.81,100.63,100.17,32200,20700,17100,2000,2.2,1.5,1.7,1.2,11,0,2,0,0,2.6,2.6,0,,7:57:00,16:52:00,8.92,7.95,16.87,1,1,10,10,6,6,,,,,,8,7.8,7.5,7,,,,,,25131
20,1,21,224256.39,21/1/20,9.3,6.78,7,4.7,,,100,98,91,82,7.8,6.5,6.3,4.9,35,15.25,20,5,50,14,101.07,100.39,100.52,99.97,100.83,100.16,100.28,99.74,32200,21404.2,17100,2000,2.2,1.9,1.8,1.5,11,0,2,0,0,10,10,0,0,7:56:00,16:54:00,8.97,7.93,16.9,,,9,9,6,6,,,,,,8,7.3,5.5,3,,,,,,38336.5
21,1,22,238574.3,22/1/20,8.4,6.75,6.2,4,,,100,99.9,98.5,97,8.6,6.7,6.5,4.4,19,12.83,11,3,32,10,101.54,101.36,101.33,101.13,101.3,101.12,101.1,100.89,32200,13695.8,18500,4800,2.1,1.8,1.7,1.3,11.8,0,1.2,0,0,21,21,0,0,7:55:00,16:55:00,9,7.92,16.92,,,9,9,8,8,,,,,,8,8,8,8,,,,,,36911.5
22,1,23,224509.66,23/1/20,10.6,9.01,9.19,7.8,,,100,100,100,100,10.6,9,9.2,7.8,14,10.12,9.5,5,32,12,101.2,101.01,100.97,100.75,100.97,100.78,100.74,100.52,24100,11945.8,12850,1600,2.1,1.5,1.6,1,8.8,0,4.2,2.2,0,22.8,22.8,0,0,7:54:00,16:57:00,9.05,7.9,16.95,1,1,10,10,8,8,,,,,,8,7.8,7,6,,,,,,38869
23,1,24,218632.75,24/1/20,11.9,8.38,8.55,5.2,,,100,94,88.5,77,8.7,7.4,7.2,5.7,22,10.67,11.5,1,42,20,101.52,101.14,101.12,100.73,101.28,100.91,100.89,100.5,48300,25125,24750,1200,2.8,2.1,2,1.3,9.4,0,3.5,1.6,0,3.6,3.6,0,0,7:53:00,16:58:00,9.08,7.88,16.97,1,1,11,11,7,7,,,,,,8,6.3,6,4,,,,,,45044.5
24,1,25,204891.76,25/1/20,9,7.62,7.6,6.2,,,100,99.8,98,96,8.6,7.6,7.5,6.4,19,11.08,10,1,,,101.64,101.35,101.26,100.87,101.4,101.11,101.02,100.64,32200,23720.8,21750,11300,1.6,1.4,1.4,1.2,10.4,0,2.6,0.6,0,5,5,0,0,7:52:00,17:00:00,9.13,7.87,17,1,1,9,9,7,7,,,,,,8,7.5,6,4,,,,,,38575
25,1,26,202466.41,26/1/20,12.5,8.9,9.85,7.2,,,100,86.6,81,62,8.7,6.6,6.5,4.4,29,15.12,14.5,0,50,23,101.6,101.13,101.08,100.57,101.36,100.9,100.85,100.34,48300,32045.8,33800,19300,2.2,1.8,1.7,1.2,8.2,0,4.8,2.8,0,3,3,0,0,7:51:00,17:01:00,9.17,7.85,17.02,1,1,10,12,6,6,,,,,,8,7.2,6.5,5,,,,,,28014.5
26,1,27,206268.92,27/1/20,8.8,6.96,6.25,3.7,,,100,91.4,89,78,7.6,5.6,5.7,3.8,25,15.54,14,3,45,10,102.08,101.61,101.53,100.98,101.84,101.37,101.29,100.74,32200,22200,18500,4800,2.6,1.9,2,1.5,11.8,0,1.2,0,0,13.9,13.9,0,0,7:49:00,17:03:00,9.23,7.82,17.05,1,1,9,9,6,7,,,,,,8,6.7,4.5,1,,,,,,18385
27,1,28,232381.11,28/1/20,7.6,7.02,6.6,5.6,,,100,100,100,100,7.4,7,6.9,6.4,18,7.21,10,2,39,15,102.19,101.62,101.6,101.01,101.95,101.38,101.36,100.78,16100,9783.3,10050,4000,2,1.6,1.6,1.3,11.4,0,1.6,0,0,8,8,0,0,7:48:00,17:04:00,9.27,7.8,17.07,1,1,9,9,7,7,,,,,,8,7.9,7.5,7,,,,,,31375.5
28,1,29,259625.83,29/1/20,12.3,6.87,7.35,2.4,,,100,93.7,80,60,9.2,5.8,5.7,2.1,20,9.42,10.5,1,,,102.43,101.91,101.97,101.51,102.19,101.67,101.73,101.27,32200,18966.7,17100,2000,2.5,1.8,1.8,1,10.7,0,2.4,0.4,0,12.1,12.1,0,0,7:47:00,17:06:00,9.32,7.78,17.1,1,1,10,10,4,4,,,,,,8,4.7,4,0,,,,,,33477
29,1,30,309632.98,30/1/20,7.6,5.07,4.2,0.8,,,100,98.7,93.5,87,8.3,4.9,4.8,1.2,19,6.71,10,1,,,102.61,102.1,102.06,101.52,102.37,101.86,101.83,101.28,32200,25470.8,22550,12900,2.1,1.5,1.6,1.1,13.8,0,0,0,0,5.4,5.4,0,0,7:46:00,17:08:00,9.37,7.77,17.13,,,10,10,7,7,,,,,,8,7.2,4,0,,,,,,31563
30,1,31,341307.68,31/1/20,14.2,10.5,10.19,6.2,,,100,98.5,94.5,89,13.2,10.3,10.8,8.5,28,18.21,18.5,9,63,24,101.74,101.22,101.22,100.71,101.5,100.99,100.99,100.48,32200,18166.7,17300,2400,2.2,1.6,1.8,1.3,7.8,0,5.2,3.2,0.2,38.4,38.4,0,0,7:45:00,17:09:00,9.4,7.75,17.15,1,1,14,14,8,8,,,,,,8,7.8,7.5,7,,,,,,30293
31,2,1,257595.21,1/2/20,12.6,7.36,7,1.4,,,100,69,72.5,45,12,1.7,4.2,-3.6,37,22.92,22.5,8,63,21,102.4,101.68,101.54,100.68,102.16,101.44,101.31,100.45,48300,38762.5,33800,19300,2.2,2,2,1.9,11,0,2,0,0,17.8,17.8,0,0,7:43:00,17:11:00,9.47,7.72,17.18,1,1,8,8,1,2,,,,,,8,5.7,4.5,1,,,,,,21838
32,2,2,195218.12,2/2/20,5.3,2.34,1.6,-2.1,,-4,100,85.3,85.5,71,1.7,0,-0.4,-2.4,23,11.04,12,1,35,14,102.39,102.27,102.26,102.12,102.15,102.03,102.01,101.88,48300,44608.3,36200,24100,2,1.8,1.8,1.6,16.4,0,0,0,0,0.4,0.4,0,0,7:42:00,17:12:00,9.5,7.7,17.2,1,1,5,5,-1,-1,,,,,,8,4.8,4.5,1,,,,,,18470.5
33,2,3,210009.82,3/2/20,5.2,1.09,1.6,-2,,-4,100,87.9,80,60,0.8,-0.9,-1.5,-3.8,17,10.04,10,3,,,103.15,102.79,102.76,102.36,102.91,102.55,102.52,102.12,48300,35554.2,40250,32200,4,1.8,2.5,1,16.4,0,0,0,0,0,0,0,0,7:40:00,17:14:00,9.57,7.67,17.23,1,1,5,5,-2,-2,,,,,,7,4.4,3.5,0,,,,,,29328.5
34,2,4,214068.13,4/2/20,3,1.3,0.3,-2.4,,-5,100,100,100,100,2.8,1.3,0.9,-1,27,10.75,15,3,39,14,103.15,102.64,102.56,101.96,102.91,102.4,102.32,101.72,32200,12212.5,18500,4800,3,1.8,2,1,17.7,0,0,0,0,16.6,15.1,1.2,0,7:39:00,17:16:00,9.62,7.65,17.27,,,4,4,4,4,,,,,,8,7.9,6.5,5,,,,,,31693
35,2,5,217976.88,5/2/20,4.1,3,2.5,0.9,,,100,100,100,100,4.1,3,2.7,1.3,13,10.33,10,7,,,101.89,101.78,101.81,101.73,101.65,101.54,101.57,101.49,12900,8366.7,8050,3200,1.6,1.2,1.3,1,15.5,0,0,0,0,16.5,16.5,0,0,7:38:00,17:17:00,9.65,7.63,17.28,,,6,6,4,4,,,,,,8,8,8,8,,,,,,31099.5
36,2,6,241138.92,6/2/20,5.3,4.47,4.3,3.3,,,100,100,100,100,5.2,4.5,4.3,3.5,7,4.46,4,1,,,101.92,101.75,101.74,101.56,101.68,101.51,101.5,101.32,11300,5937.5,6250,1200,1.5,1.2,1.2,1,13.7,0,0,0,0,17,17,0,0,7:36:00,17:19:00,9.72,7.6,17.32,,,7,7,4,5,,,,,,8,8,8,8,,,,,,31578.5
37,2,7,241469.7,7/2/20,8.4,5.81,6.3,4.2,,,100,98,92,84,8.3,5.5,6.2,4.1,27,12.58,14.5,2,65,22,101.84,101.12,101.03,100.23,101.6,100.89,100.8,100,32200,16116.7,16700,1200,2.3,1.5,1.6,1,11.7,0,1.3,0,0,7,7,0,0,7:35:00,17:20:00,9.75,7.58,17.33,,,9,9,4,5,,,,,,8,7.6,7,6,,,,,,36558
38,2,8,215728.89,8/2/20,10.3,5.94,5.7,1.1,,,100,77.5,77,54,5,1.9,2.3,-0.4,38,15.12,20,2,54,31,103.2,101.97,101.77,100.35,102.96,101.73,101.54,100.12,48300,43937.5,36200,24100,2.1,1.9,1.8,1.6,12.3,0,0.7,0,0,0.4,0.4,0,0,7:33:00,17:22:00,9.82,7.55,17.37,1,1,8,9,0,4,,,,,,7,2.8,3.5,0,,,,,,31506
39,2,9,207714.22,9/2/20,6.5,2.7,2.65,-1.2,,-3,100,91.5,84,68,3.8,1.3,1.5,-0.8,11,6.58,6,1,,,103.41,103.28,103.28,103.14,103.17,103.04,103.03,102.9,48300,43595.8,36200,24100,3,2,2.1,1.2,15.3,0,0,0,0,0,0,0,0,7:32:00,17:24:00,9.87,7.53,17.4,1,1,8,8,2,2,,,,,,8,6.2,4,0,,,,,,17022
40,2,10,245950.92,10/2/20,7.6,4.52,4.75,1.9,,,100,91.3,84,68,4.6,3.1,2.9,1.2,8,4.38,4.5,1,,,103.37,103.2,103.19,103.01,103.13,102.96,102.95,102.77,48300,31850,36200,24100,3,1.7,2,1,13.2,0,0,0,0,0,0,0,0,7:30:00,17:25:00,9.92,7.5,17.42,2,2,7,7,1,1,,,,,,8,7.3,6,4,,,,,,29928.5
41,2,11,254221.16,11/2/20,10.6,6.25,5.7,0.8,,,100,95,85.5,71,8.9,5.5,4.9,0.9,21,8.33,11.5,2,37,12,102.91,102.48,102.59,102.26,102.67,102.24,102.34,102.02,32200,29837.5,28150,24100,2.4,1.9,2,1.5,12.3,0,0.7,0,0,2,2,0,0,7:28:00,17:27:00,9.98,7.47,17.45,1,1,10,10,4,4,,,,,,8,7.3,6.5,5,,,,,,32304
42,2,12,249237.13,12/2/20,8.1,5.47,5.65,3.2,,,100,97,91.5,83,6.6,5,5.1,3.6,10,4.88,6,2,,,102.78,102.51,102.39,102.01,102.54,102.27,102.15,101.77,32200,28487.5,28150,24100,3,1.6,2.1,1.2,12.3,0,0.6,0,0,0,0,0,0,7:27:00,17:29:00,10.03,7.45,17.48,1,1,8,8,4,4,,,,,,8,7.5,7.5,7,,,,,,33949.5
43,2,13,278274.37,13/2/20,9.8,6.1,7,4.2,,,100,86,79,58,6.5,3.7,3.6,0.7,28,10.33,15.5,3,37,23,101.88,101.38,101.52,101.17,101.64,101.14,101.28,100.93,48300,30908.3,32200,16100,2.5,1.7,1.8,1.1,11,0,2,0,0,0.9,0.9,0,,7:25:00,17:30:00,10.08,7.42,17.5,1,1,8,9,3,3,,,,,,8,7,5.5,3,,,,,,35986
44,2,14,279711.26,14/2/20,10.2,6.19,5.6,1,,,96,71.5,72.5,49,4,1.2,1.5,-1,21,13.38,13,5,33,25,102.13,101.84,101.72,101.31,101.89,101.61,101.48,101.07,48300,39908.3,36200,24100,2.2,2.1,2,1.9,12.4,0,0.6,0,0,1.4,1.4,0,0,7:23:00,17:32:00,10.15,7.38,17.53,1,1,9,9,5,5,,,,,,8,6.1,4.5,1,,,,,,35534.5
45,2,15,216601.27,15/2/20,9.7,6.31,6.9,4.1,,,100,87.8,82,64,8.1,4.3,4,-0.2,26,15.12,15.5,5,41,25,101.98,101.61,101.66,101.33,101.74,101.37,101.41,101.09,48300,37287.5,33800,19300,2.1,1.6,1.7,1.3,11.1,0,1.9,0,0,0.6,0.6,0,0,7:22:00,17:33:00,10.18,7.37,17.55,1,1,9,10,2,2,,,,,,8,7,4.5,1,,,,,,27377
46,2,16,201808.54,16/2/20,10.3,4.52,4.6,-1.1,,-5,100,78.4,75.5,51,2.4,0.8,1,-0.5,23,9.92,12,1,37,24,102.51,102.09,102.13,101.75,102.27,101.85,101.89,101.51,48300,43258.3,36200,24100,2.1,2,2,1.8,13.4,0,0,0,0,0,0,0,0,7:20:00,17:35:00,10.25,7.33,17.58,1,1,8,8,-1,0,,,,,,8,5.3,4.5,1,,,,,,19090
47,2,17,246703.69,17/2/20,7.6,3.08,3.05,-1.5,,-4,100,83,79,58,1.7,0.2,0.2,-1.4,18,9.12,10.5,3,,,103.09,102.9,102.82,102.55,102.85,102.66,102.58,102.31,48300,33520.8,36200,24100,3,2,2.2,1.5,14.9,0,0,0,0,0,0,0,0,7:18:00,17:37:00,10.32,7.3,17.62,1,2,8,9,1,2,,,,,,8,3.6,5,2,,,,,,33034
48,2,18,238356.24,18/2/20,7.2,2.46,3.15,-0.9,,-4,100,85.9,77,54,2.9,0.1,0.3,-2.3,13,8.96,8.5,4,,,103.15,103.02,103.01,102.88,102.91,102.78,102.78,102.64,48300,34191.7,36200,24100,3,1.8,2.1,1.3,14.8,0,0,0,0,0,0,0,0,7:16:00,17:38:00,10.37,7.27,17.63,1,2,8,9,-1,-1,,,,,,8,3.5,4,0,,,,,,31759.5
49,2,19,218750.43,19/2/20,8.2,2.64,2.89,-2.4,,-5,100,81,75.5,51,2.1,-0.7,0,-2,12,8.29,8,4,,,102.9,102.68,102.67,102.43,102.66,102.44,102.43,102.19,48300,38216.7,36200,24100,2.5,1.7,2,1.4,15.1,0,0,0,0,0,0,0,0,7:15:00,17:40:00,10.42,7.25,17.67,2,2,9,9,-2,0,,,,,,2,0.5,1,0,,,,,,29340
50,2,20,224404.29,20/2/20,9.4,2.86,3.2,-3,,-6,100,81.2,75.5,51,1.8,-0.4,-0.8,-3.4,12,7.92,7.5,3,,,102.6,102.49,102.49,102.38,102.36,102.25,102.25,102.14,48300,38895.8,36200,24100,4,2.1,2.8,1.7,14.8,0,0,0,0,0,0,0,0,7:13:00,17:41:00,10.47,7.22,17.68,2,2,10,10,-1,-1,,,,,,1,0.4,0.5,0,,,,,,37900.5
51,2,21,217898.11,21/2/20,8.7,3.97,3.2,-2.3,,-4,100,88.6,85,70,6,2.2,2.2,-1.6,25,9.67,13.5,2,32,14,102.42,102.17,102.17,101.92,102.18,101.93,101.93,101.68,48300,40583.3,36200,24100,3,2.2,2.3,1.6,14.8,0,0,0,0,0,0,0,0,7:11:00,17:43:00,10.53,7.18,17.72,2,2,9,9,4,4,,,,,,8,5.2,4,0,,,,,,41511.5
52,2,22,193844.04,22/2/20,9.1,6.7,7.19,5.3,,,100,80.5,78,56,6.3,3.4,3.5,0.7,17,10.48,11,5,,,102.2,101.98,101.93,101.67,101.96,101.74,101.69,101.43,48300,35339.1,28200,8100,2.1,1.9,1.8,1.6,10.8,0,2.2,0.2,0,0.8,0.8,0,,7:09:00,17:45:00,10.6,7.15,17.75,2,2,9,9,3,3,,,,,,8,7.2,6,4,,,,,,33111.5
53,2,23,212259.33,23/2/20,9.2,6.65,6.65,4.1,,,100,80.2,83,66,6.1,3.4,3.5,0.8,41,21.29,25,9,63,21,102.62,101.35,101.62,100.61,102.38,101.11,101.38,100.38,48300,27695.8,28200,8100,2.2,2,1.9,1.6,11.3,0,1.6,0,0,6.8,6.8,0,,7:07:00,17:46:00,10.65,7.12,17.77,1,1,9,9,2,2,,,,,,8,5.7,5,2,,,,,,20685
54,2,24,245238.11,24/2/20,8.8,4.92,4.65,0.5,,,86,63.5,66,46,0.5,-1.6,-1.4,-3.2,34,11.08,17.5,1,58,25,103.75,103.44,103.24,102.73,103.51,103.19,103,102.49,48300,30504.2,36200,24100,2.7,2.3,2.4,2.1,13.3,0,0,0,0,0,0,0,0,7:06:00,17:48:00,10.7,7.1,17.8,2,2,8,8,2,2,,,,,,8,6.7,5,2,,,,,,31872
55,2,25,247116.85,25/2/20,7,4.32,3.85,0.7,,,100,87.1,82.5,65,4.5,2.2,2.4,0.3,13,6.71,7.5,2,,,103.7,103.41,103.43,103.17,103.46,103.17,103.19,102.93,48300,28216.7,29000,9700,2.1,1.8,1.9,1.7,14.2,0,0,0,0,0,0,0,0,7:04:00,17:49:00,10.75,7.07,17.82,1,1,7,7,1,1,,,,,,8,8,7.5,7,,,,,,33899.5
56,2,26,216742.25,26/2/20,9.5,6.28,6.5,3.5,,,100,95.9,91.5,83,7.2,5.6,5.5,3.7,18,7.46,10,2,,,103.41,103.26,103.28,103.14,103.17,103.02,103.03,102.9,32200,26891.7,20150,8100,2.2,1.9,1.8,1.4,11.5,0,1.5,0,0,0.2,0.2,0,0,7:02:00,17:51:00,10.82,7.03,17.85,2,2,9,10,4,5,,,,,,8,7,5.5,3,,,,,,35349.5
57,2,27,217350.8,27/2/20,9.4,6.48,5.8,2.2,,,100,95.7,90,80,8,5.8,5.3,2.7,17,7.46,9,1,,,103.25,102.93,102.85,102.45,103.01,102.69,102.61,102.21,48300,36954.2,28200,8100,2.3,1.8,1.9,1.5,12.2,0,0.8,0,0,0,0,0,0,7:00:00,17:53:00,10.88,7,17.88,2,2,11,11,3,3,,,,,,8,6.6,5,2,,,,,,36469
58,2,28,220013.94,28/2/20,8.7,4.86,4.5,0.3,,,100,95,89,78,7.2,4.1,4.2,1.1,23,11.38,12,1,41,21,102.38,101.47,101.61,100.84,102.14,101.23,101.37,100.6,48300,23891.7,24350,400,2.2,1.8,1.8,1.4,13.5,0,0,0,0,7.7,7.7,0,,6:58:00,17:54:00,10.93,6.97,17.9,1,1,9,9,4,5,,,,,,8,6.2,5.5,3,,,,,,44655.5
59,2,29,200761.88,29/2/20,10.1,5.07,6,1.9,,,100,84.2,79,58,3.9,2.3,2.4,0.9,16,10.71,10,4,,,102.43,101.72,101.67,100.92,102.19,101.48,101.44,100.68,48300,43604.2,40250,32200,2.3,2.1,2.1,2,12,0,1,0,0,3.6,3.6,0,0,6:56:00,17:56:00,11,6.93,17.93,2,2,9,9,0,1,,,,,,7,3.7,3.5,0,,,,,,36580
60,3,1,198356.22,1/3/20,7.4,3.4,3.4,-0.6,,-4,100,88.4,81,62,4.6,1.5,2,-0.5,17,9.71,10,3,41,24,102.97,102.78,102.74,102.51,102.73,102.54,102.5,102.27,48300,40570.8,36200,24100,2.2,1.7,1.7,1.2,14.6,0,0,0,0,0.7,0.7,0,0,6:54:00,17:57:00,11.05,6.9,17.95,1,2,8,9,4,4,,,,,,8,5.6,4,0,,,,,,20815.5
61,3,2,212719.91,2/3/20,10.1,6.74,6.6,3.1,,,100,93.9,89,78,8.1,5.8,5.7,3.3,24,16.21,15.5,7,35,15,102.61,102.19,102.22,101.83,102.37,101.95,101.98,101.59,32200,19112.5,19300,6400,2.1,1.6,1.7,1.3,11.4,0,1.6,0,0,2.2,2.2,0,0,6:52:00,17:59:00,11.12,6.87,17.98,1,1,9,11,6,7,,,,,,8,7.8,7.5,7,,,,,,32339.5
62,3,3,217492.74,3/3/20,10.2,7.2,5.4,0.6,,,100,80.9,78,56,8.4,3.9,4.2,0,31,15.58,16,1,48,21,102.18,101.85,101.76,101.33,101.94,101.61,101.51,101.09,32200,24166.7,16200,200,2.5,1.8,2,1.6,12.6,0,0.4,0,0,0,0,0,0,6:50:00,18:00:00,11.17,6.83,18,1,1,9,10,3,3,,,,,,8,5.8,4.5,1,,,,,,35636.5
63,3,4,235011.25,4/3/20,10.3,6.81,6.7,3.1,,,84,62.8,64,44,2.8,0.1,0.4,-2.1,24,12.25,12.5,1,46,27,102.58,102.23,102.21,101.84,102.34,101.99,101.97,101.6,48300,32525,36200,24100,6,2.5,4,1.9,11.3,0,1.7,0,0,0,0,0,0,6:48:00,18:02:00,11.23,6.8,18.03,2,2,10,10,4,4,,,,,,8,5.2,5,2,,,,,,35611.5
64,3,5,239469.27,5/3/20,8.5,5.88,5.9,3.3,,,100,83.7,83.5,67,5.4,3.2,3.4,1.3,19,9.75,10,1,33,14,101.77,101.46,101.51,101.26,101.53,101.22,101.27,101.02,48300,35879.2,36200,24100,2.4,1.9,1.9,1.4,12.1,0,0.9,0,0,0.7,0.7,0,0,6:46:00,18:03:00,11.28,6.77,18.05,1,1,9,9,2,2,,,,,,8,7.6,7,6,,,,,,34382
65,3,6,222644.65,6/3/20,8.1,4.28,4.05,0,,,97,76.9,73,49,2.5,0.3,-0.3,-3.1,19,10.54,12,5,,,101.69,101.47,101.38,101.07,101.45,101.23,101.14,100.83,48300,40250,40250,32200,3.3,2.1,2.5,1.6,13.9,0,0,0,0,0,0,0,0,6:44:00,18:05:00,11.35,6.73,18.08,3,3,7,8,1,2,,,,,,8,4.5,5,2,,,,,,45315
66,3,7,193701.56,7/3/20,8,3.32,3.6,-0.8,,-4,100,88.5,81,62,3.5,1.4,1.4,-0.8,19,9.17,10.5,2,,,101.64,101.17,101.29,100.94,101.4,100.93,101.05,100.7,48300,40920.8,40250,32200,3,2,2.2,1.5,14.4,0,0,0,0,0.7,0.7,0,0,6:42:00,18:06:00,11.4,6.7,18.1,2,2,8,8,-2,-1,,,,,,8,6.4,5.5,3,,,,,,34781.5
67,3,8,185106.58,8/3/20,7.2,2.9,3.2,-0.8,,-4,100,81.3,77.5,55,2.1,-0.4,-0.2,-2.5,14,9.26,8.5,3,,,102.22,101.98,101.95,101.68,101.98,101.74,101.71,101.44,48300,44100,40250,32200,3.2,2,2.2,1.3,14.8,0,0,0,0,0,0,0,0,7:40:00,19:08:00,11.47,7.67,19.13,3,3,7,8,-2,-1,,,,,,8,3.7,4,0,,,,,,34875
68,3,9,189283.4,9/3/20,7.7,3.04,2.8,-2.1,,-4,100,77.6,74.5,49,0.3,-0.9,-1.3,-2.9,13,8.58,8,3,,,102.63,102.49,102.43,102.23,102.39,102.25,102.19,101.99,48300,46287.5,40250,32200,3.1,2.3,2.4,1.6,15.2,0,0,0,0,0,0,0,0,7:38:00,19:09:00,11.52,7.63,19.15,3,3,8,8,1,1,,,,,,8,2.6,4,0,,,,,,25043.5
69,3,10,224285.08,10/3/20,9.2,6.33,5.44,1.7,,,87,78.1,79,71,5.6,2.8,2.2,-1.2,27,13.46,15,3,41,20,102.48,102.1,102.1,101.71,102.24,101.86,101.86,101.47,48300,36554.2,36200,24100,4,2,2.8,1.5,12.6,0,0.4,0,0,0.2,0.2,0,0,7:36:00,19:11:00,11.58,7.6,19.18,1,2,8,8,2,3,,,,,,8,7.8,7.5,7,,,,,,33642
70,3,11,237660.28,11/3/20,10.6,7.11,6.3,2,,,87,65.4,67,47,5.7,0.8,2.4,-0.9,30,10.67,15.5,1,46,26,102.7,102.27,102.18,101.67,102.46,102.03,101.94,101.43,48300,48300,48300,48300,2.7,2.1,2.1,1.6,11.7,0,1.3,0,0,0,0,0,0,7:34:00,19:12:00,11.63,7.57,19.2,3,3,12,12,3,3,,,,,,5,2.3,3,1,,,,,,36446
71,3,12,240545.55,12/3/20,7.6,4.25,3.55,-0.5,,,100,77.9,78,56,3.8,0.4,1.1,-1.7,11,7.46,6,1,,,102.88,102.63,102.47,102.07,102.64,102.39,102.24,101.83,48300,44945.8,40250,32200,2.6,2.1,2.1,1.6,14.4,0,0,0,0,0,0,0,0,7:32:00,19:14:00,11.7,7.53,19.23,2,3,8,8,2,2,,,,,,8,5.8,4.5,1,,,,,,37877.5
72,3,13,230151.62,13/3/20,7.7,4.45,5.15,2.6,,,100,61.6,67,34,2.9,-3.3,-3.9,-10.7,43,22,25,7,65,4,101.97,101.15,101.33,100.7,101.73,100.91,101.1,100.46,48300,38566.7,36200,24100,2.4,2,2,1.7,12.8,0,0.2,0,0,0,0,0,0,7:30:00,19:15:00,11.75,7.5,19.25,2,3,7,7,2,2,,,,,,8,7.7,7,6,,,,,,33148.5
73,3,14,192032.38,14/3/20,4.2,1.68,2.15,0.1,,,39,34,35,31,-10.1,-12.6,-12.2,-14.3,46,33.96,32.5,19,71,4,102.37,101.66,101.63,100.89,102.13,101.42,101.39,100.65,48300,40245.8,36200,24100,2.2,2.1,2.1,2,15.8,0,0,0,0,0,0,0,0,7:28:00,19:17:00,11.82,7.47,19.28,2,3,4,5,0,0,,,,,,8,5.9,5,2,,,,,,26673.5
74,3,15,195329.87,15/3/20,8,3.18,3.8,-0.4,,-4,59,36.4,43,27,-5.5,-10.8,-9.8,-14.1,39,17.58,20,1,59,4,102.44,102.36,102.32,102.2,102.2,102.12,102.08,101.96,48300,41591.7,40250,32200,2.7,2.2,2.4,2,14.2,0,0,0,0,0,0,0,0,7:26:00,19:18:00,11.87,7.43,19.3,3,3,7,7,0,0,,,,,,1,0.2,0.5,0,,,,,,16366
75,3,16,221173.63,16/3/20,12.3,4.38,4.75,-2.8,,-5,86,61.8,62,38,1.3,-2.8,-2.7,-6.7,13,6.79,8,3,,,102.6,102.26,102.15,101.71,102.36,102.02,101.92,101.47,48300,41591.7,40250,32200,3.3,2.6,2.6,1.9,13.2,0,0,0,0,0,0,0,0,7:24:00,19:20:00,11.93,7.4,19.33,4,4,11,11,0,0,,,,,,1,0.1,0.5,0,,,,,,27948.5
76,3,17,230508.37,17/3/20,10.7,4.47,4.44,-1.8,,-4,96,74.3,75.5,55,2.9,0,0,-2.8,17,8.67,10,3,,,101.63,101.2,101.25,100.88,101.39,100.96,101.01,100.64,48300,42262.5,40250,32200,3.4,2.4,2.6,1.9,13.6,0,0,0,0,0,0,0,0,7:22:00,19:21:00,11.98,7.37,19.35,4,4,12,12,2,3,,,,,,8,2.9,4,0,,,,,,25622
77,3,18,242254.29,18/3/20,11.9,5.4,5.45,-1,,-5,100,79.2,76.5,53,4.6,1.6,1.9,-0.8,17,8.5,9,1,,,101.31,101.2,101.17,101.03,101.07,100.96,100.93,100.79,48300,41591.7,40250,32200,3,2.3,2.4,1.7,12.6,0,0.4,0,0,0,0,0,0,7:20:00,19:23:00,12.05,7.33,19.38,4,5,12,13,2,3,,,,,,2,0.6,1,0,,,,,,21858
78,3,19,254533.72,19/3/20,11.7,5.66,5.75,-0.2,,,100,88.7,81,62,6,3.7,3.1,0.2,13,6.38,7,1,,,102.16,101.72,101.74,101.32,101.92,101.48,101.5,101.08,48300,33891.7,24350,400,4,2.3,2.8,1.6,12.2,0,0.8,0,0,0,0,0,0,7:18:00,19:24:00,12.1,7.3,19.4,5,5,12,13,3,3,,,,,,8,2.8,4,0,,,,,,18724.5
79,3,20,223095.21,20/3/20,12.6,7.16,6.5,0.4,,,100,81.3,78,56,5,3.8,3,1,16,9.04,9.5,3,,,102.7,102.49,102.45,102.2,102.46,102.25,102.21,101.96,48300,41591.7,40250,32200,3.4,2.5,2.6,1.9,11.5,0,1.5,0,0,0,0,0,0,7:15:00,19:26:00,12.18,7.25,19.43,4,5,13,13,3,3,,,,,,2,0.5,1,0,,,,,,18573.5
80,3,21,207998.67,21/3/20,11.7,6.92,6.15,0.6,,,100,79.3,78.5,57,5.6,3.2,3.6,1.7,16,8.08,9,2,,,102.61,102.41,102.39,102.18,102.37,102.17,102.16,101.94,48300,40920.8,40250,32200,3,2.1,2.1,1.2,11.8,0,1.1,0,0,0,0,0,0,7:13:00,19:27:00,12.23,7.22,19.45,4,4,13,13,2,2,,,,,,2,0.5,1,0,,,,,,11545
81,3,22,194899.37,22/3/20,9.9,6.07,5.6,1.3,,,100,86.8,77.5,55,7.1,3.8,3.5,-0.1,32,14.46,17,2,46,25,102.22,101.62,101.56,100.9,101.98,101.38,101.33,100.67,48300,36687.5,32200,16100,3,2.2,2.3,1.6,12.4,0,0.6,0,0,0,0,0,0,7:11:00,19:29:00,12.3,7.18,19.48,2,3,12,12,3,3,,,,,,8,6.5,4,0,,,,,,7491
82,3,23,225813.89,23/3/20,10.8,6.95,7.35,3.9,,,90,68.5,68,46,3.3,1.3,1,-1.4,28,15.5,15,2,50,24,101.18,100.86,100.92,100.66,100.94,100.63,100.69,100.43,48300,29829.2,36200,24100,2.2,2,2,1.7,10.7,0,2.4,0.4,0,0,0,0,0,7:09:00,19:30:00,12.35,7.15,19.5,1,4,9,9,2,2,,,,,,8,6.6,5.5,3,,,,,,12579
83,3,24,229871.09,24/3/20,8.5,4.73,4.55,0.6,,,100,91.8,84.5,69,5,3.4,3.1,1.3,16,8.12,9,2,,,101.49,101.37,101.35,101.21,101.25,101.13,101.11,100.97,48300,29295.8,33800,19300,3,1.6,2.1,1.2,13.4,0,0,0,0,2.1,2.1,0,0,7:07:00,19:32:00,12.42,7.12,19.53,3,4,9,9,2,2,,,,,,8,6.9,5.5,3,,,,,,9424
84,3,25,226295.63,25/3/20,10.3,5.38,5.55,0.8,,,100,82.1,78.5,57,3.3,2.2,1.6,0,14,9.17,8.5,3,,,101.81,101.65,101.61,101.42,101.57,101.41,101.38,101.18,48300,31175,36200,24100,3,1.7,2,1.1,12.4,0,0.6,0,0,0,0,0,0,7:05:00,19:33:00,12.47,7.08,19.55,3,4,12,12,1,1,,,,,,8,3.9,4.5,1,,,,,,8399.5
85,3,26,220176.02,26/3/20,9.6,5.3,4.55,-0.5,,,100,80.7,80,60,6,2.1,1.7,-2.6,25,11.67,13,1,32,23,101.69,101.65,101.66,101.62,101.45,101.41,101.41,101.38,48300,36875,36200,24100,2.5,2.1,2,1.6,13.4,0,0,0,0,0.6,0.6,0,,7:03:00,19:35:00,12.53,7.05,19.58,2,4,10,10,5,5,,,,,,8,6.8,4.5,1,,,,,,8118.5
86,3,27,223916.49,27/3/20,9.1,7.25,7.15,5.2,,,100,96.3,94,88,8.2,6.7,6.8,5.4,24,12.29,13,2,37,14,101.61,101.55,101.56,101.5,101.37,101.31,101.32,101.26,48300,28483.3,32200,16100,2.3,2,2,1.6,10.8,0,2.1,0.2,0,3.3,3.3,0,,7:01:00,19:36:00,12.58,7.02,19.6,2,2,9,9,6,6,,,,,,8,7.9,7.5,7,,,,,,7789
87,3,28,195847.43,28/3/20,9.7,8.6,8.6,7.5,,,100,97.2,91,82,9.4,8.2,7.5,5.6,28,18.21,20.5,13,35,14,101.59,101.18,101.22,100.86,101.35,100.95,100.99,100.63,32200,25929.2,24150,16100,1.8,1.6,1.6,1.3,9.4,0,3.6,1.6,0,3.9,3.9,0,,6:59:00,19:38:00,12.65,6.98,19.63,2,2,10,11,5,5,,,,,,8,7.8,7,6,,,,,,4930
88,3,29,191906.41,29/3/20,12.7,8.72,8.69,4.7,,,100,73.3,75.5,51,6.6,4,4.3,2.1,29,15.46,15,1,42,21,101.05,100.82,100.71,100.36,100.82,100.59,100.47,100.13,48300,37350,33800,19300,2.2,1.9,2,1.7,9.3,0,3.7,1.7,0,0.3,0.3,0,0,6:57:00,19:39:00,12.7,6.95,19.65,3,4,11,11,4,4,,,,,,8,6.1,5,2,,,,,,3994
89,3,30,215375.02,30/3/20,9.3,6.05,6.25,3.2,,,100,83.8,81.5,63,7.9,3.4,4.5,1.1,31,17.88,17.5,4,48,14,101.23,100.69,100.52,99.81,100.99,100.45,100.28,99.58,32200,22570.8,20150,8100,2.4,2,2,1.5,11.8,0,1.2,0,0,13.6,13.6,0,0,6:55:00,19:41:00,12.77,6.92,19.68,2,2,10,10,4,4,,,,,,8,7.4,6,4,,,,,,6481
90,3,31,218087.73,31/3/20,9.9,5.17,4.9,-0.1,,,100,79.9,79,58,3.9,1.7,2.2,0.5,22,8.29,12.5,3,33,21,101.68,101.49,101.46,101.24,101.44,101.25,101.22,101,48300,31179.2,36200,24100,2.2,1.9,1.8,1.5,13.1,0,0,0,0,0,0,0,0,6:53:00,19:42:00,12.82,6.88,19.7,3,4,9,9,3,3,,,,,,8,6.7,6,4,,,,,,6466.5
91,4,1,217339.47,1/4/20,9.1,5.73,6,2.9,,,100,72.7,74,48,4.4,0.7,0.8,-2.8,18,9.62,9.5,1,32,5,102.07,101.92,101.88,101.69,101.83,101.68,101.64,101.45,32200,28629.2,24150,16100,2.1,1.8,1.8,1.6,12,0,1,0,0,3.2,3.2,0,,6:51:00,19:44:00,12.88,6.85,19.73,3,4,9,9,2,2,,,,,,8,5.7,5,2,,,,,,6095.5
92,4,2,232605.33,2/4/20,8.7,4.28,4.5,0.3,,,100,79.5,80,60,3.2,0.9,0.6,-2,18,8.38,9.5,1,,,102.19,102.12,102.12,102.04,101.95,101.88,101.88,101.8,48300,39908.3,36200,24100,2.1,1.8,1.6,1.2,13.5,0,0,0,0,0.2,0.2,0,,6:49:00,19:45:00,12.93,6.82,19.75,4,4,9,9,3,3,,,,,,8,5.8,4.5,1,,,,,,4415
93,4,3,208589.14,3/4/20,8.3,4.72,4.4,0.5,,,100,76.2,76.5,53,3.5,0.7,0.8,-2,25,12.29,13,1,42,21,102.01,101.7,101.73,101.45,101.77,101.46,101.49,101.21,48300,41591.7,40250,32200,2.1,1.9,2,1.8,13.6,0,0,0,0,1.4,1.4,0,,6:47:00,19:47:00,13,6.78,19.78,2,3,9,9,1,1,,,,,,8,6.3,5,2,,,,,,6029.5
94,4,4,203708.31,4/4/20,9.2,5.01,4.89,0.6,,,100,73,74,48,2,0.3,-0.1,-2.2,17,8.79,10,3,,,101.42,100.94,100.97,100.51,101.18,100.7,100.73,100.28,48300,44275,40250,32200,2,1.8,1.8,1.6,13.1,0,0,0,0,0,0,0,0,6:44:00,19:48:00,13.07,6.73,19.8,3,3,8,8,3,3,,,,,,8,7,7,6,,,,,,3157.5
95,4,5,210196.05,5/4/20,11.7,6.37,6.5,1.3,,,88,65.9,62.5,37,2.1,0.1,-0.4,-2.9,16,8.04,9,2,,,100.75,100.52,100.58,100.42,100.51,100.29,100.35,100.19,48300,48300,48300,48300,2.1,1.8,1.8,1.6,11.5,0,1.5,0,0,0,0,0,0,6:42:00,19:50:00,13.13,6.7,19.83,3,4,11,11,3,3,,,,,,8,5.2,4.5,1,,,,,,2949
96,4,6,236149.13,6/4/20,11.8,6.93,6.3,0.8,,,90,68,67.5,45,4,1.1,0,-4,18,11.33,10,2,,,101.76,101.34,101.29,100.82,101.52,101.1,101.05,100.59,48300,48300,48300,48300,2.3,2,1.9,1.5,11.7,0,1.3,0,0,0,0,0,0,6:40:00,19:51:00,13.18,6.67,19.85,5,5,12,12,2,2,,,,,,8,3.4,4,0,,,,,,5327.5
97,4,7,236808.91,7/4/20,12.2,7.79,7.85,3.5,,,89,65.3,69.5,50,3.8,1.5,1.1,-1.6,20,11.54,11.5,3,,,102.59,102.32,102.22,101.86,102.35,102.08,101.99,101.62,48300,42933.3,40250,32200,3.3,2.5,2.7,2.1,10.2,0,2.8,0.8,0,0,0,0,0,6:38:00,19:52:00,13.23,6.63,19.87,5,5,11,11,2,2,,,,,,8,2.8,4,0,,,,,,5254
98,4,8,216808.02,8/4/20,13.9,8.1,7.5,1.1,,,100,72,75,50,4.3,2.8,2.5,0.7,14,7.46,7.5,1,,,102.81,102.62,102.61,102.4,102.57,102.38,102.37,102.16,48300,46287.5,40250,32200,5,2.4,3.4,1.8,10.5,0,2.5,0.5,0,0,0,0,,6:36:00,19:54:00,13.3,6.6,19.9,5,5,14,14,4,4,,,,,,8,3.9,4,0,,,,,,5467.5
99,4,9,217175.04,9/4/20,15.3,9.23,9.1,2.9,,,100,71.7,72.5,45,5.8,3.8,4.2,2.6,15,9.12,8,1,,,102.39,102.1,102.1,101.81,102.15,101.86,101.86,101.57,48300,45616.7,40250,32200,4,2.4,2.9,1.8,8.9,0,4.1,2.1,0,0,0,0,0,6:34:00,19:55:00,13.35,6.57,19.92,5,5,14,15,5,5,,,,,,4,1.9,2.5,1,,,,,,6171.5
100,4,10,189662.46,10/4/20,14.1,9.45,8.75,3.4,,,100,83.6,82,64,8.9,6.7,6.2,3.6,20,8.79,10.5,1,,,101.93,101.76,101.74,101.55,101.69,101.52,101.5,101.31,48300,42933.3,40250,32200,3,1.9,2.3,1.6,9.2,0,3.8,1.8,0,0,0,0,,6:32:00,19:57:00,13.42,6.53,19.95,5,5,14,14,6,7,,,,,,7,2.9,3.5,0,,,,,,3027
101,4,11,184194.14,11/4/20,14.5,9.51,9,3.5,,,100,64.9,64,28,6.4,2.3,1.2,-4,19,10.75,11.5,4,32,3,102.4,102.14,102.03,101.65,102.16,101.9,101.79,101.41,48300,44945.8,40250,32200,3,1.9,2,1,9,0,4,2,0,0,0,0,0,6:30:00,19:58:00,13.47,6.5,19.97,5,5,14,15,5,5,,,,,,7,2.1,3.5,0,,,,,,3187
102,4,12,203520.18,12/4/20,14.6,8.69,7.75,0.9,,,76,42.9,47,18,-0.3,-4.9,-5,-9.8,21,10,12,3,,,102.82,102.64,102.63,102.45,102.58,102.4,102.39,102.21,48300,45612.5,36200,24100,3,2.3,2.5,1.9,10.2,0,2.8,0.8,0,0,0,0,0,6:28:00,20:00:00,13.53,6.47,20,5,5,13,14,4,4,,,,,,1,0,0.5,0,,,,,,2592.5
103,4,13,200051.8,13/4/20,14.4,8.79,8.25,2.1,,,78,54.1,54,30,5.7,-0.4,1,-3.7,16,10.12,8.5,1,,,103.11,102.89,102.92,102.72,102.87,102.65,102.68,102.48,48300,40570.8,36200,24100,2.7,2.2,2.2,1.8,9.8,0,3.2,1.2,0,0,0,0,0,6:26:00,20:01:00,13.58,6.43,20.02,5,5,14,14,5,5,,,,,,8,3.8,4,0,,,,,,2825.5
104,4,14,215699.66,14/4/20,13.8,9.94,8.8,3.8,,,81,65.8,64.5,48,7.3,3.7,3.5,-0.3,23,11.58,13.5,4,32,13,102.76,102.55,102.49,102.22,102.52,102.31,102.25,101.98,48300,40570.8,36200,24100,2.6,1.8,1.8,1,9.2,0,3.8,1.8,0,0,0,0,0,6:24:00,20:03:00,13.65,6.4,20.05,5,5,15,15,5,5,,,,,,8,4.8,4.5,1,,,,,,5345
105,4,15,209094.68,15/4/20,18.8,11.62,11.5,4.2,,,100,67.2,66,32,8.8,5,5,1.1,13,6.71,7.5,2,,,102.7,102.5,102.52,102.35,102.46,102.26,102.28,102.11,48300,39229.2,36200,24100,3,1.9,2,1,6.5,0,6.5,4.5,1.5,0,0,0,0,6:22:00,20:04:00,13.7,6.37,20.07,5,5,18,18,7,7,,,,,,7,2.1,3.5,0,,,,,,5625
106,4,16,213055.89,16/4/20,17.3,11.47,10.7,4.1,,,80,55,56,32,4.7,2.1,2.3,-0.1,16,10.38,9,2,,,102.63,102.37,102.26,101.89,102.39,102.13,102.03,101.66,48300,41245.8,36200,24100,2.9,2.2,2,1,7.3,0,5.7,3.7,0.7,0,0,0,0,6:20:00,20:06:00,13.77,6.33,20.1,5,5,17,17,7,7,,,,,,4,1,2,0,,,,,,5762.5
107,4,17,213886.98,17/4/20,13.3,9.7,9.1,4.9,,,100,75.9,81.5,63,9.4,5.6,5.5,1.5,13,6.79,7,1,,,101.87,101.44,101.46,101.04,101.64,101.21,101.22,100.81,48300,40916.7,36200,24100,2.5,2,2,1.6,8.9,0,4.1,2.1,0,0.2,0.2,0,0,6:19:00,20:07:00,13.8,6.32,20.12,4,6,13,13,8,8,,,,,,8,5.5,4,0,,,,,,5804.5
108,4,18,213777.09,18/4/20,14.3,11.24,11.15,8,,,100,87.2,83,66,10.9,9,8.9,6.9,25,12.12,13.5,2,35,13,101.62,101.36,101.35,101.08,101.39,101.13,101.12,100.85,48300,43262.5,36200,24100,2.1,1.8,1.7,1.3,6.8,0,6.2,4.2,1.1,0.2,0.2,0,0,6:17:00,20:09:00,13.87,6.28,20.15,5,5,16,17,6,6,,,,,,8,4.4,4,0,,,,,,3821.5
109,4,19,201475.67,19/4/20,13.6,10.03,9.69,5.8,,,100,84.1,82,64,8.5,7.3,7.5,6.4,25,10.5,13,1,33,14,101.99,101.86,101.83,101.68,101.75,101.62,101.6,101.44,48300,45275,36200,24100,2.1,1.8,1.8,1.5,8.3,0,4.7,2.7,0,0,0,0,,6:15:00,20:10:00,13.92,6.25,20.17,6,6,15,15,6,6,,,,,,6,2.7,3,0,,,,,,3175
110,4,20,218337.19,20/4/20,15.8,11.18,10.75,5.7,,,100,80.4,80,60,8.9,7.7,7.5,6.1,22,11.33,13,4,,,102.01,101.92,101.92,101.82,101.77,101.68,101.67,101.58,48300,33191.7,36200,24100,2,1.6,1.5,1,7.2,0,5.8,3.8,0.8,0,0,0,,6:13:00,20:11:00,13.97,6.22,20.18,6,6,17,17,5,5,,,,,,8,2.9,4,0,,,,,,5369.5
111,4,21,222835.26,21/4/20,15.5,11.07,11.35,7.2,,,97,69.7,74,51,9.8,5.6,6.5,3.1,25,13.5,13,1,41,14,102.49,102.36,102.26,102.03,102.25,102.12,102.02,101.79,48300,31850,36200,24100,2.3,1.8,1.6,1,6.7,0,6.3,4.3,1.4,0,0,0,0,6:11:00,20:13:00,14.03,6.18,20.22,5,5,14,14,9,9,,,,,,8,6.1,4.5,1,,,,,,6021
112,4,22,227012.02,22/4/20,12.2,9.46,10.25,8.3,,,100,98.9,94,88,10.9,9.3,9.1,7.3,10,5.5,5.5,1,,,102.43,101.99,102.09,101.75,102.19,101.75,101.85,101.51,32200,19445.8,20950,9700,1.8,1.5,1.6,1.3,7.8,0,5.2,3.2,0.2,16.7,16.7,0,0,6:09:00,20:14:00,14.08,6.15,20.23,2,2,13,13,8,8,,,,,,8,7.6,5,2,,,,,,6068.5
113,4,23,225745.76,23/4/20,15.6,10.95,10.4,5.2,,,100,82,78,56,10.4,7.8,7.5,4.5,24,10.83,13.5,3,35,23,102.43,102.32,102.23,102.03,102.19,102.08,101.99,101.79,48300,40575,36200,24100,2.2,1.9,1.8,1.5,7.6,0,5.4,3.4,0.4,0,0,0,0,6:07:00,20:16:00,14.15,6.12,20.27,6,6,16,16,7,7,,,,,,8,5.5,4,0,,,,,,5319
114,4,24,213130.59,24/4/20,13.7,9.38,8.44,3.2,,,100,88.9,85,70,10.3,7.5,7.3,4.3,10,4.88,5.5,1,,,102.38,102.22,102.12,101.86,102.14,101.98,101.88,101.62,48300,42262.5,40250,32200,2.1,1.8,1.7,1.3,9.6,0,3.4,1.4,0,0,0,0,0,6:06:00,20:17:00,14.18,6.1,20.28,5,5,13,13,8,8,,,,,,8,6.5,4,0,,,,,,6545.5
115,4,25,193690.24,25/4/20,15.6,11.55,12.1,8.6,,,100,78.8,76,52,12.3,7.6,8.2,4.1,44,19.04,22.5,1,68,23,101.92,101.57,101.55,101.18,101.69,101.34,101.32,100.95,48300,38900,32200,16100,2.4,1.9,1.8,1.2,5.9,0,7.1,5.1,2.1,3.2,3.2,0,0,6:04:00,20:19:00,14.25,6.07,20.32,5,5,14,14,6,6,,,,,,8,5.6,5,2,,,,,,4061.5
116,4,26,193145.87,26/4/20,14.2,10.36,10.05,5.9,,,100,76.5,77.5,55,9.2,6.2,6,2.7,18,10.83,9.5,1,32,29,101.98,101.65,101.51,101.04,101.74,101.41,101.27,100.81,48300,44604.2,36200,24100,2.4,2.1,2.1,1.8,8,0,5,3,0.1,3.9,3.9,0,0,6:02:00,20:20:00,14.3,6.03,20.33,5,7,13,13,8,8,,,,,,8,6.4,4.5,1,,,,,,3518.5
117,4,27,226943.66,27/4/20,15.7,11.07,12.05,8.4,,,100,70.2,73.5,47,9,5.5,5.4,1.8,26,16.21,15.5,5,46,23,102.35,101.6,101.68,101.01,102.11,101.37,101.44,100.78,48300,31850,36200,24100,2.4,2.1,1.9,1.4,6,0,7,5,2,0.8,0.8,0,0,6:00:00,20:22:00,14.37,6,20.37,5,6,14,15,5,6,,,,,,8,5.4,5,2,,,,,,5531.5
118,4,28,224248.12,28/4/20,12.3,9.16,8.5,4.7,,,100,85,85,70,10.6,6.7,6.9,3.2,17,7.17,9,1,,,102.55,102.44,102.42,102.28,102.31,102.2,102.17,102.04,48300,30837.5,36200,24100,2.3,1.9,2,1.6,9.5,0,3.5,1.5,0,1.2,1.2,0,0,5:59:00,20:23:00,14.4,5.98,20.38,3,4,11,11,8,8,,,,,,8,7.2,5.5,3,,,,,,6302
119,4,29,242615.68,29/4/20,14.7,10.72,10.89,7.1,,,100,84.5,81.5,63,11.8,8,9.1,6.4,27,12.88,15.5,4,42,25,102.25,101.42,101.63,101.01,102.01,101.18,101.39,100.78,48300,30837.5,36200,24100,2.7,2.1,2.2,1.7,7.1,0,5.9,3.9,0.9,1.4,1.4,0,0,5:57:00,20:25:00,14.47,5.95,20.42,3,3,13,13,8,8,,,,,,8,7.6,6.5,5,,,,,,4710
120,4,30,242706.66,30/4/20,15.5,11.51,12.2,8.9,,,85,67.8,70,55,7.7,5.7,5.5,3.4,35,15.62,20,5,45,22,101.98,101.76,101.71,101.44,101.74,101.53,101.47,101.21,48300,40575,36200,24100,2.4,2.3,2.2,2.1,5.8,0,7.2,5.2,2.2,0.9,0.9,0,0,5:55:00,20:26:00,14.52,5.92,20.43,6,6,13,14,7,8,,,,,,8,6.2,4.5,1,,,,,,5611.5
121,5,1,249641.63,1/5/20,15.3,11.1,10.75,6.2,,,98,73.7,72.5,47,8.9,6.3,6.2,3.5,13,6.88,7,1,,,101.96,101.72,101.66,101.36,101.72,101.48,101.42,101.13,48300,42262.5,40250,32200,2.4,2.1,2,1.7,7.2,0,5.8,3.8,0.8,0,0,0,0,5:53:00,20:28:00,14.58,5.88,20.47,6,6,15,16,9,9,,,,,,8,7,6.5,5,,,,,,5232.5
122,5,2,223331.45,2/5/20,14.2,10,10.19,6.2,,,100,88.1,78.5,57,11.8,7.9,7.2,2.5,32,11.17,17.5,3,54,24,101.58,101.05,101.12,100.65,101.34,100.82,100.88,100.42,48300,40579.2,36200,24100,2.5,2.1,2.2,1.9,7.8,0,5.2,3.2,0.2,2,2,0,0,5:52:00,20:29:00,14.62,5.87,20.48,1,2,14,14,6,6,,,,,,8,6.1,4.5,1,,,,,,3509
123,5,3,219338.71,3/5/20,14.6,9.21,9.25,3.9,,,100,77.8,75,50,8.9,5.2,6.2,3.4,23,11.21,12,1,39,21,102.55,102.27,102.1,101.64,102.31,102.03,101.86,101.4,48300,45616.7,40250,32200,2.3,2.1,2.1,1.9,8.8,0,4.2,2.2,0,0.6,0.6,0,0,5:50:00,20:30:00,14.67,5.83,20.5,5,5,13,13,5,5,,,,,,7,5.3,4.5,2,,,,,,3418
124,5,4,253784.52,4/5/20,15.8,9.03,9.3,2.8,,,100,80.1,73.5,47,9.1,5.3,6.2,3.2,19,7.67,10,1,,,102.53,102.26,102.26,101.99,102.29,102.02,102.02,101.75,48300,34008.3,33800,19300,2.1,1.6,1.6,1,8.7,0,4.3,2.3,0,0.2,0.2,0,0,5:49:00,20:32:00,14.72,5.82,20.53,5,6,14,14,8,9,,,,,,8,6.8,5,2,,,,,,5716
125,5,5,237678.19,5/5/20,19.2,12.36,12.3,5.4,,,100,75.4,73.5,47,9.7,7.6,7.2,4.6,26,10.04,15,4,40,25,102.35,101.98,101.92,101.5,102.11,101.74,101.69,101.27,48300,42933.3,40250,32200,3,2.1,2.1,1.3,5.7,0,7.3,5.3,2.3,0,0,0,,5:47:00,20:33:00,14.77,5.78,20.55,6,6,16,17,9,9,,,,,,8,5.7,4.5,1,,,,,,6187
126,5,6,226428.54,6/5/20,16.9,12.68,13.14,9.4,,,73,55,56.5,40,4.8,3.7,3.8,2.7,28,20.58,18,8,50,29,103.22,102.59,102.44,101.65,102.98,102.35,102.2,101.42,48300,35883.3,36200,24100,2.6,2.3,2.2,1.9,4.9,0,8.1,6.1,3.1,0,0,0,0,5:45:00,20:35:00,14.83,5.75,20.58,6,6,15,15,6,6,,,,,,8,4.6,4,0,,,,,,6253
127,5,7,219285.51,7/5/20,18.6,12.14,11.45,4.3,,,100,64.5,69.5,39,7,5.1,5.2,3.3,21,11.96,13.5,6,32,2,103.29,102.96,102.87,102.45,103.05,102.72,102.63,102.21,48300,46287.5,40250,32200,4,1.9,2.6,1.2,6.5,0,6.5,4.5,1.4,0,0,0,0,5:44:00,20:36:00,14.87,5.73,20.6,7,7,16,16,9,9,,,,,,2,0.6,1,0,,,,,,6579
128,5,8,215828.11,8/5/20,24.3,16.02,15.05,5.8,,,75,49.4,51.5,28,6.7,4.7,4.5,2.3,14,9.29,9,4,,,102.42,102.16,102.11,101.81,102.18,101.93,101.88,101.58,48300,43604.2,40250,32200,3.1,2.3,2.4,1.7,3,0,10.1,8.1,5,0,0,0,0,5:42:00,20:38:00,14.93,5.7,20.63,7,7,23,23,9,9,,,,,,4,1.2,2,0,,,,,,7354.5
129,5,9,215572.51,9/5/20,27,18.04,17.3,7.6,27,,94,53.6,61,28,10.8,7.6,8.1,5.4,17,8.25,9.5,2,,,101.88,101.64,101.61,101.34,101.65,101.41,101.38,101.11,48300,45616.7,40250,32200,2.7,2.4,2.3,1.9,0.7,0,12.3,10.3,7.3,0,0,0,0,5:41:00,20:39:00,14.97,5.68,20.65,7,7,24,24,11,11,,,,,,8,3.7,4,0,,,,,,3983.5
130,5,10,215110.38,10/5/20,27.7,19.07,18.95,10.2,27,,90,52.5,59,28,10.1,8.1,8.2,6.4,15,8.75,8,1,,,101.35,101.09,101.03,100.71,101.12,100.86,100.8,100.48,48300,46958.3,40250,32200,2.7,2.3,2.2,1.7,0,0.9,13.9,11.9,8.9,0,0,0,0,5:39:00,20:40:00,15.02,5.65,20.67,7,7,25,25,11,11,,,,,,7,4.7,4,1,,,,,,3408
131,5,11,245101.89,11/5/20,21.9,16.23,16.75,11.6,,,100,62.8,71,42,11.8,8.7,7.8,3.7,25,9.58,13,1,39,27,100.72,100.6,100.55,100.37,100.49,100.37,100.31,100.14,48300,42058.3,32200,16100,3.7,2.6,2.8,2,1.2,0,11.8,9.8,6.8,0.9,0.9,0,0,5:38:00,20:42:00,15.07,5.63,20.7,6,7,18,18,10,10,,,,,,8,6.9,6,4,,,,,,6174
132,5,12,241535.59,12/5/20,18.1,13.03,13.95,9.8,,,100,90.5,85,70,12.8,11.4,11.3,9.8,16,9.21,10,4,,,100.69,100.54,100.55,100.4,100.46,100.31,100.31,100.17,48300,23995.8,24750,1200,2.3,2.1,2.1,2,4,0,8.9,7,4,7.5,7.5,0,0,5:37:00,20:43:00,15.1,5.62,20.72,4,5,14,15,9,10,,,,,,8,7.4,7,6,,,,,,7009.5
133,5,13,254290.28,13/5/20,16.6,12.49,12.9,9.2,,,100,89.9,87,74,13.2,10.8,10.4,7.7,21,9.46,12.5,4,,,101.3,101.04,101.01,100.72,101.07,100.81,100.78,100.49,32200,27612.5,25750,19300,1.9,1.6,1.6,1.4,5.1,0,7.9,5.9,2.9,1.7,1.7,0,0,5:35:00,20:44:00,15.15,5.58,20.73,5,5,15,15,10,10,,,,,,8,7.4,6.5,5,,,,,,6582.5
134,5,14,258570.18,14/5/20,16.3,12.59,12.65,9,,,99,78.8,78.5,58,9.9,8.8,8.8,7.6,19,12.33,12.5,6,,,101.76,101.51,101.54,101.32,101.53,101.28,101.31,101.09,48300,42254.2,36200,24100,2,1.9,1.9,1.8,5.3,0,7.7,5.7,2.6,0,0,0,0,5:34:00,20:46:00,15.2,5.57,20.77,5,5,17,17,7,7,,,,,,8,5.1,4,0,,,,,,7146
135,5,15,258224.9,15/5/20,17,12.17,11.8,6.6,,,100,78.9,78.5,57,9.5,8.3,8.2,7,31,13.62,16.5,2,41,13,102.05,101.88,101.82,101.58,101.82,101.65,101.58,101.35,48300,45616.7,40250,32200,2.2,1.9,1.9,1.6,6.2,0,6.8,4.8,1.8,0,0,0,0,5:33:00,20:47:00,15.23,5.55,20.78,7,7,19,19,9,9,,,,,,8,3.2,4,0,,,,,,7877.5
136,5,16,220841.78,16/5/20,14.1,12.17,11.25,8.4,,,100,99.5,97.5,95,13.9,12.1,11.9,9.9,14,7.5,7.5,1,,,101.52,100.94,100.97,100.42,101.29,100.71,100.74,100.19,48300,38912.5,28200,8100,1.9,1.5,1.6,1.2,6.8,0,6.2,4.2,1.2,8.1,8.1,0,0,5:31:00,20:48:00,15.28,5.52,20.8,2,2,14,14,10,10,,,,,,8,7.7,5.5,3,,,,,,5307
137,5,17,219548.85,17/5/20,17,12.72,13.2,9.4,,,100,91.9,80,60,14.2,11.3,11.5,8.8,15,7.96,8.5,2,,,100.75,100.64,100.62,100.48,100.52,100.41,100.38,100.25,48300,31204.2,25150,2000,2,1.7,1.6,1.2,4.8,0,8.2,6.2,3.2,11.2,11.2,0,0,5:30:00,20:50:00,15.33,5.5,20.83,5,6,16,17,10,10,,,,,,8,6,5,2,,,,,,4421.5
138,5,18,240153.29,18/5/20,19.1,13.36,13.35,7.6,,,100,82,80.5,61,11.8,10.1,9.8,7.8,15,8.46,8.5,2,,,101.2,100.94,100.98,100.77,100.97,100.71,100.76,100.54,48300,42925,36200,24100,2,1.5,1.5,1,4.7,0,8.3,6.3,3.4,0,0,0,0,5:29:00,20:51:00,15.37,5.48,20.85,7,7,17,17,10,10,,,,,,6,2.8,4,2,,,,,,7419
139,5,19,239579.94,19/5/20,18,14.07,14.45,10.9,,,90,76.4,76,62,11.1,9.9,9.8,8.4,22,13.62,12,2,32,30,101.61,101.5,101.44,101.27,101.38,101.27,101.21,101.04,48300,41916.7,36200,24100,1.5,1.4,1.3,1.1,3.5,0,9.4,7.5,4.5,0,0,0,0,5:28:00,20:52:00,15.4,5.47,20.87,7,7,18,18,11,11,,,,,,8,3.5,4.5,1,,,,,,7439.5
140,5,20,239607.97,20/5/20,19.1,14.29,14.8,10.5,,,81,65,62.5,44,10.6,7.6,7,3.4,30,16.75,17.5,5,45,25,101.66,101.58,101.58,101.5,101.43,101.35,101.35,101.27,48300,37554.2,36200,24100,2,1.6,1.6,1.3,3.2,0,9.8,7.8,4.8,0,0,0,0,5:27:00,20:53:00,15.43,5.45,20.88,5,6,17,17,9,9,,,,,,8,5,4.5,1,,,,,,7105
141,5,21,255127.22,21/5/20,14.8,11.39,11.6,8.4,,,88,69.5,72,56,9.4,6,6,2.6,26,13.29,15.5,5,46,27,101.59,101.47,101.47,101.36,101.36,101.24,101.24,101.13,48300,42591.7,36200,24100,2,1.8,1.8,1.5,6.4,0,6.6,4.6,1.6,1.4,1.4,0,0,5:26:00,20:55:00,15.48,5.43,20.92,5,5,15,15,8,8,,,,,,8,5.2,4.5,1,,,,,,5889.5
142,5,22,260944.4,22/5/20,17.4,12.36,12.2,7,,,99,68.9,73.5,48,8.3,6.5,6.7,5,27,14.1,14.5,2,37,22,102.06,101.65,101.74,101.41,101.83,101.42,101.51,101.18,48300,43700,40250,32200,2,1.8,1.8,1.5,5.8,0,7.2,5.2,2.2,,,,0,5:25:00,20:56:00,15.52,5.42,20.93,7,7,18,18,8,8,,,,,,8,4.9,4.5,1,,,,,,8411
143,5,23,230468.64,23/5/20,16.5,13.27,13.4,10.3,,,73,63.6,62.5,52,7.6,6.5,6.6,5.6,25,14.54,14,3,37,13,102.22,102.16,102.14,102.07,101.98,101.92,101.91,101.84,48300,43604.2,40250,32200,1.8,1.6,1.6,1.5,4.6,0,8.4,6.4,3.4,0,0,0,,5:24:00,20:57:00,15.55,5.4,20.95,6,8,17,19,10,11,,,,,,8,6.8,5.5,3,,,,,,4782
144,5,24,219159.64,24/5/20,16.4,13.11,12.95,9.5,,,92,75.3,76.5,61,10.2,8.8,8.6,6.9,13,7,7,1,,,102.35,102.17,102.14,101.94,102.11,101.94,101.91,101.71,48300,44941.7,36200,24100,2,1.6,1.6,1.3,5,0,8,6,3,0,0,0,0,5:23:00,20:58:00,15.58,5.38,20.97,6,6,16,17,10,11,,,,,,8,7.5,7,6,,,,,,4776
145,5,25,251065.15,25/5/20,18.5,13.06,14.55,10.6,,,100,89.5,83,66,14.7,11.2,11.8,9,21,11.71,11,1,,,101.89,101.77,101.79,101.7,101.66,101.54,101.57,101.47,48300,23875,29800,11300,2.1,1.7,1.7,1.3,3.5,0,9.6,7.5,4.5,11.5,11.5,0,0,5:22:00,20:59:00,15.62,5.37,20.98,2,2,17,18,8,10,,,,,,8,6.9,5.5,3,,,,,,7353
146,5,26,253577.67,26/5/20,17.8,13.71,13.95,10.1,,,88,72.3,71.5,55,9.9,8.7,8.5,7.1,16,10.08,9,2,,,102.18,102.09,102.04,101.9,101.95,101.86,101.81,101.67,48300,33529.2,36200,24100,2.2,1.8,1.8,1.5,4,0,8.9,7,4,0,0,0,0,5:21:00,21:01:00,15.67,5.35,21.02,8,8,18,18,8,8,,,,,,8,5.6,5,2,,,,,,8162.5
147,5,27,248379.6,27/5/20,22.5,15.28,14.9,7.3,,,100,64.5,63.5,27,11,7.5,6.5,2.1,13,8.46,8,3,,,102.31,102.14,102.09,101.88,102.08,101.91,101.87,101.65,48300,41916.7,36200,24100,2.4,1.8,1.7,1,3.1,0,9.9,7.9,4.9,0,0,0,0,5:20:00,21:02:00,15.7,5.33,21.03,8,8,21,21,12,12,,,,,,8,4.9,4.5,1,,,,,,8226.5
148,5,28,248124.97,28/5/20,24.9,18.12,17.5,10.1,25,,84,52.9,56.5,29,9.8,7.5,7.7,5.5,14,7.67,8,2,,,101.88,101.66,101.6,101.32,101.65,101.43,101.37,101.09,48300,42591.7,36200,24100,3.1,2.2,2.2,1.4,0.5,0,12.5,10.5,7.5,0,0,0,0,5:19:00,21:03:00,15.73,5.32,21.05,5,7,22,22,11,11,,,,,,8,6.1,6,4,,,,,,8264.5
149,5,29,240144.18,29/5/20,22.6,17.01,16.75,10.9,,,92,66.5,70,48,12.2,10.6,10.5,8.8,13,6.88,7,1,,,101.46,101.26,101.24,101.01,101.23,101.03,101.01,100.78,48300,43604.2,40250,32200,2.4,2.1,2,1.5,1.2,0,11.8,9.8,6.8,0,0,0,0,5:18:00,21:04:00,15.77,5.3,21.07,8,8,22,24,12,12,,,,,,8,5.9,4.5,1,,,,,,9390.5
150,5,30,204463.54,30/5/20,15.9,12.89,13.25,10.6,,,100,79.9,78.5,57,12.6,9.4,9.4,6.3,22,9.54,11.5,1,42,14,101.09,100.95,100.96,100.84,100.86,100.72,100.74,100.61,48300,37900,36200,24100,2,1.6,1.7,1.4,4.8,0,8.2,6.2,3.2,1.8,1.8,0,0,5:17:00,21:05:00,15.8,5.28,21.08,3,3,17,17,11,12,,,,,,8,7.5,6,4,,,,,,6379
151,5,31,205369.18,31/5/20,18.8,13.93,15.05,11.3,,,69,54.2,54,39,6.3,4.7,4.7,3,26,17.17,16,6,39,25,101.94,101.67,101.56,101.17,101.71,101.44,101.33,100.94,48300,46958.3,40250,32200,1.9,1.7,1.7,1.5,3,0,10.1,8.1,5,0,0,0,0,5:17:00,21:06:00,15.82,5.28,21.1,7,7,19,19,10,10,,,,,,8,7,6,4,,,,,,4827.5
152,6,1,259602.25,1/6/20,18.4,13.6,12.8,7.2,,,94,63.7,68.5,43,8.6,6.6,6.8,5,23,12.67,13.5,4,32,12,102.25,102.11,102.09,101.93,102.01,101.88,101.86,101.7,48300,36895.8,40250,32200,2,1.6,1.6,1.3,5.2,0,7.8,5.8,2.8,0,0,0,0,5:16:00,21:07:00,15.85,5.27,21.12,7,7,19,19,9,9,,,,,,6,2.9,3.5,1,,,,,,6066.5
153,6,2,265420.72,2/6/20,14.4,11.24,11.4,8.4,,,100,80.4,83.5,67,10.2,7.9,7.5,4.8,15,6.79,8,1,,,102.42,102.27,102.27,102.13,102.18,102.03,102.04,101.9,48300,32183.3,36200,24100,2,1.6,1.6,1.3,6.6,0,6.4,4.4,1.4,1.5,1.5,0,0,5:15:00,21:08:00,15.88,5.25,21.13,3,3,14,14,9,9,,,,,,8,6.6,5,2,,,,,,10017
154,6,3,261603.65,3/6/20,17.3,13.35,12.3,7.3,,,100,75.1,76.5,53,10.2,8.7,8.6,7,16,9.38,9.5,3,,,102.41,102.2,102.15,101.89,102.17,101.96,101.92,101.66,48300,35554.2,40250,32200,2.2,1.6,1.6,1,5.7,0,7.3,5.3,2.3,0,0,0,0,5:15:00,21:09:00,15.9,5.25,21.15,7,8,17,17,10,10,,,,,,8,6,5,2,,,,,,9874.5
155,6,4,266644.05,4/6/20,18.2,13.91,13.89,9.6,,,100,70.7,75,50,11.9,8.5,8.8,5.6,21,11.33,12,3,,,101.89,101.73,101.63,101.38,101.66,101.5,101.41,101.15,48300,44275,40250,32200,2,1.8,1.8,1.6,4.1,0,8.9,6.9,3.9,1.4,1.4,0,0,5:14:00,21:10:00,15.93,5.23,21.17,6,7,19,19,10,10,,,,,,8,6.2,6,4,,,,,,10582.5
156,6,5,274736.93,5/6/20,18.5,13.73,13.85,9.2,,,100,75.8,78.5,57,11.3,9.2,8.7,6.1,17,9.08,9,1,,,101.31,100.8,100.93,100.56,101.08,100.57,100.71,100.33,48300,42262.5,40250,32200,2.2,1.7,1.8,1.3,4.2,0,8.8,6.8,3.8,0,0,0,0,5:14:00,21:10:00,15.93,5.23,21.17,6,6,18,18,11,11,,,,,,8,6.9,6.5,5,,,,,,11358.5
157,6,6,252855.84,6/6/20,16.3,13.21,13.9,11.5,,,82,68.3,66,50,9.7,7.5,7.3,5,23,14.17,13.5,4,,,101.03,100.82,100.84,100.65,100.8,100.59,100.61,100.42,48300,44275,40250,32200,1.8,1.6,1.6,1.5,4.1,0,8.9,6.9,3.9,0.2,0.2,0,0,5:13:00,21:11:00,15.97,5.22,21.18,5,5,16,16,9,9,,,,,,8,6.5,6,4,,,,,,8554.5
158,6,7,239048.82,7/6/20,19.3,14.05,14.7,10.1,,,90,65.8,68.5,47,8.7,7.5,7.5,6.2,27,15.92,17,7,39,26,101.74,101.39,101.4,101.07,101.51,101.16,101.17,100.84,48300,46958.3,40250,32200,1.6,1.5,1.4,1.2,3.3,0,9.7,7.7,4.7,0,0,0,0,5:13:00,21:12:00,15.98,5.22,21.2,7,7,18,18,10,10,,,,,,7,5.1,5,3,,,,,,7542.5
159,6,8,249585.95,8/6/20,18.9,14.43,15,11.1,,,78,54.7,58.5,39,7.9,5.2,5.7,3.5,30,19.17,19,8,45,25,102.15,102.03,101.97,101.78,101.92,101.8,101.74,101.55,48300,34879.2,36200,24100,2.1,1.8,1.8,1.5,3,0,10,8,5,0,0,0,0,5:13:00,21:13:00,16,5.22,21.22,7,8,17,17,10,10,,,,,,8,6.7,5.5,3,,,,,,6068.5
160,6,9,283142.59,9/6/20,15.1,12.24,12.7,10.3,,,100,98.2,87,74,15,11.9,11.1,7.2,25,14.33,13.5,2,41,13,102.06,101.75,101.8,101.54,101.82,101.52,101.56,101.31,32200,17041.7,19300,6400,1.5,1.3,1.3,1.1,5.3,0,7.7,5.7,2.7,13.9,13.9,0,0,5:12:00,21:13:00,16.02,5.2,21.22,1,2,15,15,11,12,,,,,,8,8,8,8,,,,,,9547
161,6,10,275591.59,10/6/20,19.6,14.91,15.5,11.4,,,100,86.9,82.5,65,14.4,12.6,12.8,11.1,13,8.46,6.5,0,,,102.08,101.86,101.88,101.68,101.84,101.63,101.64,101.45,48300,27220.8,25750,3200,1.7,1.2,1.4,1,2.5,0,10.5,8.5,5.5,0.2,0.2,0,0,5:12:00,21:14:00,16.03,5.2,21.23,5,5,18,18,12,12,,,,,,8,7.7,7.5,7,,,,,,10544
162,6,11,282888.89,11/6/20,18.1,15.05,15.45,12.8,,,88,77,75,62,12.5,11,11.2,9.9,22,12.46,12.5,3,33,14,101.83,101.74,101.69,101.56,101.6,101.51,101.47,101.33,48300,42925,36200,24100,1.6,1.5,1.4,1.2,2.5,0,10.4,8.4,5.5,0,0,0,0,5:12:00,21:15:00,16.05,5.2,21.25,5,5,17,17,12,12,,,,,,8,7.2,6.5,5,,,,,,10494
163,6,12,269369.17,12/6/20,16,12.95,13.65,11.3,,,100,94.6,88.5,77,13.6,12.1,12,10.4,26,10.21,13.5,1,37,14,101.64,101.54,101.53,101.41,101.41,101.31,101.3,101.18,48300,33070.8,28200,8100,1.7,1.5,1.4,1.1,4.3,0,8.7,6.7,3.6,9.6,9.6,0,0,5:12:00,21:15:00,16.05,5.2,21.25,6,8,18,18,11,11,,,,,,8,7.4,7,6,,,,,,11813
164,6,13,234788.91,13/6/20,16.8,12.52,12.85,8.9,,,100,86.5,78.5,57,12.7,10.1,10.1,7.4,16,8.79,10,4,,,101.48,101.3,101.34,101.19,101.25,101.07,101.11,100.96,48300,41591.7,40250,32200,1.5,1.3,1.2,1,5.2,0,7.8,5.8,2.8,3.5,3.5,0,0,5:12:00,21:16:00,16.07,5.2,21.27,5,6,15,15,9,9,,,,,,8,7.1,6.5,5,,,,,,10093.5
165,6,14,215106.01,14/6/20,17.5,13.51,12.65,7.8,,,100,71.3,75.5,51,9.4,8.1,8.1,6.7,19,9.58,10.5,2,,,101.6,101.47,101.47,101.34,101.37,101.24,101.24,101.11,48300,43600,36200,24100,1.6,1.4,1.4,1.3,5.3,0,7.7,5.7,2.6,0,0,0,0,5:11:00,21:16:00,16.08,5.18,21.27,7,7,19,19,10,10,,,,,,8,6.6,5.5,3,,,,,,6973.5
166,6,15,242442.91,15/6/20,17.7,12.75,14.3,10.9,,,100,83.8,75,50,13,9.7,9.3,5.6,25,10.83,13,1,37,29,101.45,101.21,101.26,101.08,101.22,100.98,101.03,100.85,48300,24404.2,30600,12900,1.6,1.2,1.3,1,3.7,0,9.3,7.3,4.3,5.1,5.1,0,0,5:11:00,21:17:00,16.1,5.18,21.28,5,6,16,16,10,10,,,,,,8,7.7,7,6,,,,,,10444.5
167,6,16,248947.34,16/6/20,18.5,14,13.15,7.8,,,100,72.2,75,50,10.6,8.8,8.7,6.7,19,9.46,11,3,,,102.2,101.84,101.83,101.47,101.96,101.61,101.6,101.24,48300,36216.7,36200,24100,,1.4,,,4.8,0,8.2,6.2,3.1,0,0,0,0,5:11:00,21:17:00,16.1,5.18,21.28,7,7,17,17,10,10,,,,,,8,5.3,4,0,,,,,,10297
168,6,17,267939.38,17/6/20,19.4,15.13,14.6,9.8,,,100,74.8,79.5,59,11.6,10.6,10.5,9.4,18,10.62,9.5,1,,,102.53,102.41,102.37,102.21,102.29,102.18,102.14,101.98,48300,42587.5,36200,24100,,1.4,,,3.4,0,9.6,7.6,4.6,0,0,0,0,5:11:00,21:18:00,16.12,5.18,21.3,8,8,19,19,10,10,,,,,,8,5,4,0,,,,,,11076.5
169,6,18,260874.65,18/6/20,22.1,16.23,16.3,10.5,,,100,75.2,74,48,12.9,11.4,11.4,10,19,9.21,11,3,,,102.46,102.19,102.1,101.74,102.23,101.96,101.87,101.51,48300,43262.5,36200,24100,2.2,1.8,1.6,1,1.7,0,11.3,9.3,6.3,0,0,0,0,5:12:00,21:18:00,16.1,5.2,21.3,8,8,20,20,12,12,,,,,,7,4,4,1,,,,,,12321
170,6,19,240298.87,19/6/20,19.6,14.95,15.4,11.2,,,100,87.3,83,66,16.8,12.8,13.6,10.4,13,7.21,6.5,0,,,101.72,101.44,101.47,101.22,101.49,101.21,101.24,100.99,48300,41587.5,36200,24100,2,1.3,1.6,1.1,2.6,0,10.4,8.4,5.4,0.4,0.4,0,0,5:12:00,21:18:00,16.1,5.2,21.3,5,5,22,22,14,14,,,,,,8,6.6,5,2,,,,,,13902.5
171,6,20,219289.39,20/6/20,20.1,15.78,16.64,13.2,,,100,94,85.5,71,17.2,14.7,14.4,11.6,29,12,16,3,42,25,101.54,101.34,101.35,101.15,101.31,101.11,101.11,100.92,48300,37220.8,36200,24100,1.3,1.1,1.1,1,1.4,0,11.6,9.6,6.6,0.4,0.4,0,0,5:12:00,21:19:00,16.12,5.2,21.32,7,7,19,21,12,12,,,,,,8,7.7,6.5,5,,,,,,11496
172,6,21,243056.75,21/6/20,21.2,17.27,17.75,14.3,,,77,62.3,61,45,11.8,9.8,10,8.2,22,14,13,4,33,24,102.2,101.92,101.88,101.56,101.97,101.69,101.65,101.33,48300,47291.7,36200,24100,1.8,1.5,1.4,1,0.2,0,12.8,10.8,7.8,0,0,0,0,5:12:00,21:19:00,16.12,5.2,21.32,8,9,20,20,10,10,,,,,,8,4.2,4.5,1,,,,,,6968
173,6,22,272746.87,22/6/20,20.9,15.57,15.3,9.7,,,100,67.4,71.5,43,10.8,9,8.4,6,14,7.21,7.5,1,,,102.4,102.22,102.19,101.99,102.17,101.99,101.97,101.76,48300,43595.8,36200,24100,2,1.6,1.5,1,2.7,0,10.3,8.3,5.3,0,0,0,0,5:12:00,21:19:00,16.12,5.2,21.32,9,9,22,22,13,13,,,,,,8,5.1,4.5,1,,,,,,8832.5
174,6,23,263809.49,23/6/20,21.7,17.33,17,12.3,,,90,68.8,70.5,51,13.7,11.3,11.3,8.9,11,5.71,6,1,,,101.97,101.65,101.6,101.22,101.74,101.42,101.36,100.99,48300,34537.5,36200,24100,2,1.7,1.6,1.2,1,0,12,10,7,0.2,0.2,0,0,5:13:00,21:19:00,16.1,5.22,21.32,7,9,23,23,14,14,,,,,,8,7.1,5.5,3,,,,,,11081
175,6,24,266201.81,24/6/20,23.8,17.43,18.45,13.1,26,,100,84.9,81,62,16.4,14.7,14.6,12.8,25,9.25,13.5,2,33,4,101.71,101.4,101.47,101.22,101.48,101.17,101.24,100.99,56300,41579.2,40200,24100,1.5,1.2,1.2,1,0,0.4,13.4,11.4,8.4,0.3,0.3,0,0,5:13:00,21:19:00,16.1,5.22,21.32,6,7,22,23,12,12,,,,,,8,5.4,5,2,,,,,,11217.5
176,6,25,262932.48,25/6/20,22.6,17.12,17,11.4,26,,100,79.7,80,60,15.9,13.3,13.6,11.3,14,7.62,7.5,1,,,101.98,101.81,101.81,101.63,101.75,101.58,101.58,101.4,48300,43933.3,36200,24100,2.1,1.3,1.6,1,1,0,12,10,7,0,0,0,0,5:13:00,21:19:00,16.1,5.22,21.32,9,9,23,23,12,12,,,,,,7,3.9,3.5,0,,,,,,10981
177,6,26,273745.12,26/6/20,21.3,15.78,16.25,11.2,,,100,80.9,80.5,61,14,12.3,12.8,11.5,25,10.29,14,3,33,27,101.73,101.61,101.57,101.41,101.5,101.38,101.34,101.18,48300,44275,40250,32200,1.9,1.4,1.4,1,1.8,0,11.2,9.2,6.2,0,0,0,0,5:14:00,21:19:00,16.08,5.23,21.32,5,7,21,21,13,13,,,,,,8,4.3,4,0,,,,,,11895.5
178,6,27,253877.08,27/6/20,20.3,15.71,16.3,12.3,,,100,67.8,76,52,12.5,9.5,10.1,7.6,29,15.88,18,7,39,20,101.46,101.33,101.26,101.07,101.23,101.1,101.03,100.84,48300,39779.2,29800,11300,1.4,1.3,1.3,1.2,1.7,0,11.3,9.3,6.3,2,2,0,0,5:14:00,21:19:00,16.08,5.23,21.32,6,6,19,19,11,12,,,,,,8,6.1,4.5,1,,,,,,10619.5
179,6,28,251661.5,28/6/20,20.8,16.17,15.8,10.8,,,100,72.7,74.5,49,13.2,10.9,11.3,9.5,16,9,8.5,1,,,101.26,101.15,101.14,101.03,101.03,100.92,100.92,100.8,48300,43266.7,36200,24100,1.4,1.2,1.2,1,2.2,0,10.8,8.8,5.8,0.6,0.6,0,0,5:15:00,21:19:00,16.07,5.25,21.32,7,7,22,22,12,13,,,,,,7,3.3,4,1,,,,,,7379.5
180,6,29,282863.98,29/6/20,20.2,15.57,15.55,10.9,,,100,80.3,81,62,13.4,12,11.4,9.4,30,13.67,15.5,1,39,28,101.53,101.34,101.33,101.13,101.3,101.11,101.1,100.9,48300,35212.5,36200,24100,2,1.4,1.5,1,2.5,0,10.6,8.6,5.5,0,0,0,,5:15:00,21:19:00,16.07,5.25,21.32,8,8,23,23,13,13,,,,,,8,2.3,4,0,,,,,,9745
181,6,30,275289.73,30/6/20,21,16.47,16.8,12.6,,,80,64.8,65.5,51,10.4,9.7,9.3,8.3,23,14.12,14,5,39,28,101.41,101.34,101.3,101.18,101.18,101.11,101.06,100.95,48300,34875,36200,24100,1.6,1.4,1.3,1,1.2,0,11.8,9.8,6.8,0,0,0,0,5:16:00,21:19:00,16.05,5.27,21.32,6,6,19,20,13,13,,,,,,8,6.1,5.5,3,,,,,,10417
182,7,1,247979.71,1/7/20,19.4,14.58,15.7,12,,,100,77.9,79,58,13,10.6,10.7,8.3,30,15.04,16,2,42,14,101.33,101.22,101.2,101.07,101.1,100.99,100.97,100.84,48300,34541.7,32200,16100,1.5,1.3,1.3,1.1,2.3,0,10.7,8.7,5.7,0.4,0.4,0,0,5:16:00,21:19:00,16.05,5.27,21.32,6,8,19,19,13,13,,,,,,8,7.6,7.5,7,,,,,,10694
183,7,2,262745.42,2/7/20,19.2,14.52,15.35,11.5,,,85,68.8,67.5,50,10.7,8.7,8.7,6.7,25,14.79,13,1,37,22,101.58,101.42,101.37,101.15,101.35,101.19,101.13,100.92,48300,41920.8,36200,24100,2,1.8,1.6,1.2,2.6,0,10.3,8.3,5.3,0,0,0,0,5:17:00,21:18:00,16.02,5.28,21.3,6,7,18,18,11,11,,,,,,8,6.7,5.5,3,,,,,,10712.5
184,7,3,286020.54,3/7/20,14.6,12.18,13.1,11.6,,,100,98.1,91,82,12.8,11.9,11.6,10.3,18,8.5,9.5,1,,,102.17,101.87,101.84,101.51,101.93,101.64,101.61,101.28,32200,21995.8,20150,8100,1.9,1.6,1.6,1.3,4.9,0,8.1,6.1,3.1,11.2,11.2,0,0,5:18:00,21:18:00,16,5.3,21.3,3,3,14,14,11,11,,,,,,8,8,7.5,7,,,,,,10250
185,7,4,250800.54,4/7/20,18.5,14.3,14.85,11.2,,,100,85.4,79,58,13.4,11.6,11.6,9.7,13,5.67,6.5,0,,,102.36,102.26,102.24,102.13,102.12,102.02,102.01,101.89,48300,39708.3,29800,11300,1.6,1.4,1.4,1.2,3.1,0,9.8,7.8,4.8,0.2,0.2,0,,5:18:00,21:18:00,16,5.3,21.3,8,8,20,20,11,11,,,,,,8,5.7,4.5,1,,,,,,7274
186,7,5,237015.52,5/7/20,20.9,15.95,15.64,10.4,,,100,74.1,75,50,12.8,10.9,10.8,8.9,19,11.54,11,3,,,102.24,102.07,102.01,101.79,102,101.84,101.78,101.56,48300,46958.3,40250,32200,1.8,1.4,1.4,1,2.4,0,10.6,8.6,5.6,0,0,0,,5:19:00,21:17:00,15.97,5.32,21.28,8,8,21,21,12,12,,,,,,3,1.5,1.5,0,,,,,,6077.5
187,7,6,272510.67,6/7/20,21.4,16.37,16.75,12.1,,,84,64.8,65.5,47,11.1,9.6,9.3,7.6,24,13.04,13.5,3,33,25,101.77,101.65,101.62,101.48,101.54,101.42,101.39,101.25,48300,35887.5,36200,24100,1.8,1.5,1.5,1.2,1.2,0,11.8,9.8,6.8,0,0,0,0,5:20:00,21:17:00,15.95,5.33,21.28,7,8,21,21,13,13,,,,,,8,6.3,4.5,1,,,,,,8072.5
188,7,7,280529.04,7/7/20,18,15.01,14.75,11.5,,,100,68.3,79,58,11.3,9.1,9.2,7,22,10.08,11.5,1,35,27,101.9,101.73,101.72,101.54,101.67,101.5,101.49,101.31,48300,34537.5,36200,24100,1.7,1.4,1.5,1.3,3.2,0,9.8,7.8,4.8,0,0,0,0,5:21:00,21:16:00,15.92,5.35,21.27,6,8,20,20,12,12,,,,,,8,6.1,5,2,,,,,,9337.5
189,7,8,277254.22,8/7/20,18.6,14.76,13.85,9.1,,,100,82.2,82.5,65,14.7,11.6,12.1,9.5,26,12.08,14.5,3,35,34,101.91,101.82,101.79,101.66,101.68,101.59,101.56,101.43,48300,42925,36200,24100,1.3,1.1,1.1,1,4.2,0,8.8,6.8,3.8,0.2,0.2,0,,5:22:00,21:16:00,15.9,5.37,21.27,5,7,20,20,12,12,,,,,,8,6.2,5,2,,,,,,10275.5
190,7,9,270532.33,9/7/20,21.1,15.25,16.95,12.8,,,100,84.7,75,50,15,12.3,12.2,9.3,22,12.21,13,4,35,15,101.73,101.6,101.64,101.54,101.5,101.37,101.4,101.31,48300,34270.8,29000,9700,1.4,1.1,1.2,1,1.1,0,11.9,9.9,7,3.1,3.1,0,0,5:23:00,21:15:00,15.87,5.38,21.25,7,8,20,20,10,10,,,,,,8,6,5.5,3,,,,,,6044
191,7,10,268082.46,10/7/20,19,14.94,13.95,8.9,,,100,73.9,79.5,59,11.2,10.2,10.2,9.1,23,12.12,13,3,35,13,102.23,102.05,102,101.76,102,101.82,101.76,101.53,48300,43604.2,40250,32200,1.5,1.2,1.3,1.1,4,0,8.9,7,4,0,0,0,0,5:23:00,21:14:00,15.85,5.38,21.23,8,8,21,21,11,11,,,,,,7,3.2,3.5,0,,,,,,6522
192,7,11,260177.9,11/7/20,16.4,13.62,13.75,11.1,,,100,93.8,86.5,73,15.5,12.6,13.1,10.7,21,8.17,11,1,30,12,101.94,101.88,101.87,101.8,101.71,101.65,101.64,101.57,48300,41587.5,36200,24100,1.4,1.2,1.2,1,4.2,0,8.8,6.8,3.8,0.8,0.8,0,0,5:24:00,21:14:00,15.83,5.4,21.23,3,7,18,18,11,11,,,,,,8,6.8,5,2,,,,,,3412.5
193,7,12,237674.1,12/7/20,20.9,16,14.85,8.8,,,100,69.8,73,46,13.1,9.9,10.3,7.6,17,9.92,9,1,,,102.03,101.97,101.96,101.89,101.8,101.74,101.73,101.66,48300,43937.5,36200,24100,1.6,1.4,1.3,1,3.1,0,9.8,7.8,4.8,0,0,0,0,5:25:00,21:13:00,15.8,5.42,21.22,7,7,21,21,11,11,,,,,,7,3,4,1,,,,,,3332.5
194,7,13,260238.82,13/7/20,22,16.8,15.6,9.2,,,100,65.8,71.5,43,11.8,9.9,10,8.2,18,11.04,9.5,1,41,14,102.12,102.02,102.01,101.89,101.89,101.79,101.78,101.66,48300,38900,36200,24100,1.9,1.4,1.4,1,2.4,0,10.6,8.6,5.6,0,0,0,0,5:26:00,21:12:00,15.77,5.43,21.2,8,8,21,22,10,11,,,,,,7,2.4,3.5,0,,,,,,6193
195,7,14,267337.87,14/7/20,22.6,17.16,16.6,10.6,25,,100,71.5,73,46,13.3,11.5,11.5,9.7,17,9.96,9,1,,,102.22,102.07,102.08,101.94,101.99,101.84,101.85,101.71,48300,42925,36200,24100,2.2,1.6,1.6,1,1.4,0,11.6,9.6,6.6,0,0,0,0,5:27:00,21:12:00,15.75,5.45,21.2,8,9,22,22,12,12,,,,,,8,3.2,4,0,,,,,,6363.5
196,7,15,270593.6,15/7/20,23.1,17.34,17.2,11.3,25,,100,75.2,73.5,47,13.8,12.5,12.3,10.9,23,8.96,12,1,29,13,102.08,101.92,101.88,101.67,101.85,101.69,101.64,101.44,48300,42925,36200,24100,1.6,1.2,1.3,1,0.8,0,12.2,10.2,7.2,0,0,0,0,5:28:00,21:11:00,15.72,5.47,21.18,9,9,24,24,12,12,,,,,,4,2.2,2,0,,,,,,6306.5
197,7,16,286317.78,16/7/20,26.5,18.28,19.35,12.2,29,,100,77.6,74,48,15.3,13.8,14.1,12.9,28,12.58,15,2,39,27,101.66,101.52,101.54,101.41,101.43,101.29,101.31,101.18,48300,43262.5,36200,24100,1,1,1,1,0,1.4,14.3,12.3,9.3,0,0,0,0,5:29:00,21:10:00,15.68,5.48,21.17,7,9,24,24,13,13,,,,,,8,4.9,4.5,1,,,,,,6039.5
198,7,17,286218.71,17/7/20,21.8,18.21,18,14.2,,,83,63.3,66,49,13,11,10.9,8.8,22,14.08,12.5,3,32,28,102.15,101.81,101.81,101.47,101.92,101.58,101.58,101.24,48300,43604.2,40250,32200,1.6,1.2,1.3,1,0,0,13,11,8,0,0,0,0,5:31:00,21:09:00,15.63,5.52,21.15,8,8,21,21,12,12,,,,,,8,4,4,0,,,,,,5833
199,7,18,250607.77,18/7/20,24.4,18.16,17.89,11.4,26,,100,71.2,75,50,14.3,12.5,13,11.7,16,9.54,8.5,1,,,102.36,102.19,102.15,101.95,102.13,101.96,101.92,101.72,48300,45616.7,40250,32200,1.8,1.2,1.4,1,0.1,0,12.9,10.9,7.9,0,0,0,0,5:32:00,21:08:00,15.6,5.53,21.13,9,9,22,22,14,14,,,,,,2,0.8,1,0,,,,,,3686.5
200,7,19,228130.64,19/7/20,26.2,19.08,19.2,12.2,29,,100,73.7,74.5,49,14.4,13.7,13.5,12.6,21,8.67,11,1,,,102.03,101.87,101.85,101.67,101.8,101.64,101.62,101.44,48300,46283.3,36200,24100,1.5,1.1,1.2,1,0,1.2,14.2,12.2,9.2,0,0,0,0,5:33:00,21:07:00,15.57,5.55,21.12,9,9,25,25,13,13,,,,,,8,3.3,4,0,,,,,,3035.5
201,7,20,265788.82,20/7/20,27.5,20.31,20.7,13.9,31,,100,71.9,73,46,16.9,14.5,14.8,12.8,17,8.17,9,1,,,101.81,101.58,101.52,101.24,101.58,101.35,101.3,101.01,48300,42587.5,36200,24100,1.9,1.4,1.5,1.1,0,2.7,15.7,13.7,10.7,0,0,0,0,5:34:00,21:06:00,15.53,5.57,21.1,8,9,26,26,13,13,,,,,,2,1.1,1,0,,,,,,5259.5
202,7,21,280172.21,21/7/20,23.1,18.24,18.14,13.2,26,,100,76.6,78,56,15.4,13.8,14.1,12.8,18,9.96,10,2,,,101.31,101.11,101.07,100.84,101.08,100.88,100.85,100.61,48300,42250,36200,24100,2,1.1,1.5,1,0,0.1,13.1,11.1,8.1,0,0,0,0,5:35:00,21:05:00,15.5,5.58,21.08,9,9,24,24,14,14,,,,,,5,2.2,3,1,,,,,,5568.5
203,7,22,277332.21,22/7/20,22,17.67,17.89,13.8,,,99,79.2,79,59,16.1,13.9,14.2,12.2,18,10.08,10.5,3,,,101.1,101.01,100.99,100.87,100.87,100.78,100.76,100.64,48300,42587.5,36200,24100,1.3,1.1,1.1,1,0.1,0,12.9,10.9,7.9,0,0,0,0,5:36:00,21:04:00,15.47,5.6,21.07,8,8,23,23,14,14,,,,,,7,3.9,3.5,0,,,,,,5255.5
204,7,23,284952.73,23/7/20,21.5,16.9,17.5,13.5,,,100,73.8,75,50,15.1,11.8,11.6,8,30,12.58,15.5,1,42,27,101.52,101.36,101.32,101.13,101.29,101.14,101.1,100.9,48300,42254.2,36200,24100,1.3,1.1,1.1,1,0.5,0,12.5,10.5,7.5,0,0,0,0,5:37:00,21:03:00,15.43,5.62,21.05,7,8,24,24,13,13,,,,,,8,5.9,5,2,,,,,,5211.5
205,7,24,267645.4,24/7/20,21.8,17.58,17.85,13.9,,,71,58.4,58.5,46,10.3,9.3,9.2,8,22,12.46,12.5,3,,,101.93,101.7,101.71,101.48,101.7,101.47,101.47,101.25,48300,42262.5,40250,32200,2,1.3,1.5,1,0.1,0,12.8,10.8,7.8,0,0,0,0,5:39:00,21:01:00,15.37,5.65,21.02,6,7,20,20,12,12,,,,,,8,5.1,4,0,,,,,,5445.5
206,7,25,256834.44,25/7/20,23.1,17.5,17.5,11.9,,,84,61.8,62,40,10.6,9.7,9.4,8.2,19,10.71,10.5,2,,,102.21,102.08,102.08,101.96,101.98,101.85,101.86,101.73,48300,44275,40250,32200,2.1,1.4,1.6,1,0.5,0,12.5,10.5,7.5,0,0,0,0,5:40:00,21:00:00,15.33,5.67,21,8,8,23,23,13,13,,,,,,1,0.2,0.5,0,,,,,,3606.5
207,7,26,246029.11,26/7/20,28.4,20.56,20.35,12.3,30,,90,58.1,62,34,12.4,11.2,11.2,10.1,15,7.62,8,1,,,102.11,101.83,101.76,101.41,101.88,101.6,101.53,101.18,48300,43937.5,36200,24100,2,1.5,1.6,1.1,0,2.4,15.3,13.3,10.3,0,0,0,0,5:41:00,20:59:00,15.3,5.68,20.98,8,8,27,27,15,15,,,,,,1,0.2,0.5,0,,,,,,2936.5
208,7,27,265142.66,27/7/20,28.5,21.03,21.7,14.9,30,,77,58.4,58,39,13.9,12.2,12.5,11.1,15,7.75,8,1,,,101.4,101.19,101.14,100.88,101.17,100.96,100.91,100.65,48300,42250,36200,24100,2.8,2.1,2,1.1,0,3.7,16.7,14.7,11.7,0,0,0,0,5:42:00,20:58:00,15.27,5.7,20.97,8,8,28,28,14,14,,,,,,3,1,1.5,0,,,,,,4692.5
209,7,28,265440.79,28/7/20,24.7,18.18,18.75,12.8,,,88,61,59,30,12,10,8.8,5.6,17,7.54,9,1,,,101.34,101.2,101.16,100.99,101.11,100.97,100.94,100.76,48300,42587.5,36200,24100,2,1.5,1.5,1,0,0.8,13.8,11.8,8.8,0,0,0,,5:44:00,20:56:00,15.2,5.73,20.93,8,8,24,24,12,13,,,,,,6,2.4,3,0,,,,,,5453
210,7,29,261095.47,29/7/20,25.1,17.88,18.35,11.6,26,,85,62.2,62,39,11.5,10.2,10,8.5,13,6.96,7,1,,,101.49,101.37,101.35,101.21,101.26,101.14,101.12,100.98,48300,42925,36200,24100,2.7,1.7,1.9,1.1,0,0.4,13.3,11.3,8.3,0,0,0,0,5:45:00,20:55:00,15.17,5.75,20.92,8,8,25,26,14,14,,,,,,2,0.5,1,0,,,,,,5640
211,7,30,265167.28,30/7/20,29,21.79,21,13,32,,88,53.8,60,32,12.2,11.2,10.5,8.8,15,7.04,8.5,2,,,101.62,101.4,101.38,101.13,101.39,101.17,101.14,100.9,48300,42343.5,36200,24100,3.9,2.4,2.6,1.3,0,3,16,14,11,0,0,0,0,5:46:00,20:54:00,15.13,5.77,20.9,8,8,29,29,15,15,,,,,,6,0.6,3,0,,,,,,5671.5
212,7,31,264211.5,31/7/20,26.5,18.91,20.2,13.9,27,,77,59.3,58,39,11.8,10.5,10.2,8.7,16,9.92,9.5,3,,,101.68,101.38,101.41,101.14,101.45,101.14,101.18,100.91,48300,44275,40250,32200,2.3,1.3,1.6,1,0,2.2,15.2,13.2,10.2,0,0,0,0,5:48:00,20:52:00,15.07,5.8,20.87,7,7,27,27,14,14,,,,,,8,5.6,4,0,,,,,,5551
213,8,1,217958.53,1/8/20,19.9,16.92,16.95,14,,,81,71.7,71.5,62,12.6,11.7,11.8,10.9,25,12.29,13.5,2,32,15,101.99,101.82,101.84,101.7,101.76,101.59,101.62,101.47,48300,48300,48300,48300,1,1,1,1,1.1,0,11.9,9.9,7,0,0,0,,5:49:00,20:51:00,15.03,5.82,20.85,8,8,24,24,14,14,,,,,,5,2.5,2.5,0,,,,,,3589
214,8,2,219870.67,2/8/20,22.8,17.2,17,11.2,,,97,71.5,72.5,48,14.1,11.7,12,9.9,22,8.58,11.5,1,39,14,101.86,101.77,101.78,101.71,101.63,101.54,101.56,101.48,48300,45950,36200,24100,1.4,1.2,1.2,1,1,0,12,10,7,0,0,0,,5:50:00,20:49:00,14.98,5.83,20.82,7,8,23,23,15,15,,,,,,8,5,4,0,,,,,,2188.5
215,8,3,255860.71,3/8/20,23.4,18.37,19.29,15.2,26,,84,71.5,70.5,57,14,13.1,12.9,11.8,23,10.58,13,3,33,12,102.14,102.03,102,101.86,101.91,101.8,101.77,101.63,48300,35216.7,36200,24100,1.4,1.1,1.2,1,0,1.3,14.3,12.3,9.3,0,0,0,,5:51:00,20:48:00,14.95,5.85,20.8,7,7,24,25,13,13,,,,,,8,5.1,4,0,,,,,,4040.5
216,8,4,280084.29,4/8/20,26,19.39,19.55,13.1,29,,97,68.3,73,49,14.7,13.2,12.5,10.3,13,7.67,7.5,2,,,101.99,101.77,101.68,101.37,101.76,101.54,101.45,101.14,48300,39912.5,36200,24100,2,1.3,1.5,1,0,1.6,14.6,12.6,9.6,0,0,0,0,5:53:00,20:46:00,14.88,5.88,20.77,8,8,24,24,14,14,,,,,,2,0.6,1,0,,,,,,3899
217,8,5,280410.59,5/8/20,25.3,18.51,18.8,12.3,27,,84,62.9,62.5,41,12.4,11.1,11.2,9.9,28,11.42,15,2,39,29,101.37,101.17,101.12,100.86,101.14,100.94,100.88,100.63,48300,42591.7,36200,24100,2,1.2,1.5,1,0,0.8,13.8,11.8,8.8,0,0,0,0,5:54:00,20:45:00,14.85,5.9,20.75,8,8,23,23,14,14,,,,,,8,2.5,4,0,,,,,,4315.5
218,8,6,281670.35,6/8/20,22.7,18.3,18.6,14.5,,,98,60.8,68,38,15.1,10,10.8,6.4,31,19.08,18,5,46,23,101.74,101.23,101.31,100.88,101.51,101,101.08,100.65,48300,37091.7,28200,8100,2,1.4,1.5,1,0,0.6,13.6,11.6,8.6,6.8,6.8,0,0,5:55:00,20:43:00,14.8,5.92,20.72,6,7,20,21,13,13,,,,,,8,5.6,5.5,3,,,,,,3836
219,8,7,288125.22,7/8/20,19.1,15.43,15.45,11.8,,,98,74.2,76.5,55,13.8,10.7,11.1,8.3,24,10.58,12.5,1,33,14,102.17,102.06,101.99,101.8,101.94,101.83,101.76,101.57,48300,37350,33800,19300,1.8,1.4,1.4,1.1,2.5,0,10.4,8.4,5.5,3.9,3.9,0,0,5:57:00,20:42:00,14.75,5.95,20.7,8,8,20,20,13,13,,,,,,8,5.8,4.5,1,,,,,,3330.5
220,8,8,242238.53,8/8/20,21,15.94,16.5,12,,,99,76.2,74,49,13.8,11.4,11.3,8.8,13,7.5,7.5,2,,,102.37,102.22,102.21,102.05,102.14,101.99,101.98,101.82,48300,39375,32200,16100,1.7,1.3,1.4,1,1.5,0,11.5,9.5,6.5,0,0,0,0,5:58:00,20:40:00,14.7,5.97,20.67,7,7,20,20,11,12,,,,,,8,5.8,5,2,,,,,,1603.5
221,8,9,222331.91,9/8/20,22.7,16.96,16.45,10.2,,,97,67.1,70.5,44,11.9,10.3,10.5,9.1,16,7.92,8.5,1,,,102.61,102.45,102.42,102.22,102.38,102.22,102.18,101.99,48300,42258.3,36200,24100,1.9,1.4,1.4,1,1.6,0,11.4,9.4,6.5,0,0,0,0,6:00:00,20:38:00,14.63,6,20.63,7,8,21,21,12,13,,,,,,4,0.6,2,0,,,,,,1786
222,8,10,251919.5,10/8/20,22.7,17.22,17.25,11.8,25,,94,70.9,72,50,13.1,11.6,11.7,10.3,18,8.12,10,2,,,102.19,101.85,101.82,101.44,101.96,101.62,101.58,101.21,48300,36212.5,36200,24100,2,1.4,1.6,1.1,0.8,0,12.2,10.2,7.2,0,0,0,0,6:01:00,20:37:00,14.6,6.02,20.62,8,8,22,22,12,12,,,,,,8,2.6,4,0,,,,,,3862
223,8,11,260282.45,11/8/20,19.7,15.53,15.55,11.4,,,98,73.2,71,44,13.1,10.4,8.8,4.4,23,10.08,12.5,2,33,15,101.44,101.31,101.28,101.13,101.21,101.08,101.06,100.9,48300,34533.3,36200,24100,2,1.5,1.5,1,2.5,0,10.6,8.6,5.5,0,0,0,0,6:02:00,20:35:00,14.55,6.03,20.58,7,7,21,21,13,13,,,,,,8,4.6,4,0,,,,,,4066.5
224,8,12,255890.62,12/8/20,19.3,15.12,14.75,10.2,,,79,63.8,64,49,9.6,8.2,8,6.3,26,12.58,13.5,1,39,13,101.86,101.68,101.6,101.34,101.63,101.45,101.37,101.11,48300,32183.3,36200,24100,2.2,1.8,1.8,1.5,3.2,0,9.8,7.8,4.8,0,0,0,0,6:04:00,20:33:00,14.48,6.07,20.55,7,7,20,20,11,11,,,,,,8,3.6,4.5,1,,,,,,3848.5
225,8,13,243828.88,13/8/20,20.6,15.28,14.9,9.2,,,80,63.8,64,48,10.3,8.3,8.3,6.3,21,11.88,11,1,32,15,102.17,102.03,102.02,101.88,101.94,101.8,101.8,101.65,48300,41583.3,36200,24100,2.8,2.3,2.4,2,3.1,0,9.9,7.9,4.9,0,0,0,0,6:05:00,20:31:00,14.43,6.08,20.52,7,7,21,21,11,11,,,,,,7,2.1,3.5,0,,,,,,4107
226,8,14,249280.18,14/8/20,23.7,17.43,17.39,11.1,,,84,63.2,61,38,11.3,10,9.6,7.9,17,9.75,11,5,,,102.36,102.22,102.19,102.03,102.13,101.98,101.97,101.8,48300,42933.3,40250,32200,3.1,2.2,2.2,1.3,0.6,0,12.4,10.4,7.4,0,0,0,0,6:06:00,20:30:00,14.4,6.1,20.5,8,8,21,21,12,12,,,,,,1,0.4,0.5,0,,,,,,3885
227,8,15,227510.36,15/8/20,26.9,20.04,19.5,12.1,30,,90,64.1,66,42,14.4,12.6,12.3,10.2,16,7.88,9,2,,,102.07,101.67,101.63,101.2,101.84,101.44,101.4,100.97,48300,44945.8,40250,32200,2.5,1.6,1.8,1.1,0,1.5,14.5,12.5,9.5,0,0,0,0,6:08:00,20:28:00,14.33,6.13,20.47,8,8,26,26,14,14,,,,,,0,0,0,0,,,,,,2441.5
228,8,16,222069.49,16/8/20,29.4,22.02,21.95,14.5,32,,83,58.1,60,37,14.9,12.8,13.2,11.6,17,9.04,9,1,,,101.3,101.18,101.18,101.05,101.07,100.95,100.94,100.82,48300,45275,36200,24100,3.2,2.2,2.2,1.3,0,4,16.9,14.9,11.9,0,0,0,0,6:09:00,20:26:00,14.28,6.15,20.43,8,8,28,28,14,14,,,,,,8,2.4,4,0,,,,,,1843.5
229,8,17,243041.14,17/8/20,24.7,19.99,19.89,15.1,27,,79,64.3,64,49,13.9,12.9,12.9,12,24,9.17,12.5,1,35,13,101.76,101.57,101.53,101.29,101.53,101.34,101.29,101.06,48300,37887.5,36200,24100,3,1.9,2,1,0,1.9,14.9,12.9,9.9,0,0,0,0,6:10:00,20:24:00,14.23,6.17,20.4,7,8,26,26,14,14,,,,,,4,1.7,2,0,,,,,,4075.5
230,8,18,238643.71,18/8/20,25.8,18.53,19.45,13.1,27,,92,69.7,70,48,13.3,12.6,12.4,11.6,25,11.71,14,3,32,29,101.95,101.74,101.76,101.57,101.72,101.51,101.53,101.34,48300,41241.7,36200,24100,1.5,1.2,1.2,1,0,1.4,14.4,12.4,9.4,0,0,0,0,6:12:00,20:22:00,14.17,6.2,20.37,7,7,27,27,14,14,,,,,,6,2.1,3,0,,,,,,4301.5
231,8,19,259769.5,19/8/20,21.4,16.15,16.5,11.6,,,96,78.7,79.5,63,14,12.4,12.6,11.1,15,8.88,8.5,2,,,101.61,101.4,101.36,101.1,101.38,101.17,101.12,100.87,48300,39900,36200,24100,2,1.1,1.5,1,1.5,0,11.5,9.5,6.5,0,0,0,0,6:13:00,20:21:00,14.13,6.22,20.35,7,7,23,23,15,15,,,,,,8,6.2,4,0,,,,,,4256
232,8,20,246981.71,20/8/20,21.4,16.73,17.04,12.7,25,,100,91.4,85,70,17.9,15.2,15.2,12.5,16,7.17,8.5,1,,,101.22,101.01,100.96,100.69,100.99,100.78,100.72,100.46,48300,28825,29000,9700,1.2,1,1.1,1,1,0,12,10,7,4.8,4.8,0,0,6:15:00,20:19:00,14.07,6.25,20.32,3,3,19,19,15,15,,,,,,8,7.6,7.5,7,,,,,,4566
233,8,21,251414.08,21/8/20,22.9,16.71,18,13.1,25,,100,84.2,77,54,17.2,13.7,14.1,10.9,27,13.17,14.5,2,41,23,101.45,100.88,101,100.55,101.22,100.65,100.77,100.32,32200,18325,16300,400,2,1.3,1.5,1,0,0,13,11,8,2.5,2.5,0,0,6:16:00,20:17:00,14.02,6.27,20.28,3,3,19,19,11,15,,,,,,8,6.9,5,2,,,,,,4193
234,8,22,254262.74,22/8/20,21.9,16.81,17.04,12.2,,,81,62.2,61,41,10.6,9.2,8.9,7.2,22,11.17,12,2,,,102.07,101.88,101.81,101.54,101.84,101.65,101.57,101.31,48300,42262.5,40250,32200,1.8,1.5,1.6,1.3,1,0,12,10,7,0,0,0,0,6:17:00,20:15:00,13.97,6.28,20.25,7,7,21,21,11,11,,,,,,8,2.8,4,0,,,,,,2189.5
235,8,23,234250.13,23/8/20,21.6,16.43,16.2,10.8,,,96,68.6,73,50,11.3,10.3,10.2,9,15,7.54,8,1,,,101.75,101.6,101.58,101.41,101.52,101.37,101.35,101.18,48300,41250,36200,24100,2,1.5,1.5,1,1.8,0,11.2,9.2,6.2,0,0,0,0,6:19:00,20:13:00,13.9,6.32,20.22,7,7,21,21,12,12,,,,,,8,5.9,5.5,3,,,,,,1371.5
236,8,24,269969.58,24/8/20,21.8,16.35,17.2,12.6,,,97,69,71,45,12.5,10.3,10.8,9.1,14,7.17,7.5,1,,,101.59,101.5,101.5,101.41,101.36,101.27,101.27,101.18,48300,33191.7,36200,24100,2,1.5,1.5,1,0.8,0,12.2,10.2,7.2,0,0,0,0,6:20:00,20:11:00,13.85,6.33,20.18,6,6,20,20,11,11,,,,,,8,4.3,4,0,,,,,,4365.5
237,8,25,276875.71,25/8/20,20.9,15.6,15.75,10.6,,,97,74,75.5,54,11.4,10.7,10.6,9.7,15,7.75,9,3,,,101.62,101.52,101.53,101.44,101.39,101.29,101.3,101.21,48300,35541.7,36200,24100,2,1.6,1.5,1,2.2,0,10.8,8.8,5.8,0,0,0,,6:22:00,20:09:00,13.78,6.37,20.15,6,7,21,21,11,11,,,,,,6,1.7,3.5,1,,,,,,4629
238,8,26,258644.62,26/8/20,22.7,16.05,16.14,9.6,,,95,69.1,70,45,11,9.9,10.2,9.3,14,6.79,7.5,1,,,101.72,101.57,101.57,101.42,101.49,101.34,101.34,101.19,48300,40908.3,36200,24100,2.2,1.5,1.6,1,1.9,0,11.1,9.1,6.1,0,0,0,0,6:23:00,20:07:00,13.73,6.38,20.12,7,7,21,21,11,11,,,,,,8,2.9,4,0,,,,,,4584.5
239,8,27,238088.85,27/8/20,21.3,15.4,15.75,10.2,,,100,74.8,74.5,49,11.9,10.7,10.6,9.2,18,7.42,9.5,1,,,101.74,101.63,101.61,101.49,101.51,101.4,101.39,101.26,48300,40912.5,36200,24100,1.9,1.3,1.4,1,2.2,0,10.8,8.8,5.8,0,0,0,0,6:24:00,20:05:00,13.68,6.4,20.08,7,7,21,21,11,11,,,,,,2,1,1,0,,,,,,3624
240,8,28,237618.16,28/8/20,21.2,15.88,15.45,9.7,,,99,75.5,75.5,52,12.1,11.2,11.3,10.5,15,6.17,8,1,,,101.78,101.63,101.63,101.49,101.55,101.4,101.41,101.26,48300,42933.3,40250,32200,2,1.2,1.5,1,2.5,0,10.4,8.4,5.5,0,0,0,0,6:26:00,20:03:00,13.62,6.43,20.05,7,8,21,21,10,10,,,,,,3,1,1.5,0,,,,,,4955.5
241,8,29,200333.77,29/8/20,19.6,14.93,15.2,10.8,,,98,77.2,75.5,53,12.9,10.7,10.7,8.5,21,9.5,11.5,2,,,101.86,101.67,101.68,101.5,101.63,101.44,101.45,101.27,48300,44608.3,36200,24100,1.9,1.3,1.4,1,2.8,0,10.2,8.2,5.2,0,0,0,0,6:27:00,20:01:00,13.57,6.45,20.02,6,7,19,19,10,10,,,,,,8,4.5,4,0,,,,,,2704
242,8,30,197834.35,30/8/20,19,13.6,13.35,7.7,,,100,77.8,78.5,57,12.6,9.5,10.2,7.7,21,9.67,11.5,2,,,102.24,102,101.99,101.74,102,101.77,101.76,101.51,48300,41916.7,36200,24100,2,1.5,1.5,1,4.7,0,8.3,6.3,3.4,1.8,1.8,0,0,6:29:00,19:59:00,13.5,6.48,19.98,7,7,18,18,12,12,,,,,,8,4.7,4,0,,,,,,2080.5
243,8,31,243210.79,31/8/20,18.6,15.18,15.45,12.3,,,95,76.6,78.5,62,11.8,11,10.8,9.8,16,7.75,8.5,1,,,102.15,101.99,101.94,101.73,101.92,101.76,101.71,101.5,48300,33195.8,36200,24100,1.8,1.5,1.4,1.1,2.5,0,10.4,8.4,5.5,0,0,0,0,6:30:00,19:57:00,13.45,6.5,19.95,5,7,20,20,11,11,,,,,,8,6.2,4.5,1,,,,,,4375.5
244,9,1,233977.33,1/9/20,21.4,16.07,16.1,10.8,,,99,75.2,77,55,12.2,11.4,11.3,10.5,15,6.92,8,1,,,102.22,102.08,102.03,101.84,101.99,101.85,101.8,101.61,48300,41591.7,40250,32200,1.8,1.4,1.4,1,1.9,0,11.1,9.1,6.1,0,0,0,0,6:31:00,19:55:00,13.4,6.52,19.92,7,7,21,21,12,12,,,,,,7,1.8,4,1,,,,,,5088.5
245,9,2,227095.34,2/9/20,22.1,16.15,16.39,10.7,25,,100,79.2,79,58,13.4,12.3,11.9,10.4,15,7.83,8,1,,,102.05,101.88,101.87,101.69,101.82,101.65,101.64,101.46,48300,42933.3,40250,32200,1.6,1.2,1.3,1,1.6,0,11.4,9.4,6.4,0,0,0,0,6:33:00,19:53:00,13.33,6.55,19.88,7,7,21,21,11,15,,,,,,8,2.5,4.5,1,,,,,,4715.5
246,9,3,218654.92,3/9/20,24,17.65,17.6,11.2,25,,98,69.6,70.5,43,13.1,11.5,11.6,10.1,15,6.71,8,1,,,102.2,102,101.97,101.75,101.97,101.77,101.74,101.52,48300,42262.5,40250,32200,2,1.4,1.5,1,0.4,0,12.6,10.6,7.6,0,0,0,0,6:34:00,19:51:00,13.28,6.57,19.85,7,7,23,24,12,13,,,,,,6,1.7,3,0,,,,,,5028.5
247,9,4,229731.29,4/9/20,25.5,18.64,20,14.5,28,,98,70.8,72.5,47,14,12.8,12.7,11.4,14,7.87,8,2,,,101.71,101.55,101.52,101.34,101.48,101.32,101.3,101.11,48300,42700,40250,32200,2,1.5,1.5,1,0,2,15,13,10,0,0,0,0,6:35:00,19:49:00,13.23,6.58,19.82,7,7,24,24,13,13,,,,,,7,2.7,3.5,0,,,,,,5276.5
248,9,5,211068.02,5/9/20,20.2,16.29,16.25,12.3,,,95,74.6,76.5,58,12.8,11.7,11.8,10.9,21,11.71,11,1,32,15,102.45,102.2,102.06,101.67,102.22,101.97,101.83,101.44,48300,42262.5,40250,32200,2.6,2.2,2,1.5,1.8,0,11.2,9.2,6.2,0,0,0,0,6:37:00,19:47:00,13.17,6.62,19.78,6,6,21,21,12,12,,,,,,5,1.5,2.5,0,,,,,,3160
249,9,6,191730.28,6/9/20,22.2,16.72,16.5,10.8,25,,100,76.8,78,56,13.4,12.3,11.8,10.1,16,7.46,8.5,1,,,102.6,102.38,102.33,102.06,102.36,102.15,102.1,101.83,48300,39237.5,32200,16100,2.4,1.8,1.7,1,1.5,0,11.5,9.5,6.5,0,0,0,0,6:38:00,19:45:00,13.12,6.63,19.75,7,7,22,23,12,12,,,,,,5,1.8,2.5,0,,,,,,2534
250,9,7,199556.4,7/9/20,27.8,20.33,20.2,12.6,26,,95,52.6,58,21,13.1,8.4,8.2,3.3,28,11.62,15,2,42,2,102.57,102.3,102.31,102.06,102.34,102.07,102.08,101.83,48300,39562.5,36200,24100,2.1,1.6,1.6,1,0,2.2,15.2,13.2,10.2,0,0,0,0,6:40:00,19:43:00,13.05,6.67,19.72,7,7,26,26,12,12,,,,,,8,4.3,4,0,,,,,,5151.5
251,9,8,224842.18,8/9/20,26.9,18.57,18.35,9.8,,,68,38,42,16,7.2,2.3,1.4,-4.5,18,7.62,9.5,1,,,102.75,102.4,102.34,101.93,102.52,102.17,102.11,101.7,32200,17975,20950,9700,11,5.7,6.3,1.6,0,0.4,13.3,11.3,8.3,0,0,0,,6:41:00,19:41:00,13,6.68,19.68,6,6,24,24,13,13,,,,,,8,2.9,4,0,,,,,,5147
252,9,9,224280.94,9/9/20,28.9,19.72,19.6,10.3,28,,70,46.6,47,24,8.9,6.9,6.9,4.9,13,7.79,8,3,,,101.93,101.7,101.67,101.41,101.7,101.47,101.44,101.18,48300,39562.5,36200,24100,4.6,2.9,3.4,2.1,0,1.6,14.6,12.6,9.6,0,0,0,0,6:42:00,19:39:00,12.95,6.7,19.65,6,6,27,27,13,13,,,,,,1,0.4,0.5,0,,,,,,5400
253,9,10,218656.67,10/9/20,29.1,20.57,20.7,12.3,30,,76,53.9,53,30,11.6,10.1,10.1,8.6,12,7.04,6.5,1,,,101.63,101.48,101.46,101.29,101.4,101.25,101.23,101.06,48300,37891.7,36200,24100,4.2,2.8,3,1.8,0,2.7,15.7,13.7,10.7,0,0,0,0,6:44:00,19:37:00,12.88,6.73,19.62,7,7,26,29,13,13,,,,,,1,0.5,0.5,0,,,,,,5540.5
254,9,11,213286.1,11/9/20,20.8,16,17.14,13.5,,,96,73.8,74,52,12.3,11.2,11.1,9.8,18,7.65,9.5,1,33,12,101.72,101.55,101.57,101.42,101.49,101.32,101.34,101.19,32200,11482.6,17100,2000,11,9.4,7,3.1,0.9,0,12.1,10.1,7.1,0,0,0,0,6:45:00,19:34:00,12.82,6.75,19.57,6,6,23,23,12,12,,,,,,4,1.4,2,0,,,,,,5591
255,9,12,223289.2,12/9/20,14.8,12.84,12.5,10.2,,,100,93.2,89.5,79,13.1,11.7,11.3,9.6,15,7.26,8,1,,,101.65,101.51,101.51,101.36,101.42,101.28,101.27,101.13,4000,2226.1,2600,1200,11,11,11,11,5.5,0,7.5,5.5,2.5,0,0,0,,6:47:00,19:32:00,12.75,6.78,19.53,6,6,20,20,11,11,,,,,,2,0.2,1,0,,,,,,2216
256,9,13,192451.82,13/9/20,14.8,12.56,12.5,10.2,,,100,92.8,88.5,77,12.1,11.4,11.2,10.3,15,6.54,8.5,2,,,101.41,101.34,101.3,101.19,101.18,101.11,101.07,100.96,2000,1491.7,1500,1000,11,11,11,11,5.5,0,7.5,5.5,2.5,0,0,0,,6:48:00,19:30:00,12.7,6.8,19.5,5,6,16,16,12,12,,,,,,5,4.1,3.5,2,,,,,,2284.5
257,9,14,214393.22,14/9/20,17.9,14.15,14,10.1,,,100,90.7,84,68,15,12.5,12.8,10.5,9,5.25,5,1,,,101.66,101.48,101.52,101.38,101.43,101.25,101.29,101.15,2800,1675,1500,200,11,11,11,11,4,0,9,7,4,2.4,2.4,0,0,6:49:00,19:28:00,12.65,6.82,19.47,4,5,15,15,11,11,,,,,,7,2.9,4,1,,,,,,5092
258,9,15,226017.54,15/9/20,24,17.85,18.55,13.1,26,,100,82.2,75,50,16.6,14.4,14.4,12.2,10,6,6,2,,,102.02,101.85,101.85,101.68,101.79,101.62,101.62,101.45,3200,2216.7,2200,1200,11,11,11,11,0,0.6,13.6,11.6,8.6,1.7,1.7,0,0,6:51:00,19:26:00,12.58,6.85,19.43,5,5,18,18,12,12,,,,,,6,2.8,3.5,1,,,,,,5398.5
259,9,16,221615.44,16/9/20,22.9,16.9,18.2,13.5,26,,100,87.8,81,62,15.8,14.7,14.3,12.9,12,7.46,7.5,3,,,101.89,101.67,101.69,101.48,101.66,101.44,101.46,101.25,6400,4333.3,3800,1200,11,7.8,8,5,0,0.2,13.2,11.2,8.2,0,0,0,0,6:52:00,19:24:00,12.53,6.87,19.4,6,6,23,24,12,13,,,,,,5,3,2.5,0,,,,,,5852
260,9,17,231286.88,17/9/20,22.1,16,17.14,12.2,26,,100,91.5,84.5,69,16.1,14.5,14.1,12.1,13,5.96,7,1,,,101.73,101.51,101.49,101.25,101.5,101.28,101.26,101.02,8100,3929.2,4550,1000,9,5.7,5.5,2.1,0.9,0,12.1,10.1,7.1,0,0,0,0,6:54:00,19:22:00,12.47,6.9,19.37,5,6,23,23,11,11,,,,,,6,4,3,0,,,,,,5174
261,9,18,224671.4,18/9/20,16.6,12.88,13.95,11.3,,,100,96.8,91.5,83,14,12.4,12.6,11.2,16,6.29,8.5,1,,,101.34,101.25,101.26,101.18,101.11,101.02,101.03,100.95,9700,5687.5,5050,400,2,1.6,1.6,1.2,4,0,8.9,7,4,3.6,3.6,0,0,6:55:00,19:20:00,12.42,6.92,19.33,3,3,17,17,11,14,,,,,,7,5.8,5.5,4,,,,,,5480
262,9,19,186768,19/9/20,21.3,15.59,15.9,10.5,,,100,80.9,76,52,14.6,12.1,12.5,10.4,21,8.17,11.5,2,,,101.79,101.56,101.54,101.29,101.56,101.33,101.31,101.06,48300,35412.5,29000,9700,2,1.8,1.8,1.6,2.1,0,10.9,8.9,5.9,0,0,0,0,6:56:00,19:18:00,12.37,6.93,19.3,4,5,19,20,12,12,,,,,,8,5.2,4,0,,,,,,4213
263,9,20,173782.46,20/9/20,18.1,13.81,13.3,8.5,,,100,84.4,84.5,69,12.4,11.1,10.8,9.2,21,10.42,11,1,32,14,101.89,101.73,101.69,101.5,101.66,101.5,101.47,101.27,48300,40241.7,36200,24100,1.9,1.6,1.6,1.3,4.7,0,8.3,6.3,3.3,0,0,0,0,6:58:00,19:15:00,12.28,6.97,19.25,5,5,18,19,11,11,,,,,,7,2.4,3.5,0,,,,,,3451
264,9,21,201955.9,21/9/20,19,13.51,14.25,9.5,,,100,87.4,82.5,65,14.4,11.3,11.7,9,18,7.88,9.5,1,,,101.51,101.44,101.44,101.38,101.28,101.21,101.22,101.15,48300,29966.7,33800,19300,1.7,1.3,1.4,1,3.8,0,9.2,7.2,4.2,1.2,1.2,0,0,6:59:00,19:13:00,12.23,6.98,19.22,3,3,17,17,11,11,,,,,,8,6.2,4.5,1,,,,,,5023
265,9,22,206401.28,22/9/20,18.2,14.28,13.55,8.9,,,100,81.8,83,66,14,11.1,11.7,9.3,29,9.75,14.5,0,37,14,101.62,101.47,101.36,101.09,101.39,101.24,101.12,100.86,48300,33187.5,36200,24100,3,1.6,2,1,4.5,0,8.6,6.5,3.5,0,0,0,0,7:00:00,19:11:00,12.18,7,19.18,5,5,17,17,12,12,,,,,,8,6,4.5,1,,,,,,6053.5
266,9,23,224824.89,23/9/20,16,13.74,14.15,12.3,,,100,91.2,84.5,69,14.4,12.3,12,9.6,26,13.5,14,2,48,20,101,100.54,100.58,100.15,100.77,100.31,100.34,99.92,24100,17433.3,16100,8100,1.9,1.4,1.5,1.1,3.8,0,9.2,7.2,4.2,23.9,23.9,0,0,7:02:00,19:09:00,12.12,7.03,19.15,1,1,16,16,12,12,,,,,,8,7.5,6.5,5,,,,,,5509
267,9,24,235071.43,24/9/20,19.7,13.93,15.8,11.9,,,100,90.9,81,62,14.3,12.4,12.6,10.8,25,16.58,14.5,4,41,17,101.31,101.03,100.94,100.58,101.08,100.8,100.72,100.35,48300,31108.3,30600,12900,1.9,1.7,1.6,1.4,2.2,0,10.8,8.8,5.8,6.9,6.9,0,0,7:03:00,19:07:00,12.07,7.05,19.12,2,3,14,17,11,12,,,,,,8,7,6,4,,,,,,5730
268,9,25,252709.36,25/9/20,18.5,14.19,15.05,11.6,,,100,77.7,71.5,43,13.4,9.8,9.3,5.3,42,16.79,23.5,5,61,25,101.34,100.65,100.74,100.14,101.11,100.42,100.51,99.91,48300,33795.8,29800,11300,2.1,1.6,1.6,1,3,0,10.1,8.1,5,19.5,19.5,0,0,7:05:00,19:05:00,12,7.08,19.08,2,4,16,16,10,10,,,,,,8,6.2,5.5,3,,,,,,4613.5
269,9,26,213389.93,26/9/20,14.4,12.13,11.7,9,,,99,89.8,85,71,13,10.4,10.4,7.8,20,10.62,11,2,,,102.46,101.9,101.93,101.4,102.22,101.67,101.69,101.17,48300,32262.5,29800,11300,1.9,1.4,1.4,1,6.3,0,6.7,4.7,1.7,10.5,10.5,0,0,7:06:00,19:03:00,11.95,7.1,19.05,2,3,16,16,9,9,,,,,,8,5.6,4.5,1,,,,,,3438.5
270,9,27,203406.98,27/9/20,17.4,12.41,12.35,7.3,,,100,85.5,83.5,67,11.6,9.9,9.7,7.8,13,7.38,8,3,,,103.27,103.06,102.91,102.55,103.03,102.82,102.67,102.31,48300,41579.2,36200,24100,1.8,1.4,1.4,1,5.7,0,7.3,5.3,2.4,0,0,0,0,7:08:00,19:01:00,11.88,7.13,19.02,4,4,18,18,8,8,,,,,,8,5.5,5,2,,,,,,3356
271,9,28,229302.28,28/9/20,19.3,13.73,13.8,8.3,,,100,80.9,77,54,11.1,10.2,9.8,8.6,12,7.42,7,2,,,103.11,102.7,102.69,102.26,102.87,102.47,102.45,102.03,48300,39566.7,36200,24100,1.9,1.4,1.4,1,4.2,0,8.8,6.8,3.8,0,0,0,0,7:09:00,18:59:00,11.83,7.15,18.98,5,5,20,20,10,10,,,,,,4,0.8,2,0,,,,,,5332
272,9,29,224152.92,29/9/20,22.8,15.62,16.7,10.6,25,,100,81.5,77.5,55,13.4,12.1,12.1,10.8,12,7.42,6.5,1,,,102.25,101.93,101.97,101.68,102.02,101.7,101.73,101.45,48300,42262.5,40250,32200,1.7,1.3,1.4,1,1.3,0,11.7,9.7,6.7,0,0,0,,7:10:00,18:57:00,11.78,7.17,18.95,5,5,23,23,10,10,,,,,,3,0.5,1.5,0,,,,,,6246.5
273,9,30,227240.42,30/9/20,22.2,15.22,16.25,10.3,25,,99,82.7,77.5,56,13.4,12,11.7,10,11,6.71,6.5,2,,,102.25,102.14,102.07,101.89,102.02,101.91,101.84,101.66,48300,39566.7,36200,24100,2,1.3,1.5,1,1.8,0,11.2,9.2,6.2,0,0,0,0,7:12:00,18:55:00,11.72,7.2,18.92,4,5,22,22,10,10,,,,,,7,3,3.5,0,,,,,,5297.5