REGION,SETTLEMENTDATE,TOTALDEMAND,RRP,PERIODTYPE
VIC1,01-01-2020 00:30,4185.32,64.76,TRADE
VIC1,01-01-2020 01:00,4057.68,63.36,TRADE
VIC1,01-01-2020 01:30,3954.85,65.21,TRADE
VIC1,01-01-2020 02:00,3792.25,64.45,TRADE
VIC1,01-01-2020 02:30,3689.33,63.23,TRADE
VIC1,01-01-2020 03:00,3602.61,61.91,TRADE
VIC1,01-01-2020 03:30,3550.62,61.18,TRADE
VIC1,01-01-2020 04:00,3504.19,58.32,TRADE
VIC1,01-01-2020 04:30,3491.36,53.75,TRADE
VIC1,01-01-2020 05:00,3483.63,51.03,TRADE
VIC1,01-01-2020 05:30,3497.77,53.33,TRADE
VIC1,01-01-2020 06:00,3511.44,50.61,TRADE
VIC1,01-01-2020 06:30,3540.62,41.15,TRADE
VIC1,01-01-2020 07:00,3514.43,33.37,TRADE
VIC1,01-01-2020 07:30,3423.34,38.07,TRADE
VIC1,01-01-2020 08:00,3396.71,35.05,TRADE
VIC1,01-01-2020 08:30,3357.29,29.24,TRADE
VIC1,01-01-2020 09:00,3301.41,6.08,TRADE
VIC1,01-01-2020 09:30,3245.13,20.97,TRADE
VIC1,01-01-2020 10:00,3169.12,11.15,TRADE
VIC1,01-01-2020 10:30,3146.34,19.22,TRADE
VIC1,01-01-2020 11:00,3095.2,27.23,TRADE
VIC1,01-01-2020 11:30,3069.29,29.94,TRADE
VIC1,01-01-2020 12:00,3060.58,30.81,TRADE
VIC1,01-01-2020 12:30,3068.81,25.68,TRADE
VIC1,01-01-2020 13:00,3085.47,30.72,TRADE
VIC1,01-01-2020 13:30,3131.31,31.1,TRADE
VIC1,01-01-2020 14:00,3187.66,34.07,TRADE
VIC1,01-01-2020 14:30,3273.67,34.32,TRADE
VIC1,01-01-2020 15:00,3381.79,37.67,TRADE
VIC1,01-01-2020 15:30,3565.42,37.34,TRADE
VIC1,01-01-2020 16:00,3775.71,44.44,TRADE
VIC1,01-01-2020 16:30,3980.79,53.01,TRADE
VIC1,01-01-2020 17:00,4155.4,55.96,TRADE
VIC1,01-01-2020 17:30,4306.64,55.12,TRADE
VIC1,01-01-2020 18:00,4460.98,59.04,TRADE
VIC1,01-01-2020 18:30,4511.73,64.14,TRADE
VIC1,01-01-2020 19:00,4473.78,69.65,TRADE
VIC1,01-01-2020 19:30,4375.39,70.77,TRADE
VIC1,01-01-2020 20:00,4362.22,70.45,TRADE
VIC1,01-01-2020 20:30,4368.19,73.03,TRADE
VIC1,01-01-2020 21:00,4290.62,66.76,TRADE
VIC1,01-01-2020 21:30,4201.61,65.24,TRADE
VIC1,01-01-2020 22:00,4084.88,63.15,TRADE
VIC1,01-01-2020 22:30,3989.79,64.08,TRADE
VIC1,01-01-2020 23:00,3949.52,60.39,TRADE
VIC1,01-01-2020 23:30,4161.55,67.81,TRADE
VIC1,02-01-2020 00:00,4179.68,70.44,TRADE
VIC1,02-01-2020 00:30,4009.42,67.09,TRADE
VIC1,02-01-2020 01:00,3890.59,65.53,TRADE
VIC1,02-01-2020 01:30,3808.22,50.03,TRADE
VIC1,02-01-2020 02:00,3698.75,40.66,TRADE
VIC1,02-01-2020 02:30,3616.33,43.61,TRADE
VIC1,02-01-2020 03:00,3568.79,47.35,TRADE
VIC1,02-01-2020 03:30,3575.64,50.46,TRADE
VIC1,02-01-2020 04:00,3589.27,50.88,TRADE
VIC1,02-01-2020 04:30,3666.17,55.38,TRADE
VIC1,02-01-2020 05:00,3719.43,69.61,TRADE
VIC1,02-01-2020 05:30,3856.54,66.02,TRADE
VIC1,02-01-2020 06:00,3972.69,80.11,TRADE
VIC1,02-01-2020 06:30,4115.17,78.88,TRADE
VIC1,02-01-2020 07:00,4225.19,72.26,TRADE
VIC1,02-01-2020 07:30,4200.02,68.84,TRADE
VIC1,02-01-2020 08:00,4219.34,69.65,TRADE
VIC1,02-01-2020 08:30,4239.15,69.9,TRADE
VIC1,02-01-2020 09:00,4165.28,69.19,TRADE
VIC1,02-01-2020 09:30,4100.04,66.78,TRADE
VIC1,02-01-2020 10:00,4036.73,63.83,TRADE
VIC1,02-01-2020 10:30,3993.03,66.95,TRADE
VIC1,02-01-2020 11:00,3962.8,61.67,TRADE
VIC1,02-01-2020 11:30,3974.35,61.92,TRADE
VIC1,02-01-2020 12:00,3982.7,56.04,TRADE
VIC1,02-01-2020 12:30,4020.25,62.11,TRADE
VIC1,02-01-2020 13:00,4062.5,66.5,TRADE
VIC1,02-01-2020 13:30,4127.72,76.53,TRADE
VIC1,02-01-2020 14:00,4247.99,78.72,TRADE
VIC1,02-01-2020 14:30,4387.02,75.91,TRADE
VIC1,02-01-2020 15:00,4488.84,75.47,TRADE
VIC1,02-01-2020 15:30,4654.34,81.6,TRADE
VIC1,02-01-2020 16:00,4824.55,88.39,TRADE
VIC1,02-01-2020 16:30,5015.51,84.58,TRADE
VIC1,02-01-2020 17:00,5192.69,86.66,TRADE
VIC1,02-01-2020 17:30,5270.39,80.53,TRADE
VIC1,02-01-2020 18:00,5286.76,84.85,TRADE
VIC1,02-01-2020 18:30,5237.23,88.92,TRADE
VIC1,02-01-2020 19:00,5168.97,89.03,TRADE
VIC1,02-01-2020 19:30,5057.75,78.82,TRADE
VIC1,02-01-2020 20:00,4977.65,76.55,TRADE
VIC1,02-01-2020 20:30,4893.97,67.41,TRADE
VIC1,02-01-2020 21:00,4726.28,56.82,TRADE
VIC1,02-01-2020 21:30,4564.58,54.59,TRADE
VIC1,02-01-2020 22:00,4399.96,60.49,TRADE
VIC1,02-01-2020 22:30,4288.14,68.47,TRADE
VIC1,02-01-2020 23:00,4259.02,62.16,TRADE
VIC1,02-01-2020 23:30,4458.94,80.3,TRADE
VIC1,03-01-2020 00:00,4416.13,82.11,TRADE
VIC1,03-01-2020 00:30,4249.93,68.24,TRADE
VIC1,03-01-2020 01:00,4117.15,56.34,TRADE
VIC1,03-01-2020 01:30,3999.88,46.55,TRADE
VIC1,03-01-2020 02:00,3868.89,48.25,TRADE
VIC1,03-01-2020 02:30,3764.29,50.36,TRADE
VIC1,03-01-2020 03:00,3730.57,45.92,TRADE
VIC1,03-01-2020 03:30,3734.79,49.12,TRADE
VIC1,03-01-2020 04:00,3757.03,47.65,TRADE
VIC1,03-01-2020 04:30,3820.95,46.52,TRADE
VIC1,03-01-2020 05:00,3880.27,41.95,TRADE
VIC1,03-01-2020 05:30,3977.67,45.63,TRADE
VIC1,03-01-2020 06:00,4096.8,48.55,TRADE
VIC1,03-01-2020 06:30,4244.53,47.93,TRADE
VIC1,03-01-2020 07:00,4367.11,47.72,TRADE
VIC1,03-01-2020 07:30,4329.36,42.02,TRADE
VIC1,03-01-2020 08:00,4412.77,40.74,TRADE
VIC1,03-01-2020 08:30,4425.89,42.07,TRADE
VIC1,03-01-2020 09:00,4348.89,44.76,TRADE
VIC1,03-01-2020 09:30,4322.32,44.72,TRADE
VIC1,03-01-2020 10:00,4328.7,43.28,TRADE
VIC1,03-01-2020 10:30,4341.1,44.75,TRADE
VIC1,03-01-2020 11:00,4390.27,48.85,TRADE
VIC1,03-01-2020 11:30,4464.44,62.15,TRADE
VIC1,03-01-2020 12:00,4515.37,58.59,TRADE
VIC1,03-01-2020 12:30,4654.38,64.92,TRADE
VIC1,03-01-2020 13:00,4794.03,67.01,TRADE
VIC1,03-01-2020 13:30,4924.3,70.29,TRADE
VIC1,03-01-2020 14:00,5109.02,73.62,TRADE
VIC1,03-01-2020 14:30,5376.68,81.37,TRADE
VIC1,03-01-2020 15:00,5638.42,69.3,TRADE
VIC1,03-01-2020 15:30,5890.11,65.75,TRADE
VIC1,03-01-2020 16:00,6150.81,72.19,TRADE
VIC1,03-01-2020 16:30,6405.5,86.63,TRADE
VIC1,03-01-2020 17:00,6688.78,83.32,TRADE
VIC1,03-01-2020 17:30,6776.93,78.49,TRADE
VIC1,03-01-2020 18:00,6889.7,92.43,TRADE
VIC1,03-01-2020 18:30,6864.66,86.46,TRADE
VIC1,03-01-2020 19:00,6793.83,97.28,TRADE
VIC1,03-01-2020 19:30,6609.41,86.99,TRADE
VIC1,03-01-2020 20:00,6403.67,84.7,TRADE
VIC1,03-01-2020 20:30,6213.22,74,TRADE
VIC1,03-01-2020 21:00,5886.42,78.65,TRADE
VIC1,03-01-2020 21:30,5608.82,70.55,TRADE
VIC1,03-01-2020 22:00,5304.64,71.38,TRADE
VIC1,03-01-2020 22:30,5071.9,69.7,TRADE
VIC1,03-01-2020 23:00,4887.78,65.22,TRADE
VIC1,03-01-2020 23:30,4996.32,69.8,TRADE
VIC1,04-01-2020 00:00,4881.77,71.25,TRADE
VIC1,04-01-2020 00:30,4551.19,68.53,TRADE
VIC1,04-01-2020 01:00,4300.68,59.97,TRADE
VIC1,04-01-2020 01:30,4162.92,48.96,TRADE
VIC1,04-01-2020 02:00,4072.21,47.32,TRADE
VIC1,04-01-2020 02:30,4000.75,42.62,TRADE
VIC1,04-01-2020 03:00,3949.76,42.97,TRADE
VIC1,04-01-2020 03:30,3947.3,47.6,TRADE
VIC1,04-01-2020 04:00,3945.15,47.81,TRADE
VIC1,04-01-2020 04:30,3991.48,45.81,TRADE
VIC1,04-01-2020 05:00,3997.35,45.22,TRADE
VIC1,04-01-2020 05:30,4017.21,42.36,TRADE
VIC1,04-01-2020 06:00,4010.12,43.23,TRADE
VIC1,04-01-2020 06:30,4097.79,38.09,TRADE
VIC1,04-01-2020 07:00,4148.58,28.72,TRADE
VIC1,04-01-2020 07:30,4161.9,35.63,TRADE
VIC1,04-01-2020 08:00,4215.95,34.29,TRADE
VIC1,04-01-2020 08:30,4272.08,32.13,TRADE
VIC1,04-01-2020 09:00,4251.92,32.16,TRADE
VIC1,04-01-2020 09:30,4354.84,38.87,TRADE
VIC1,04-01-2020 10:00,4402.89,35.95,TRADE
VIC1,04-01-2020 10:30,4442.53,35.18,TRADE
VIC1,04-01-2020 11:00,4517.29,31.88,TRADE
VIC1,04-01-2020 11:30,4530.59,32.43,TRADE
VIC1,04-01-2020 12:00,4576.58,45.43,TRADE
VIC1,04-01-2020 12:30,4752.95,58.79,TRADE
VIC1,04-01-2020 13:00,4853.07,57.24,TRADE
VIC1,04-01-2020 13:30,4736.34,47.25,TRADE
VIC1,04-01-2020 14:00,4483,11.95,TRADE
VIC1,04-01-2020 14:30,4232.17,-13.92,TRADE
VIC1,04-01-2020 15:00,4072.54,3.3,TRADE
VIC1,04-01-2020 15:30,4093.21,-213.7,TRADE
VIC1,04-01-2020 16:00,4092.44,-195.04,TRADE
VIC1,04-01-2020 16:30,4091.98,-10.89,TRADE
VIC1,04-01-2020 17:00,4188.97,-0.26,TRADE
VIC1,04-01-2020 17:30,4274.28,14.15,TRADE
VIC1,04-01-2020 18:00,4347.92,24.11,TRADE
VIC1,04-01-2020 18:30,4331.65,-12.57,TRADE
VIC1,04-01-2020 19:00,4327.25,-4.42,TRADE
VIC1,04-01-2020 19:30,4350.75,53.95,TRADE
VIC1,04-01-2020 20:00,4324.63,71.33,TRADE
VIC1,04-01-2020 20:30,4366.33,122.97,TRADE
VIC1,04-01-2020 21:00,4226.94,50.33,TRADE
VIC1,04-01-2020 21:30,4178.74,83.81,TRADE
VIC1,04-01-2020 22:00,4068.65,16.94,TRADE
VIC1,04-01-2020 22:30,4019.85,15.11,TRADE
VIC1,04-01-2020 23:00,4057.91,20.2,TRADE
VIC1,04-01-2020 23:30,4218.82,36.64,TRADE
VIC1,05-01-2020 00:00,4243.22,40.43,TRADE
VIC1,05-01-2020 00:30,4046.89,31.73,TRADE
VIC1,05-01-2020 01:00,3886.06,15.61,TRADE
VIC1,05-01-2020 01:30,3765.07,27.46,TRADE
VIC1,05-01-2020 02:00,3651.9,32.11,TRADE
VIC1,05-01-2020 02:30,3577.78,36.73,TRADE
VIC1,05-01-2020 03:00,3516.92,26.63,TRADE
VIC1,05-01-2020 03:30,3459.91,-0.01,TRADE
VIC1,05-01-2020 04:00,3440.09,-0.56,TRADE
VIC1,05-01-2020 04:30,3478.62,0.08,TRADE
VIC1,05-01-2020 05:00,3475.63,-24.15,TRADE
VIC1,05-01-2020 05:30,3523.81,-8.19,TRADE
VIC1,05-01-2020 06:00,3544.68,-12.49,TRADE
VIC1,05-01-2020 06:30,3651.28,1.49,TRADE
VIC1,05-01-2020 07:00,3744.85,2.47,TRADE
VIC1,05-01-2020 07:30,3806.41,7.13,TRADE
VIC1,05-01-2020 08:00,3892.02,29.69,TRADE
VIC1,05-01-2020 08:30,4011.76,37.06,TRADE
VIC1,05-01-2020 09:00,4146.63,34.53,TRADE
VIC1,05-01-2020 09:30,4226,35.68,TRADE
VIC1,05-01-2020 10:00,4210.66,31.33,TRADE
VIC1,05-01-2020 10:30,4166.76,29.28,TRADE
VIC1,05-01-2020 11:00,4063.94,-18.47,TRADE
VIC1,05-01-2020 11:30,4008.42,-8.07,TRADE
VIC1,05-01-2020 12:00,3995.14,-5.9,TRADE
VIC1,05-01-2020 12:30,3966.51,-5.9,TRADE
VIC1,05-01-2020 13:00,3985.91,8.62,TRADE
VIC1,05-01-2020 13:30,3850.14,-36.67,TRADE
VIC1,05-01-2020 14:00,3860.36,-27.07,TRADE
VIC1,05-01-2020 14:30,3852.94,-39.54,TRADE
VIC1,05-01-2020 15:00,3975.56,-1.34,TRADE
VIC1,05-01-2020 15:30,4103.74,14.3,TRADE
VIC1,05-01-2020 16:00,4205.27,40.13,TRADE
VIC1,05-01-2020 16:30,4317.07,20.36,TRADE
VIC1,05-01-2020 17:00,4430.75,43.19,TRADE
VIC1,05-01-2020 17:30,4474.27,41.85,TRADE
VIC1,05-01-2020 18:00,4487.48,44.17,TRADE
VIC1,05-01-2020 18:30,4490.16,46.66,TRADE
VIC1,05-01-2020 19:00,4424.31,44.95,TRADE
VIC1,05-01-2020 19:30,4381.71,39.86,TRADE
VIC1,05-01-2020 20:00,4382.27,42.62,TRADE
VIC1,05-01-2020 20:30,4373.05,46.76,TRADE
VIC1,05-01-2020 21:00,4253.3,43.46,TRADE
VIC1,05-01-2020 21:30,4125.7,39.61,TRADE
VIC1,05-01-2020 22:00,4012.7,23.28,TRADE
VIC1,05-01-2020 22:30,3913.41,14.8,TRADE
VIC1,05-01-2020 23:00,3870.85,28.62,TRADE
VIC1,05-01-2020 23:30,4070.49,38.49,TRADE
VIC1,06-01-2020 00:00,4115.31,38,TRADE
VIC1,06-01-2020 00:30,3988.06,39.4,TRADE
VIC1,06-01-2020 01:00,3860.23,32.91,TRADE
VIC1,06-01-2020 01:30,3756.9,35.84,TRADE
VIC1,06-01-2020 02:00,3622.54,30.39,TRADE
VIC1,06-01-2020 02:30,3542.29,33.66,TRADE
VIC1,06-01-2020 03:00,3540.52,32.81,TRADE
VIC1,06-01-2020 03:30,3509.63,36.03,TRADE
VIC1,06-01-2020 04:00,3524.74,37.37,TRADE
VIC1,06-01-2020 04:30,3639.71,36.82,TRADE
VIC1,06-01-2020 05:00,3807.27,39.41,TRADE
VIC1,06-01-2020 05:30,4045.85,53.55,TRADE
VIC1,06-01-2020 06:00,4244.79,51.5,TRADE
VIC1,06-01-2020 06:30,4490.29,58.6,TRADE
VIC1,06-01-2020 07:00,4717.51,81.42,TRADE
VIC1,06-01-2020 07:30,4842.92,78.62,TRADE
VIC1,06-01-2020 08:00,4945.07,86.69,TRADE
VIC1,06-01-2020 08:30,5048.5,100.62,TRADE
VIC1,06-01-2020 09:00,5089.22,70.11,TRADE
VIC1,06-01-2020 09:30,5106.57,68.83,TRADE
VIC1,06-01-2020 10:00,5095.48,69.51,TRADE
VIC1,06-01-2020 10:30,5087.46,67.18,TRADE
VIC1,06-01-2020 11:00,5048.88,65.64,TRADE
VIC1,06-01-2020 11:30,5041.26,64.28,TRADE
VIC1,06-01-2020 12:00,5013.97,58.85,TRADE
VIC1,06-01-2020 12:30,4993.76,52.96,TRADE
VIC1,06-01-2020 13:00,5006.6,52.94,TRADE
VIC1,06-01-2020 13:30,5007.88,51.94,TRADE
VIC1,06-01-2020 14:00,4994.93,63.32,TRADE
VIC1,06-01-2020 14:30,4986.67,62.81,TRADE
VIC1,06-01-2020 15:00,5002.46,52.97,TRADE
VIC1,06-01-2020 15:30,5009.62,48.51,TRADE
VIC1,06-01-2020 16:00,5071.82,55.72,TRADE
VIC1,06-01-2020 16:30,5167.46,52.02,TRADE
VIC1,06-01-2020 17:00,5216.36,59.47,TRADE
VIC1,06-01-2020 17:30,5153.63,55.59,TRADE
VIC1,06-01-2020 18:00,5119.95,51.26,TRADE
VIC1,06-01-2020 18:30,5004.84,60.95,TRADE
VIC1,06-01-2020 19:00,4912.9,57.77,TRADE
VIC1,06-01-2020 19:30,4892.43,55.81,TRADE
VIC1,06-01-2020 20:00,4880.52,64.02,TRADE
VIC1,06-01-2020 20:30,4806.88,61.19,TRADE
VIC1,06-01-2020 21:00,4676.4,55.3,TRADE
VIC1,06-01-2020 21:30,4531.87,52.96,TRADE
VIC1,06-01-2020 22:00,4402.47,49.6,TRADE
VIC1,06-01-2020 22:30,4270.94,49.58,TRADE
VIC1,06-01-2020 23:00,4243.19,44.19,TRADE
VIC1,06-01-2020 23:30,4428.63,52.25,TRADE
VIC1,07-01-2020 00:00,4461.26,65.04,TRADE
VIC1,07-01-2020 00:30,4300,56.24,TRADE
VIC1,07-01-2020 01:00,4189.14,51.88,TRADE
VIC1,07-01-2020 01:30,4105.52,42.22,TRADE
VIC1,07-01-2020 02:00,3961.5,40.8,TRADE
VIC1,07-01-2020 02:30,3883.58,33.88,TRADE
VIC1,07-01-2020 03:00,3832.76,41.06,TRADE
VIC1,07-01-2020 03:30,3825.88,40.05,TRADE
VIC1,07-01-2020 04:00,3829.37,39.09,TRADE
VIC1,07-01-2020 04:30,3896.52,43.77,TRADE
VIC1,07-01-2020 05:00,4018.3,44.89,TRADE
VIC1,07-01-2020 05:30,4228.7,45.95,TRADE
VIC1,07-01-2020 06:00,4395.03,78.04,TRADE
VIC1,07-01-2020 06:30,4641.1,76.36,TRADE
VIC1,07-01-2020 07:00,4809.4,87.71,TRADE
VIC1,07-01-2020 07:30,4794.06,69.57,TRADE
VIC1,07-01-2020 08:00,4872.88,69.69,TRADE
VIC1,07-01-2020 08:30,4875.26,69,TRADE
VIC1,07-01-2020 09:00,4822.66,67.38,TRADE
VIC1,07-01-2020 09:30,4841.18,67.46,TRADE
VIC1,07-01-2020 10:00,4796.07,64.23,TRADE
VIC1,07-01-2020 10:30,4768.47,56.4,TRADE
VIC1,07-01-2020 11:00,4752.06,47.34,TRADE
VIC1,07-01-2020 11:30,4750.1,41.71,TRADE
VIC1,07-01-2020 12:00,4727.34,47.48,TRADE
VIC1,07-01-2020 12:30,4684.61,46.59,TRADE
VIC1,07-01-2020 13:00,4691.04,46.07,TRADE
VIC1,07-01-2020 13:30,4719.66,60.6,TRADE
VIC1,07-01-2020 14:00,4679.05,58.82,TRADE
VIC1,07-01-2020 14:30,4678.33,50.39,TRADE
VIC1,07-01-2020 15:00,4697.66,55.93,TRADE
VIC1,07-01-2020 15:30,4765.64,58.56,TRADE
VIC1,07-01-2020 16:00,4829.28,66.68,TRADE
VIC1,07-01-2020 16:30,4895.14,77.23,TRADE
VIC1,07-01-2020 17:00,4894.81,92.93,TRADE
VIC1,07-01-2020 17:30,4933.49,71,TRADE
VIC1,07-01-2020 18:00,4965.84,71,TRADE
VIC1,07-01-2020 18:30,4920,70.69,TRADE
VIC1,07-01-2020 19:00,4844.11,71,TRADE
VIC1,07-01-2020 19:30,4781.76,71,TRADE
VIC1,07-01-2020 20:00,4749.88,70.8,TRADE
VIC1,07-01-2020 20:30,4721.48,68.21,TRADE
VIC1,07-01-2020 21:00,4596.74,61.56,TRADE
VIC1,07-01-2020 21:30,4520.99,60.29,TRADE
VIC1,07-01-2020 22:00,4387.15,47.07,TRADE
VIC1,07-01-2020 22:30,4345.89,50.56,TRADE
VIC1,07-01-2020 23:00,4358.4,48.83,TRADE
VIC1,07-01-2020 23:30,4634.03,54.61,TRADE
VIC1,08-01-2020 00:00,4564.74,54.1,TRADE
VIC1,08-01-2020 00:30,4282.84,46.54,TRADE
VIC1,08-01-2020 01:00,4161.22,43.96,TRADE
VIC1,08-01-2020 01:30,4079.21,42.17,TRADE
VIC1,08-01-2020 02:00,3956.46,35.77,TRADE
VIC1,08-01-2020 02:30,3851.52,37.09,TRADE
VIC1,08-01-2020 03:00,3816.91,41.37,TRADE
VIC1,08-01-2020 03:30,3814.52,43.62,TRADE
VIC1,08-01-2020 04:00,3832.52,41.88,TRADE
VIC1,08-01-2020 04:30,3897.05,45.74,TRADE
VIC1,08-01-2020 05:00,4022.05,46.91,TRADE
VIC1,08-01-2020 05:30,4253.72,48.55,TRADE
VIC1,08-01-2020 06:00,4448.99,57.42,TRADE
VIC1,08-01-2020 06:30,4631.84,59.61,TRADE
VIC1,08-01-2020 07:00,4792.68,60.99,TRADE
VIC1,08-01-2020 07:30,4707.15,58.04,TRADE
VIC1,08-01-2020 08:00,4652.08,54.21,TRADE
VIC1,08-01-2020 08:30,4647.97,58.89,TRADE
VIC1,08-01-2020 09:00,4557.47,53.75,TRADE
VIC1,08-01-2020 09:30,4522.53,52.89,TRADE
VIC1,08-01-2020 10:00,4493.52,52.97,TRADE
VIC1,08-01-2020 10:30,4486.95,47.23,TRADE
VIC1,08-01-2020 11:00,4445.37,46.07,TRADE
VIC1,08-01-2020 11:30,4439.77,47.9,TRADE
VIC1,08-01-2020 12:00,4428.65,47.69,TRADE
VIC1,08-01-2020 12:30,4490.48,51.27,TRADE
VIC1,08-01-2020 13:00,4546.74,53.67,TRADE
VIC1,08-01-2020 13:30,4572.05,60.86,TRADE
VIC1,08-01-2020 14:00,4620.56,58.17,TRADE
VIC1,08-01-2020 14:30,4630.62,56.7,TRADE
VIC1,08-01-2020 15:00,4719.78,59.24,TRADE
VIC1,08-01-2020 15:30,4785.97,59.82,TRADE
VIC1,08-01-2020 16:00,4896.56,60.72,TRADE
VIC1,08-01-2020 16:30,5050.39,62.96,TRADE
VIC1,08-01-2020 17:00,5189.3,60.67,TRADE
VIC1,08-01-2020 17:30,5261.9,61,TRADE
VIC1,08-01-2020 18:00,5333.09,61.08,TRADE
VIC1,08-01-2020 18:30,5317.8,63.85,TRADE
VIC1,08-01-2020 19:00,5274.34,60.19,TRADE
VIC1,08-01-2020 19:30,5223.2,60.58,TRADE
VIC1,08-01-2020 20:00,5182.85,61,TRADE
VIC1,08-01-2020 20:30,5124.61,60.18,TRADE
VIC1,08-01-2020 21:00,4974.08,56.57,TRADE
VIC1,08-01-2020 21:30,4829.63,52.45,TRADE
VIC1,08-01-2020 22:00,4673.3,44.57,TRADE
VIC1,08-01-2020 22:30,4539.06,51.39,TRADE
VIC1,08-01-2020 23:00,4437.99,44.82,TRADE
VIC1,08-01-2020 23:30,4615.22,44.14,TRADE
VIC1,09-01-2020 00:00,4585.51,49.49,TRADE
VIC1,09-01-2020 00:30,4382.91,44.65,TRADE
VIC1,09-01-2020 01:00,4256.59,40.24,TRADE
VIC1,09-01-2020 01:30,4136.45,34.41,TRADE
VIC1,09-01-2020 02:00,3988.04,22.02,TRADE
VIC1,09-01-2020 02:30,3911.28,24.09,TRADE
VIC1,09-01-2020 03:00,3829.91,6.14,TRADE
VIC1,09-01-2020 03:30,3829.66,10.4,TRADE
VIC1,09-01-2020 04:00,3845.82,9.53,TRADE
VIC1,09-01-2020 04:30,3932.22,23.74,TRADE
VIC1,09-01-2020 05:00,4064.12,36.14,TRADE
VIC1,09-01-2020 05:30,4243.85,41.9,TRADE
VIC1,09-01-2020 06:00,4422.18,47.47,TRADE
VIC1,09-01-2020 06:30,4654.24,47.88,TRADE
VIC1,09-01-2020 07:00,4795.79,48.4,TRADE
VIC1,09-01-2020 07:30,4839.69,48,TRADE
VIC1,09-01-2020 08:00,4900.46,48.26,TRADE
VIC1,09-01-2020 08:30,4890.96,51.41,TRADE
VIC1,09-01-2020 09:00,4858.52,48.94,TRADE
VIC1,09-01-2020 09:30,4829.04,49.52,TRADE
VIC1,09-01-2020 10:00,4836.33,51.34,TRADE
VIC1,09-01-2020 10:30,4840.8,52.22,TRADE
VIC1,09-01-2020 11:00,4914.23,65.88,TRADE
VIC1,09-01-2020 11:30,5005.93,86.51,TRADE
VIC1,09-01-2020 12:00,5072.07,69.38,TRADE
VIC1,09-01-2020 12:30,5212.76,76.33,TRADE
VIC1,09-01-2020 13:00,5361.72,155.14,TRADE
VIC1,09-01-2020 13:30,5543.27,88.89,TRADE
VIC1,09-01-2020 14:00,5770.29,109.09,TRADE
VIC1,09-01-2020 14:30,5999.32,85.21,TRADE
VIC1,09-01-2020 15:00,6262.44,83.68,TRADE
VIC1,09-01-2020 15:30,6568.42,89.45,TRADE
VIC1,09-01-2020 16:00,6847.33,123.19,TRADE
VIC1,09-01-2020 16:30,7053.15,109.73,TRADE
VIC1,09-01-2020 17:00,7243.42,226.31,TRADE
VIC1,09-01-2020 17:30,7227.46,136.99,TRADE
VIC1,09-01-2020 18:00,7205.69,125.59,TRADE
VIC1,09-01-2020 18:30,7111.82,248.02,TRADE
VIC1,09-01-2020 19:00,6975.25,254.62,TRADE
VIC1,09-01-2020 19:30,6760.98,143.03,TRADE
VIC1,09-01-2020 20:00,6583.65,155,TRADE
VIC1,09-01-2020 20:30,6421.06,95.54,TRADE
VIC1,09-01-2020 21:00,6104.83,61.14,TRADE
VIC1,09-01-2020 21:30,5773.46,67.04,TRADE
VIC1,09-01-2020 22:00,5450.63,59.37,TRADE
VIC1,09-01-2020 22:30,5212.6,62.12,TRADE
VIC1,09-01-2020 23:00,5052.4,61.75,TRADE
VIC1,09-01-2020 23:30,5122.63,51.05,TRADE
VIC1,10-01-2020 00:00,4969,54.87,TRADE
VIC1,10-01-2020 00:30,4716.35,43.5,TRADE
VIC1,10-01-2020 01:00,4534.66,39.25,TRADE
VIC1,10-01-2020 01:30,4420.8,33.47,TRADE
VIC1,10-01-2020 02:00,4224,24.32,TRADE
VIC1,10-01-2020 02:30,4084.95,29.21,TRADE
VIC1,10-01-2020 03:00,4071.63,22.93,TRADE
VIC1,10-01-2020 03:30,4088.89,38.21,TRADE
VIC1,10-01-2020 04:00,4116.68,46.85,TRADE
VIC1,10-01-2020 04:30,4201.77,49.94,TRADE
VIC1,10-01-2020 05:00,4319.59,50.3,TRADE
VIC1,10-01-2020 05:30,4580.12,59.97,TRADE
VIC1,10-01-2020 06:00,4797.75,86.57,TRADE
VIC1,10-01-2020 06:30,5035.63,100.95,TRADE
VIC1,10-01-2020 07:00,5229.87,52.45,TRADE
VIC1,10-01-2020 07:30,5316.43,60.44,TRADE
VIC1,10-01-2020 08:00,5507.76,139,TRADE
VIC1,10-01-2020 08:30,5598.32,87.92,TRADE
VIC1,10-01-2020 09:00,5739.7,65.78,TRADE
VIC1,10-01-2020 09:30,5850.25,71.57,TRADE
VIC1,10-01-2020 10:00,6012.5,77.96,TRADE
VIC1,10-01-2020 10:30,6025.06,79.15,TRADE
VIC1,10-01-2020 11:00,6080.01,67.66,TRADE
VIC1,10-01-2020 11:30,6189.14,62.29,TRADE
VIC1,10-01-2020 12:00,6314.5,130.29,TRADE
VIC1,10-01-2020 12:30,6550.16,166.23,TRADE
VIC1,10-01-2020 13:00,6633.45,60.45,TRADE
VIC1,10-01-2020 13:30,6683.87,83.16,TRADE
VIC1,10-01-2020 14:00,6533.43,60.12,TRADE
VIC1,10-01-2020 14:30,6204.83,56.32,TRADE
VIC1,10-01-2020 15:00,5712.12,51.73,TRADE
VIC1,10-01-2020 15:30,5612.67,59.94,TRADE
VIC1,10-01-2020 16:00,5475.48,61.99,TRADE
VIC1,10-01-2020 16:30,5396.14,62.77,TRADE
VIC1,10-01-2020 17:00,5370.09,59.12,TRADE
VIC1,10-01-2020 17:30,5200.15,60.52,TRADE
VIC1,10-01-2020 18:00,5053.21,66.02,TRADE
VIC1,10-01-2020 18:30,4865.56,64.31,TRADE
VIC1,10-01-2020 19:00,4735.75,65.93,TRADE
VIC1,10-01-2020 19:30,4609.13,59.65,TRADE
VIC1,10-01-2020 20:00,4539.84,57.9,TRADE
VIC1,10-01-2020 20:30,4563.61,64.59,TRADE
VIC1,10-01-2020 21:00,4436.88,51.69,TRADE
VIC1,10-01-2020 21:30,4337.9,51.42,TRADE
VIC1,10-01-2020 22:00,4171.78,41.82,TRADE
VIC1,10-01-2020 22:30,4091.78,49.81,TRADE
VIC1,10-01-2020 23:00,4056.93,44.65,TRADE
VIC1,10-01-2020 23:30,4207.64,49.1,TRADE
VIC1,11-01-2020 00:00,4206.64,50.64,TRADE
VIC1,11-01-2020 00:30,4015.08,48.45,TRADE
VIC1,11-01-2020 01:00,3874.3,52.02,TRADE
VIC1,11-01-2020 01:30,3784.6,41.09,TRADE
VIC1,11-01-2020 02:00,3671.56,22.33,TRADE
VIC1,11-01-2020 02:30,3535.4,8.85,TRADE
VIC1,11-01-2020 03:00,3463.53,-7.77,TRADE
VIC1,11-01-2020 03:30,3477.29,27.89,TRADE
VIC1,11-01-2020 04:00,3481.63,31.13,TRADE
VIC1,11-01-2020 04:30,3504.11,33.96,TRADE
VIC1,11-01-2020 05:00,3587.52,43.11,TRADE
VIC1,11-01-2020 05:30,3680.02,50.55,TRADE
VIC1,11-01-2020 06:00,3714.11,52.26,TRADE
VIC1,11-01-2020 06:30,3807.46,48.2,TRADE
VIC1,11-01-2020 07:00,3896.49,47.62,TRADE
VIC1,11-01-2020 07:30,3926.01,43.63,TRADE
VIC1,11-01-2020 08:00,3960.12,-11.97,TRADE
VIC1,11-01-2020 08:30,3986.95,4.48,TRADE
VIC1,11-01-2020 09:00,3980.52,2.98,TRADE
VIC1,11-01-2020 09:30,3982.72,8.96,TRADE
VIC1,11-01-2020 10:00,3896.88,10.48,TRADE
VIC1,11-01-2020 10:30,3805.59,7.72,TRADE
VIC1,11-01-2020 11:00,3719.81,7.47,TRADE
VIC1,11-01-2020 11:30,3664.57,9.56,TRADE
VIC1,11-01-2020 12:00,3598.1,8.09,TRADE
VIC1,11-01-2020 12:30,3481.74,3.52,TRADE
VIC1,11-01-2020 13:00,3391.32,2.98,TRADE
VIC1,11-01-2020 13:30,3280.92,-3.49,TRADE
VIC1,11-01-2020 14:00,3251.22,-60.2,TRADE
VIC1,11-01-2020 14:30,3329.09,-38.63,TRADE
VIC1,11-01-2020 15:00,3388.08,-49.33,TRADE
VIC1,11-01-2020 15:30,3392.82,-35.58,TRADE
VIC1,11-01-2020 16:00,3497.36,-39.75,TRADE
VIC1,11-01-2020 16:30,3661.14,-35.26,TRADE
VIC1,11-01-2020 17:00,3874.17,22.92,TRADE
VIC1,11-01-2020 17:30,4075.05,37.15,TRADE
VIC1,11-01-2020 18:00,4164.74,39.54,TRADE
VIC1,11-01-2020 18:30,4193.96,42.07,TRADE
VIC1,11-01-2020 19:00,4293.2,47.73,TRADE
VIC1,11-01-2020 19:30,4333.34,50.62,TRADE
VIC1,11-01-2020 20:00,4338.4,48.12,TRADE
VIC1,11-01-2020 20:30,4364.68,48.08,TRADE
VIC1,11-01-2020 21:00,4341.08,48.41,TRADE
VIC1,11-01-2020 21:30,4256.51,47.61,TRADE
VIC1,11-01-2020 22:00,4149.9,46.16,TRADE
VIC1,11-01-2020 22:30,4094.51,47.96,TRADE
VIC1,11-01-2020 23:00,4095.76,43.98,TRADE
VIC1,11-01-2020 23:30,4303.21,51.33,TRADE
VIC1,12-01-2020 00:00,4324.21,79.6,TRADE
VIC1,12-01-2020 00:30,4113.84,47.57,TRADE
VIC1,12-01-2020 01:00,3947.78,49.82,TRADE
VIC1,12-01-2020 01:30,3812.85,42.34,TRADE
VIC1,12-01-2020 02:00,3698.31,39.87,TRADE
VIC1,12-01-2020 02:30,3617.73,41.2,TRADE
VIC1,12-01-2020 03:00,3568.36,42.5,TRADE
VIC1,12-01-2020 03:30,3527.75,41.35,TRADE
VIC1,12-01-2020 04:00,3513.15,39.03,TRADE
VIC1,12-01-2020 04:30,3559.04,43.04,TRADE
VIC1,12-01-2020 05:00,3602.32,43.99,TRADE
VIC1,12-01-2020 05:30,3632.74,43.75,TRADE
VIC1,12-01-2020 06:00,3630.56,44.06,TRADE
VIC1,12-01-2020 06:30,3679.9,41.3,TRADE
VIC1,12-01-2020 07:00,3733.92,39.73,TRADE
VIC1,12-01-2020 07:30,3669.18,37.15,TRADE
VIC1,12-01-2020 08:00,3654.47,36.36,TRADE
VIC1,12-01-2020 08:30,3657.59,33.49,TRADE
VIC1,12-01-2020 09:00,3714.99,35.06,TRADE
VIC1,12-01-2020 09:30,3757.71,46.46,TRADE
VIC1,12-01-2020 10:00,3721.58,38.87,TRADE
VIC1,12-01-2020 10:30,3666.55,30.31,TRADE
VIC1,12-01-2020 11:00,3560.15,32.31,TRADE
VIC1,12-01-2020 11:30,3515.32,34,TRADE
VIC1,12-01-2020 12:00,3522.85,30.76,TRADE
VIC1,12-01-2020 12:30,3425.97,33.04,TRADE
VIC1,12-01-2020 13:00,3327.16,29.65,TRADE
VIC1,12-01-2020 13:30,3239.44,32.57,TRADE
VIC1,12-01-2020 14:00,3252.11,33.12,TRADE
VIC1,12-01-2020 14:30,3300.97,41.93,TRADE
VIC1,12-01-2020 15:00,3335.54,31.81,TRADE
VIC1,12-01-2020 15:30,3439.34,34.48,TRADE
VIC1,12-01-2020 16:00,3608.42,36.45,TRADE
VIC1,12-01-2020 16:30,3779.75,40.49,TRADE
VIC1,12-01-2020 17:00,4024.26,57.65,TRADE
VIC1,12-01-2020 17:30,4213.73,70,TRADE
VIC1,12-01-2020 18:00,4368.47,61.44,TRADE
VIC1,12-01-2020 18:30,4455.89,66.06,TRADE
VIC1,12-01-2020 19:00,4503.16,67.57,TRADE
VIC1,12-01-2020 19:30,4484.31,68.59,TRADE
VIC1,12-01-2020 20:00,4494.17,66.19,TRADE
VIC1,12-01-2020 20:30,4541.26,52.48,TRADE
VIC1,12-01-2020 21:00,4469.64,49.74,TRADE
VIC1,12-01-2020 21:30,4327.43,50.45,TRADE
VIC1,12-01-2020 22:00,4210.92,47.72,TRADE
VIC1,12-01-2020 22:30,4086.62,49.94,TRADE
VIC1,12-01-2020 23:00,4054.18,43.56,TRADE
VIC1,12-01-2020 23:30,4249.6,44.58,TRADE
VIC1,13-01-2020 00:00,4232.26,49.4,TRADE
VIC1,13-01-2020 00:30,4063.34,40.26,TRADE
VIC1,13-01-2020 01:00,3966,36.31,TRADE
VIC1,13-01-2020 01:30,3879.71,28.15,TRADE
VIC1,13-01-2020 02:00,3787.56,5.22,TRADE
VIC1,13-01-2020 02:30,3746.23,20.52,TRADE
VIC1,13-01-2020 03:00,3729.03,33.31,TRADE
VIC1,13-01-2020 03:30,3726.77,37.31,TRADE
VIC1,13-01-2020 04:00,3741.37,40.94,TRADE
VIC1,13-01-2020 04:30,3819.15,43.55,TRADE
VIC1,13-01-2020 05:00,3952.33,48,TRADE
VIC1,13-01-2020 05:30,4216.2,66.16,TRADE
VIC1,13-01-2020 06:00,4385.7,87.89,TRADE
VIC1,13-01-2020 06:30,4620.19,84.41,TRADE
VIC1,13-01-2020 07:00,4741.92,89.6,TRADE
VIC1,13-01-2020 07:30,4711.8,61.18,TRADE
VIC1,13-01-2020 08:00,4739.74,66.76,TRADE
VIC1,13-01-2020 08:30,4723.26,64.94,TRADE
VIC1,13-01-2020 09:00,4634.96,68.21,TRADE
VIC1,13-01-2020 09:30,4622.02,59.19,TRADE
VIC1,13-01-2020 10:00,4618.45,62.85,TRADE
VIC1,13-01-2020 10:30,4619.23,59.11,TRADE
VIC1,13-01-2020 11:00,4640.11,63.39,TRADE
VIC1,13-01-2020 11:30,4701.41,62.59,TRADE
VIC1,13-01-2020 12:00,4750.87,73.02,TRADE
VIC1,13-01-2020 12:30,4798.63,75.07,TRADE
VIC1,13-01-2020 13:00,4904.18,89.74,TRADE
VIC1,13-01-2020 13:30,5026.47,77.02,TRADE
VIC1,13-01-2020 14:00,5200.52,86.22,TRADE
VIC1,13-01-2020 14:30,5385.85,70.35,TRADE
VIC1,13-01-2020 15:00,5608.45,83.76,TRADE
VIC1,13-01-2020 15:30,5878.12,82.19,TRADE
VIC1,13-01-2020 16:00,6128.96,89.3,TRADE
VIC1,13-01-2020 16:30,6322.83,76.95,TRADE
VIC1,13-01-2020 17:00,6556.88,91.48,TRADE
VIC1,13-01-2020 17:30,6642.66,88.75,TRADE
VIC1,13-01-2020 18:00,6698.11,95.56,TRADE
VIC1,13-01-2020 18:30,6664.28,100.91,TRADE
VIC1,13-01-2020 19:00,6537.35,217.69,TRADE
VIC1,13-01-2020 19:30,6285.74,103.78,TRADE
VIC1,13-01-2020 20:00,6065.56,68.82,TRADE
VIC1,13-01-2020 20:30,5955.68,70.03,TRADE
VIC1,13-01-2020 21:00,5735.36,66.47,TRADE
VIC1,13-01-2020 21:30,5443.43,96.53,TRADE
VIC1,13-01-2020 22:00,5197.75,93.46,TRADE
VIC1,13-01-2020 22:30,5020.27,104.74,TRADE
VIC1,13-01-2020 23:00,4876.55,85.55,TRADE
VIC1,13-01-2020 23:30,5004.65,138.36,TRADE
VIC1,14-01-2020 00:00,4917.85,101.87,TRADE
VIC1,14-01-2020 00:30,4681.3,75.76,TRADE
VIC1,14-01-2020 01:00,4530.83,84.39,TRADE
VIC1,14-01-2020 01:30,4430.86,76.09,TRADE
VIC1,14-01-2020 02:00,4312.69,68.48,TRADE
VIC1,14-01-2020 02:30,4231.55,63.03,TRADE
VIC1,14-01-2020 03:00,4180.64,64.31,TRADE
VIC1,14-01-2020 03:30,4170.29,63.84,TRADE
VIC1,14-01-2020 04:00,4210.08,57.61,TRADE
VIC1,14-01-2020 04:30,4327.83,63.61,TRADE
VIC1,14-01-2020 05:00,4454.24,70.11,TRADE
VIC1,14-01-2020 05:30,4687.37,97.46,TRADE
VIC1,14-01-2020 06:00,4844.77,105.88,TRADE
VIC1,14-01-2020 06:30,5066.22,109.62,TRADE
VIC1,14-01-2020 07:00,5220.68,125.42,TRADE
VIC1,14-01-2020 07:30,5210.84,85.1,TRADE
VIC1,14-01-2020 08:00,5254.33,130.39,TRADE
VIC1,14-01-2020 08:30,5283.82,111.54,TRADE
VIC1,14-01-2020 09:00,5233.69,88.52,TRADE
VIC1,14-01-2020 09:30,5253.87,79.48,TRADE
VIC1,14-01-2020 10:00,5315.72,72.96,TRADE
VIC1,14-01-2020 10:30,5365.35,64.15,TRADE
VIC1,14-01-2020 11:00,5491.82,70.13,TRADE
VIC1,14-01-2020 11:30,5597.51,80.03,TRADE
VIC1,14-01-2020 12:00,5699.47,92.05,TRADE
VIC1,14-01-2020 12:30,5865.7,127.99,TRADE
VIC1,14-01-2020 13:00,5993.66,117.97,TRADE
VIC1,14-01-2020 13:30,6188.74,94.64,TRADE
VIC1,14-01-2020 14:00,6345.48,92.9,TRADE
VIC1,14-01-2020 14:30,6579.19,97.6,TRADE
VIC1,14-01-2020 15:00,6847.74,94.36,TRADE
VIC1,14-01-2020 15:30,7096.19,88.55,TRADE
VIC1,14-01-2020 16:00,7317.53,87.33,TRADE
VIC1,14-01-2020 16:30,7535.84,77.57,TRADE
VIC1,14-01-2020 17:00,7679.16,88.42,TRADE
VIC1,14-01-2020 17:30,7697.6,145.4,TRADE
VIC1,14-01-2020 18:00,7712.25,79.11,TRADE
VIC1,14-01-2020 18:30,7566.14,87.9,TRADE
VIC1,14-01-2020 19:00,7362.56,82.56,TRADE
VIC1,14-01-2020 19:30,7131.69,152.96,TRADE
VIC1,14-01-2020 20:00,6886.82,98.7,TRADE
VIC1,14-01-2020 20:30,6658.61,72.58,TRADE
VIC1,14-01-2020 21:00,6415.98,69.15,TRADE
VIC1,14-01-2020 21:30,6055.36,68.01,TRADE
VIC1,14-01-2020 22:00,5701.79,65.05,TRADE
VIC1,14-01-2020 22:30,5448.46,68.08,TRADE
VIC1,14-01-2020 23:00,5239.2,68.47,TRADE
VIC1,14-01-2020 23:30,5305.9,68.36,TRADE
VIC1,15-01-2020 00:00,5185.46,67.51,TRADE
VIC1,15-01-2020 00:30,4901.06,62.15,TRADE
VIC1,15-01-2020 01:00,4699.03,56.84,TRADE
VIC1,15-01-2020 01:30,4573.98,53.95,TRADE
VIC1,15-01-2020 02:00,4433.7,47.85,TRADE
VIC1,15-01-2020 02:30,4336.38,47.1,TRADE
VIC1,15-01-2020 03:00,4264.55,32.81,TRADE
VIC1,15-01-2020 03:30,4248.92,41.53,TRADE
VIC1,15-01-2020 04:00,4265.18,44.65,TRADE
VIC1,15-01-2020 04:30,4341.48,46.83,TRADE
VIC1,15-01-2020 05:00,4509.62,50.8,TRADE
VIC1,15-01-2020 05:30,4756.37,56.43,TRADE
VIC1,15-01-2020 06:00,4961.47,59.56,TRADE
VIC1,15-01-2020 06:30,5254.61,67.63,TRADE
VIC1,15-01-2020 07:00,5473.72,74.91,TRADE
VIC1,15-01-2020 07:30,5541.77,69.37,TRADE
VIC1,15-01-2020 08:00,5635.79,71.3,TRADE
VIC1,15-01-2020 08:30,5776.62,77.43,TRADE
VIC1,15-01-2020 09:00,5806,74.56,TRADE
VIC1,15-01-2020 09:30,5862.93,83.89,TRADE
VIC1,15-01-2020 10:00,6013.65,73.01,TRADE
VIC1,15-01-2020 10:30,6167.18,60.84,TRADE
VIC1,15-01-2020 11:00,6302.57,59.69,TRADE
VIC1,15-01-2020 11:30,6501.66,65.81,TRADE
VIC1,15-01-2020 12:00,6697.78,76.53,TRADE
VIC1,15-01-2020 12:30,6945.73,82.47,TRADE
VIC1,15-01-2020 13:00,7222.77,105.5,TRADE
VIC1,15-01-2020 13:30,7430.07,87.19,TRADE
VIC1,15-01-2020 14:00,7548.95,65.65,TRADE
VIC1,15-01-2020 14:30,7651.92,64.18,TRADE
VIC1,15-01-2020 15:00,7895.85,65.09,TRADE
VIC1,15-01-2020 15:30,7729.12,61.79,TRADE
VIC1,15-01-2020 16:00,7385.96,61.49,TRADE
VIC1,15-01-2020 16:30,6900.97,59.71,TRADE
VIC1,15-01-2020 17:00,6713.19,58.56,TRADE
VIC1,15-01-2020 17:30,6498.82,49.05,TRADE
VIC1,15-01-2020 18:00,6383.05,55.69,TRADE
VIC1,15-01-2020 18:30,6105.1,61.49,TRADE
VIC1,15-01-2020 19:00,5864.47,68.37,TRADE
VIC1,15-01-2020 19:30,5695.88,71.87,TRADE
VIC1,15-01-2020 20:00,5584.03,70.23,TRADE
VIC1,15-01-2020 20:30,5493.21,61.63,TRADE
VIC1,15-01-2020 21:00,5309.61,57.38,TRADE
VIC1,15-01-2020 21:30,5108.13,54.62,TRADE
VIC1,15-01-2020 22:00,4882.35,50.13,TRADE
VIC1,15-01-2020 22:30,4681.05,52.19,TRADE
VIC1,15-01-2020 23:00,4575.55,49.03,TRADE
VIC1,15-01-2020 23:30,4699.19,56.09,TRADE
VIC1,16-01-2020 00:00,4591.3,55.04,TRADE
VIC1,16-01-2020 00:30,4361.65,51.88,TRADE
VIC1,16-01-2020 01:00,4224.19,48.44,TRADE
VIC1,16-01-2020 01:30,4138.47,37.18,TRADE
VIC1,16-01-2020 02:00,4046.99,36.17,TRADE
VIC1,16-01-2020 02:30,3968.46,36.3,TRADE
VIC1,16-01-2020 03:00,3921.83,38.2,TRADE
VIC1,16-01-2020 03:30,3929.23,39.41,TRADE
VIC1,16-01-2020 04:00,3935.81,44.05,TRADE
VIC1,16-01-2020 04:30,4004.98,47.49,TRADE
VIC1,16-01-2020 05:00,4134,44.81,TRADE
VIC1,16-01-2020 05:30,4405.17,46.15,TRADE
VIC1,16-01-2020 06:00,4583.45,50.06,TRADE
VIC1,16-01-2020 06:30,4837,55.17,TRADE
VIC1,16-01-2020 07:00,5021.29,54.25,TRADE
VIC1,16-01-2020 07:30,5048.41,47.31,TRADE
VIC1,16-01-2020 08:00,5124.01,47.1,TRADE
VIC1,16-01-2020 08:30,5147.2,44.33,TRADE
VIC1,16-01-2020 09:00,5113.8,43.1,TRADE
VIC1,16-01-2020 09:30,5038.34,41.64,TRADE
VIC1,16-01-2020 10:00,5008.17,27.58,TRADE
VIC1,16-01-2020 10:30,4930.08,1.31,TRADE
VIC1,16-01-2020 11:00,4854.77,12.01,TRADE
VIC1,16-01-2020 11:30,4776.5,1.76,TRADE
VIC1,16-01-2020 12:00,4727.94,9.02,TRADE
VIC1,16-01-2020 12:30,4639.98,-19.12,TRADE
VIC1,16-01-2020 13:00,4584.22,-20.74,TRADE
VIC1,16-01-2020 13:30,4515.37,-16.94,TRADE
VIC1,16-01-2020 14:00,4477.01,5.09,TRADE
VIC1,16-01-2020 14:30,4447.17,13.79,TRADE
VIC1,16-01-2020 15:00,4402.04,5.57,TRADE
VIC1,16-01-2020 15:30,4443.74,21.79,TRADE
VIC1,16-01-2020 16:00,4490.86,6.28,TRADE
VIC1,16-01-2020 16:30,4590.38,14.13,TRADE
VIC1,16-01-2020 17:00,4727.79,30.28,TRADE
VIC1,16-01-2020 17:30,4779.96,35.98,TRADE
VIC1,16-01-2020 18:00,4826.43,36.5,TRADE
VIC1,16-01-2020 18:30,4798.24,24.44,TRADE
VIC1,16-01-2020 19:00,4812.49,49.75,TRADE
VIC1,16-01-2020 19:30,4771.22,61.49,TRADE
VIC1,16-01-2020 20:00,4815.79,59.8,TRADE
VIC1,16-01-2020 20:30,4804.85,53.88,TRADE
VIC1,16-01-2020 21:00,4674.41,48.19,TRADE
VIC1,16-01-2020 21:30,4517.66,46.49,TRADE
VIC1,16-01-2020 22:00,4393.05,41.14,TRADE
VIC1,16-01-2020 22:30,4272.66,48.68,TRADE
VIC1,16-01-2020 23:00,4247.38,49.73,TRADE
VIC1,16-01-2020 23:30,4433.55,49.46,TRADE
VIC1,17-01-2020 00:00,4432.67,49.88,TRADE
VIC1,17-01-2020 00:30,4242.52,38.37,TRADE
VIC1,17-01-2020 01:00,4103.72,28.04,TRADE
VIC1,17-01-2020 01:30,3971.97,20,TRADE
VIC1,17-01-2020 02:00,3882.93,16.87,TRADE
VIC1,17-01-2020 02:30,3827.14,16.2,TRADE
VIC1,17-01-2020 03:00,3765.21,18.73,TRADE
VIC1,17-01-2020 03:30,3762.88,28.5,TRADE
VIC1,17-01-2020 04:00,3815.82,35.39,TRADE
VIC1,17-01-2020 04:30,3923.72,36.53,TRADE
VIC1,17-01-2020 05:00,4078.65,37.56,TRADE
VIC1,17-01-2020 05:30,4317.87,44.27,TRADE
VIC1,17-01-2020 06:00,4480.72,46.76,TRADE
VIC1,17-01-2020 06:30,4701.66,49.06,TRADE
VIC1,17-01-2020 07:00,4829.87,49.15,TRADE
VIC1,17-01-2020 07:30,4810.69,46.73,TRADE
VIC1,17-01-2020 08:00,4902.34,42.15,TRADE
VIC1,17-01-2020 08:30,4935.47,39.27,TRADE
VIC1,17-01-2020 09:00,4824.29,32.41,TRADE
VIC1,17-01-2020 09:30,4721.54,32.97,TRADE
VIC1,17-01-2020 10:00,4652.65,31.92,TRADE
VIC1,17-01-2020 10:30,4678.97,30.58,TRADE
VIC1,17-01-2020 11:00,4684.07,33.02,TRADE
VIC1,17-01-2020 11:30,4600.55,30.06,TRADE
VIC1,17-01-2020 12:00,4541.46,29.61,TRADE
VIC1,17-01-2020 12:30,4489.22,27.86,TRADE
VIC1,17-01-2020 13:00,4484.98,29.23,TRADE
VIC1,17-01-2020 13:30,4482.7,34.8,TRADE
VIC1,17-01-2020 14:00,4571.09,35.76,TRADE
VIC1,17-01-2020 14:30,4631.78,34.45,TRADE
VIC1,17-01-2020 15:00,4593.78,29.47,TRADE
VIC1,17-01-2020 15:30,4622.61,41.32,TRADE
VIC1,17-01-2020 16:00,4710.79,37.95,TRADE
VIC1,17-01-2020 16:30,4804.64,42.03,TRADE
VIC1,17-01-2020 17:00,4892.85,46.35,TRADE
VIC1,17-01-2020 17:30,4918.53,46.67,TRADE
VIC1,17-01-2020 18:00,4969.1,52.1,TRADE
VIC1,17-01-2020 18:30,4936.33,52.54,TRADE
VIC1,17-01-2020 19:00,4915.75,61.08,TRADE
VIC1,17-01-2020 19:30,4845.42,63.66,TRADE
VIC1,17-01-2020 20:00,4788.88,60.61,TRADE
VIC1,17-01-2020 20:30,4766.31,48.16,TRADE
VIC1,17-01-2020 21:00,4656.87,45.13,TRADE
VIC1,17-01-2020 21:30,4503.75,44.01,TRADE
VIC1,17-01-2020 22:00,4371.79,39.12,TRADE
VIC1,17-01-2020 22:30,4239.21,51.3,TRADE
VIC1,17-01-2020 23:00,4166.79,39.55,TRADE
VIC1,17-01-2020 23:30,4363.8,44.32,TRADE
VIC1,18-01-2020 00:00,4352.54,47.2,TRADE
VIC1,18-01-2020 00:30,4178.44,43.6,TRADE
VIC1,18-01-2020 01:00,4067.16,32.95,TRADE
VIC1,18-01-2020 01:30,3958.84,38.6,TRADE
VIC1,18-01-2020 02:00,3803.56,47.95,TRADE
VIC1,18-01-2020 02:30,3755.4,40.6,TRADE
VIC1,18-01-2020 03:00,3724.53,39.13,TRADE
VIC1,18-01-2020 03:30,3750.13,35.38,TRADE
VIC1,18-01-2020 04:00,3810.4,41.56,TRADE
VIC1,18-01-2020 04:30,3809.65,41.74,TRADE
VIC1,18-01-2020 05:00,3856.08,49.62,TRADE
VIC1,18-01-2020 05:30,3933.25,53.56,TRADE
VIC1,18-01-2020 06:00,4023.89,58.35,TRADE
VIC1,18-01-2020 06:30,4128.68,57.14,TRADE
VIC1,18-01-2020 07:00,4244.36,62.96,TRADE
VIC1,18-01-2020 07:30,4186.75,50.27,TRADE
VIC1,18-01-2020 08:00,4223.77,55.3,TRADE
VIC1,18-01-2020 08:30,4222.36,54.92,TRADE
VIC1,18-01-2020 09:00,4213.66,52.04,TRADE
VIC1,18-01-2020 09:30,4131.89,50.03,TRADE
VIC1,18-01-2020 10:00,4087.61,41.7,TRADE
VIC1,18-01-2020 10:30,4053.67,39.75,TRADE
VIC1,18-01-2020 11:00,4019.38,35.62,TRADE
VIC1,18-01-2020 11:30,4041.29,35.3,TRADE
VIC1,18-01-2020 12:00,4046.94,37.6,TRADE
VIC1,18-01-2020 12:30,4090.12,37.48,TRADE
VIC1,18-01-2020 13:00,4182.73,38.37,TRADE
VIC1,18-01-2020 13:30,4291.62,41.24,TRADE
VIC1,18-01-2020 14:00,4406.16,50.95,TRADE
VIC1,18-01-2020 14:30,4612.99,53.34,TRADE
VIC1,18-01-2020 15:00,4690.84,41.39,TRADE
VIC1,18-01-2020 15:30,4843.56,54.32,TRADE
VIC1,18-01-2020 16:00,5113.63,72.98,TRADE
VIC1,18-01-2020 16:30,5241.46,91.04,TRADE
VIC1,18-01-2020 17:00,5324.81,65.94,TRADE
VIC1,18-01-2020 17:30,5312.28,49.35,TRADE
VIC1,18-01-2020 18:00,5213.7,49.05,TRADE
VIC1,18-01-2020 18:30,5259.11,54.43,TRADE
VIC1,18-01-2020 19:00,5186.71,62.39,TRADE
VIC1,18-01-2020 19:30,5159.32,66.23,TRADE
VIC1,18-01-2020 20:00,5120.45,65.34,TRADE
VIC1,18-01-2020 20:30,5053.16,61.99,TRADE
VIC1,18-01-2020 21:00,4892.22,56.98,TRADE
VIC1,18-01-2020 21:30,4756.64,58.33,TRADE
VIC1,18-01-2020 22:00,4662.83,55.76,TRADE
VIC1,18-01-2020 22:30,4554.77,56.11,TRADE
VIC1,18-01-2020 23:00,4537.59,62.03,TRADE
VIC1,18-01-2020 23:30,4761.75,67.74,TRADE
VIC1,19-01-2020 00:00,4687.68,80.31,TRADE
VIC1,19-01-2020 00:30,4476.33,64.45,TRADE
VIC1,19-01-2020 01:00,4345.89,63.62,TRADE
VIC1,19-01-2020 01:30,4256.66,59.38,TRADE
VIC1,19-01-2020 02:00,4115.67,55.76,TRADE
VIC1,19-01-2020 02:30,4002.8,63.19,TRADE
VIC1,19-01-2020 03:00,3948.86,71.08,TRADE
VIC1,19-01-2020 03:30,3937.81,61.29,TRADE
VIC1,19-01-2020 04:00,3919.09,60.1,TRADE
VIC1,19-01-2020 04:30,3916.41,53.64,TRADE
VIC1,19-01-2020 05:00,3932.79,56.39,TRADE
VIC1,19-01-2020 05:30,3950.66,66.77,TRADE
VIC1,19-01-2020 06:00,3955.38,60.96,TRADE
VIC1,19-01-2020 06:30,4019.92,60.87,TRADE
VIC1,19-01-2020 07:00,4045.82,57.05,TRADE
VIC1,19-01-2020 07:30,4013.09,59.11,TRADE
VIC1,19-01-2020 08:00,4047.89,72.54,TRADE
VIC1,19-01-2020 08:30,4019.23,64.66,TRADE
VIC1,19-01-2020 09:00,4081.01,51.06,TRADE
VIC1,19-01-2020 09:30,4033.33,50.6,TRADE
VIC1,19-01-2020 10:00,4076.77,51.2,TRADE
VIC1,19-01-2020 10:30,4110.82,72.89,TRADE
VIC1,19-01-2020 11:00,4147.09,74.9,TRADE
VIC1,19-01-2020 11:30,4226.53,48.7,TRADE
VIC1,19-01-2020 12:00,4281.11,53.63,TRADE
VIC1,19-01-2020 12:30,4364.8,68.52,TRADE
VIC1,19-01-2020 13:00,4512.08,56.88,TRADE
VIC1,19-01-2020 13:30,4573.14,51.77,TRADE
VIC1,19-01-2020 14:00,4803.35,74.92,TRADE
VIC1,19-01-2020 14:30,5067.22,84.27,TRADE
VIC1,19-01-2020 15:00,5179.72,77.37,TRADE
VIC1,19-01-2020 15:30,5235,74.03,TRADE
VIC1,19-01-2020 16:00,5207.49,61.23,TRADE
VIC1,19-01-2020 16:30,5266.19,70.85,TRADE
VIC1,19-01-2020 17:00,5382.34,69.17,TRADE
VIC1,19-01-2020 17:30,5372.23,63.8,TRADE
VIC1,19-01-2020 18:00,5241.29,59.34,TRADE
VIC1,19-01-2020 18:30,5083.49,48.27,TRADE
VIC1,19-01-2020 19:00,4948.12,55.02,TRADE
VIC1,19-01-2020 19:30,4877.39,66.37,TRADE
VIC1,19-01-2020 20:00,4758.88,61.71,TRADE
VIC1,19-01-2020 20:30,4713.07,60.05,TRADE
VIC1,19-01-2020 21:00,4566.06,53.86,TRADE
VIC1,19-01-2020 21:30,4481.87,44.07,TRADE
VIC1,19-01-2020 22:00,4435.26,23.1,TRADE
VIC1,19-01-2020 22:30,4362.49,37.6,TRADE
VIC1,19-01-2020 23:00,4311.25,28.94,TRADE
VIC1,19-01-2020 23:30,4551.74,57.63,TRADE
VIC1,20-01-2020 00:00,4522.55,63.84,TRADE
VIC1,20-01-2020 00:30,4310.21,47.6,TRADE
VIC1,20-01-2020 01:00,4195.68,40.85,TRADE
VIC1,20-01-2020 01:30,4112.11,41.23,TRADE
VIC1,20-01-2020 02:00,3981.95,37.37,TRADE
VIC1,20-01-2020 02:30,3921.69,33.71,TRADE
VIC1,20-01-2020 03:00,3870.11,41.79,TRADE
VIC1,20-01-2020 03:30,3872.23,46.37,TRADE
VIC1,20-01-2020 04:00,3887.9,48.05,TRADE
VIC1,20-01-2020 04:30,4030.57,51.73,TRADE
VIC1,20-01-2020 05:00,4221.55,53.77,TRADE
VIC1,20-01-2020 05:30,4515.38,64.06,TRADE
VIC1,20-01-2020 06:00,4627.37,73.93,TRADE
VIC1,20-01-2020 06:30,4908.34,67.75,TRADE
VIC1,20-01-2020 07:00,5130.67,77.99,TRADE
VIC1,20-01-2020 07:30,5167.31,64.25,TRADE
VIC1,20-01-2020 08:00,5256.56,90.81,TRADE
VIC1,20-01-2020 08:30,5267.84,83.74,TRADE
VIC1,20-01-2020 09:00,5290.71,64.32,TRADE
VIC1,20-01-2020 09:30,5221.77,61.52,TRADE
VIC1,20-01-2020 10:00,5252.16,62.33,TRADE
VIC1,20-01-2020 10:30,5251.64,59.22,TRADE
VIC1,20-01-2020 11:00,5186.14,58.94,TRADE
VIC1,20-01-2020 11:30,5087.15,43.85,TRADE
VIC1,20-01-2020 12:00,5211.53,54.91,TRADE
VIC1,20-01-2020 12:30,5197.07,46.32,TRADE
VIC1,20-01-2020 13:00,5276.15,51.61,TRADE
VIC1,20-01-2020 13:30,5226.14,-304.15,TRADE
VIC1,20-01-2020 14:00,5251.03,2.74,TRADE
VIC1,20-01-2020 14:30,5237.38,6.46,TRADE
VIC1,20-01-2020 15:00,5319.19,6.5,TRADE
VIC1,20-01-2020 15:30,5341.73,14.32,TRADE
VIC1,20-01-2020 16:00,5340.44,18.77,TRADE
VIC1,20-01-2020 16:30,5403.68,86.55,TRADE
VIC1,20-01-2020 17:00,5432.49,67.74,TRADE
VIC1,20-01-2020 17:30,5398.96,61.52,TRADE
VIC1,20-01-2020 18:00,5274.24,63.79,TRADE
VIC1,20-01-2020 18:30,5195.57,61.49,TRADE
VIC1,20-01-2020 19:00,5110.25,60.98,TRADE
VIC1,20-01-2020 19:30,5018.41,61.49,TRADE
VIC1,20-01-2020 20:00,5040.96,64.53,TRADE
VIC1,20-01-2020 20:30,4980.03,61.31,TRADE
VIC1,20-01-2020 21:00,4777.05,58.96,TRADE
VIC1,20-01-2020 21:30,4641.05,59.88,TRADE
VIC1,20-01-2020 22:00,4499.27,51.39,TRADE
VIC1,20-01-2020 22:30,4407.13,56.08,TRADE
VIC1,20-01-2020 23:00,4359.85,49.42,TRADE
VIC1,20-01-2020 23:30,4553.88,50.52,TRADE
VIC1,21-01-2020 00:00,4556.14,55.82,TRADE
VIC1,21-01-2020 00:30,4357.93,56.54,TRADE
VIC1,21-01-2020 01:00,4246.29,57.19,TRADE
VIC1,21-01-2020 01:30,4104.66,49,TRADE
VIC1,21-01-2020 02:00,4033.84,47.7,TRADE
VIC1,21-01-2020 02:30,3939.49,47.63,TRADE
VIC1,21-01-2020 03:00,3878.85,46.81,TRADE
VIC1,21-01-2020 03:30,3913.79,48.07,TRADE
VIC1,21-01-2020 04:00,3954.22,49.02,TRADE
VIC1,21-01-2020 04:30,4095.89,48.83,TRADE
VIC1,21-01-2020 05:00,4234.85,49.42,TRADE
VIC1,21-01-2020 05:30,4467.77,59.37,TRADE
VIC1,21-01-2020 06:00,4688.78,68.19,TRADE
VIC1,21-01-2020 06:30,4967.21,61.81,TRADE
VIC1,21-01-2020 07:00,5165.4,64.83,TRADE
VIC1,21-01-2020 07:30,5100.38,54.3,TRADE
VIC1,21-01-2020 08:00,5080.86,54.18,TRADE
VIC1,21-01-2020 08:30,5029.45,53.32,TRADE
VIC1,21-01-2020 09:00,4932.47,52.11,TRADE
VIC1,21-01-2020 09:30,4861.27,51.78,TRADE
VIC1,21-01-2020 10:00,4793.5,49.37,TRADE
VIC1,21-01-2020 10:30,4667.31,43.85,TRADE
VIC1,21-01-2020 11:00,4584.98,44.53,TRADE
VIC1,21-01-2020 11:30,4496.38,41.27,TRADE
VIC1,21-01-2020 12:00,4477.29,40.14,TRADE
VIC1,21-01-2020 12:30,4395.12,39.63,TRADE
VIC1,21-01-2020 13:00,4381.34,41.53,TRADE
VIC1,21-01-2020 13:30,4417.71,40.89,TRADE
VIC1,21-01-2020 14:00,4413.73,35.74,TRADE
VIC1,21-01-2020 14:30,4476.29,41.18,TRADE
VIC1,21-01-2020 15:00,4536.14,42.43,TRADE
VIC1,21-01-2020 15:30,4682.29,46.5,TRADE
VIC1,21-01-2020 16:00,4904.42,49.9,TRADE
VIC1,21-01-2020 16:30,5006.41,50.29,TRADE
VIC1,21-01-2020 17:00,5148.37,61.07,TRADE
VIC1,21-01-2020 17:30,5216.19,61.49,TRADE
VIC1,21-01-2020 18:00,5241.81,62.95,TRADE
VIC1,21-01-2020 18:30,5311.03,68.87,TRADE
VIC1,21-01-2020 19:00,5279.72,73.33,TRADE
VIC1,21-01-2020 19:30,5236.71,83.8,TRADE
VIC1,21-01-2020 20:00,5236.51,68.45,TRADE
VIC1,21-01-2020 20:30,5214,63.43,TRADE
VIC1,21-01-2020 21:00,5072.94,59.53,TRADE
VIC1,21-01-2020 21:30,4946.88,60.12,TRADE
VIC1,21-01-2020 22:00,4748.46,52.31,TRADE
VIC1,21-01-2020 22:30,4602.19,50.75,TRADE
VIC1,21-01-2020 23:00,4515.85,45.6,TRADE
VIC1,21-01-2020 23:30,4643.28,49.32,TRADE
VIC1,22-01-2020 00:00,4581.95,43.39,TRADE
VIC1,22-01-2020 00:30,4403.57,42.79,TRADE
VIC1,22-01-2020 01:00,4226.24,32.3,TRADE
VIC1,22-01-2020 01:30,4122.98,19.07,TRADE
VIC1,22-01-2020 02:00,3927.28,9.24,TRADE
VIC1,22-01-2020 02:30,3875.08,14.65,TRADE
VIC1,22-01-2020 03:00,3801.53,5,TRADE
VIC1,22-01-2020 03:30,3813.65,8.89,TRADE
VIC1,22-01-2020 04:00,3833.44,9.86,TRADE
VIC1,22-01-2020 04:30,3942.07,13.46,TRADE
VIC1,22-01-2020 05:00,4079.51,23.87,TRADE
VIC1,22-01-2020 05:30,4325.04,30.54,TRADE
VIC1,22-01-2020 06:00,4544.89,34.25,TRADE
VIC1,22-01-2020 06:30,4758.46,35.46,TRADE
VIC1,22-01-2020 07:00,4864.09,36.04,TRADE
VIC1,22-01-2020 07:30,4899.66,35.23,TRADE
VIC1,22-01-2020 08:00,4947.61,34.2,TRADE
VIC1,22-01-2020 08:30,4980.85,33.94,TRADE
VIC1,22-01-2020 09:00,4827.59,31.16,TRADE
VIC1,22-01-2020 09:30,4746.41,30.2,TRADE
VIC1,22-01-2020 10:00,4812.68,29.61,TRADE
VIC1,22-01-2020 10:30,4790.72,30.81,TRADE
VIC1,22-01-2020 11:00,4940.76,33.74,TRADE
VIC1,22-01-2020 11:30,5220.36,38.18,TRADE
VIC1,22-01-2020 12:00,5432.85,44.52,TRADE
VIC1,22-01-2020 12:30,5488.85,47.11,TRADE
VIC1,22-01-2020 13:00,5487.4,46.53,TRADE
VIC1,22-01-2020 13:30,5620.66,55.16,TRADE
VIC1,22-01-2020 14:00,5736.18,56.42,TRADE
VIC1,22-01-2020 14:30,5835.86,70.08,TRADE
VIC1,22-01-2020 15:00,5851.42,71.17,TRADE
VIC1,22-01-2020 15:30,5849.04,64.28,TRADE
VIC1,22-01-2020 16:00,5875.61,65.9,TRADE
VIC1,22-01-2020 16:30,5954.68,95.79,TRADE
VIC1,22-01-2020 17:00,5903.1,3.44,TRADE
VIC1,22-01-2020 17:30,5867.7,27.95,TRADE
VIC1,22-01-2020 18:00,5816.3,33.29,TRADE
VIC1,22-01-2020 18:30,5756.27,102.43,TRADE
VIC1,22-01-2020 19:00,5703.48,86.44,TRADE
VIC1,22-01-2020 19:30,5580.74,74.88,TRADE
VIC1,22-01-2020 20:00,5411.94,73.98,TRADE
VIC1,22-01-2020 20:30,5272.73,67.23,TRADE
VIC1,22-01-2020 21:00,5102.1,70.84,TRADE
VIC1,22-01-2020 21:30,4946.9,66.84,TRADE
VIC1,22-01-2020 22:00,4800.92,47.07,TRADE
VIC1,22-01-2020 22:30,4648.14,37.41,TRADE
VIC1,22-01-2020 23:00,4579.44,43.07,TRADE
VIC1,22-01-2020 23:30,4785.57,57.03,TRADE
VIC1,23-01-2020 00:00,4735.3,53.82,TRADE
VIC1,23-01-2020 00:30,4573.21,48.56,TRADE
VIC1,23-01-2020 01:00,4417.33,24.2,TRADE
VIC1,23-01-2020 01:30,4319.13,36.97,TRADE
VIC1,23-01-2020 02:00,4186.38,36.16,TRADE
VIC1,23-01-2020 02:30,4106.6,29.2,TRADE
VIC1,23-01-2020 03:00,4082.85,30.01,TRADE
VIC1,23-01-2020 03:30,4063.76,30.02,TRADE
VIC1,23-01-2020 04:00,4134.97,30.01,TRADE
VIC1,23-01-2020 04:30,4196.92,12.66,TRADE
VIC1,23-01-2020 05:00,4285.04,9.21,TRADE
VIC1,23-01-2020 05:30,4586.78,32.93,TRADE
VIC1,23-01-2020 06:00,4820.76,47.93,TRADE
VIC1,23-01-2020 06:30,5081.19,44.66,TRADE
VIC1,23-01-2020 07:00,5230.36,55.64,TRADE
VIC1,23-01-2020 07:30,5256.88,48.26,TRADE
VIC1,23-01-2020 08:00,5264.32,45.04,TRADE
VIC1,23-01-2020 08:30,5188.31,43.45,TRADE
VIC1,23-01-2020 09:00,5138.54,17.67,TRADE
VIC1,23-01-2020 09:30,4942.89,12.8,TRADE
VIC1,23-01-2020 10:00,4750.45,4.48,TRADE
VIC1,23-01-2020 10:30,4530.76,4.48,TRADE
VIC1,23-01-2020 11:00,4622.94,8.49,TRADE
VIC1,23-01-2020 11:30,4663.68,-39.83,TRADE
VIC1,23-01-2020 12:00,4650.47,-231.21,TRADE
VIC1,23-01-2020 12:30,4812.06,-53.44,TRADE
VIC1,23-01-2020 13:00,4759.41,-40.3,TRADE
VIC1,23-01-2020 13:30,4599.24,-39.29,TRADE
VIC1,23-01-2020 14:00,4629.64,-222.1,TRADE
VIC1,23-01-2020 14:30,4600.21,-100.52,TRADE
VIC1,23-01-2020 15:00,4555.85,-61.49,TRADE
VIC1,23-01-2020 15:30,4548.78,-40.04,TRADE
VIC1,23-01-2020 16:00,4646.39,-44.76,TRADE
VIC1,23-01-2020 16:30,4796.25,-188.82,TRADE
VIC1,23-01-2020 17:00,4833.68,-30.46,TRADE
VIC1,23-01-2020 17:30,4850.84,6.41,TRADE
VIC1,23-01-2020 18:00,4885.37,10.02,TRADE
VIC1,23-01-2020 18:30,4816.32,-11.87,TRADE
VIC1,23-01-2020 19:00,4907.02,20.27,TRADE
VIC1,23-01-2020 19:30,4933.98,40.51,TRADE
VIC1,23-01-2020 20:00,4990.61,28.04,TRADE
VIC1,23-01-2020 20:30,5024.24,28.35,TRADE
VIC1,23-01-2020 21:00,4856.28,0,TRADE
VIC1,23-01-2020 21:30,4713.6,13.88,TRADE
VIC1,23-01-2020 22:00,4534.81,41.51,TRADE
VIC1,23-01-2020 22:30,4429.67,51.15,TRADE
VIC1,23-01-2020 23:00,4358.04,29.22,TRADE
VIC1,23-01-2020 23:30,4597.55,36.89,TRADE
VIC1,24-01-2020 00:00,4564.76,44.44,TRADE
VIC1,24-01-2020 00:30,4380.43,43.28,TRADE
VIC1,24-01-2020 01:00,4265.76,31.26,TRADE
VIC1,24-01-2020 01:30,4156.98,27.05,TRADE
VIC1,24-01-2020 02:00,4029.13,31.35,TRADE
VIC1,24-01-2020 02:30,3929.65,20.71,TRADE
VIC1,24-01-2020 03:00,3880.8,38.18,TRADE
VIC1,24-01-2020 03:30,3919.96,35.91,TRADE
VIC1,24-01-2020 04:00,3950.36,30.4,TRADE
VIC1,24-01-2020 04:30,4064.78,43.85,TRADE
VIC1,24-01-2020 05:00,4229.81,42.78,TRADE
VIC1,24-01-2020 05:30,4499.74,49.12,TRADE
VIC1,24-01-2020 06:00,4701.88,58.23,TRADE
VIC1,24-01-2020 06:30,4916.62,62.74,TRADE
VIC1,24-01-2020 07:00,4988.74,69.11,TRADE
VIC1,24-01-2020 07:30,4918.48,62.49,TRADE
VIC1,24-01-2020 08:00,4874.53,60.63,TRADE
VIC1,24-01-2020 08:30,4809.49,55.45,TRADE
VIC1,24-01-2020 09:00,4652.32,47.46,TRADE
VIC1,24-01-2020 09:30,4429.43,43.8,TRADE
VIC1,24-01-2020 10:00,4461.21,51.69,TRADE
VIC1,24-01-2020 10:30,4460.21,53.91,TRADE
VIC1,24-01-2020 11:00,4466.41,50.74,TRADE
VIC1,24-01-2020 11:30,4538.8,48.56,TRADE
VIC1,24-01-2020 12:00,4556.01,40.7,TRADE
VIC1,24-01-2020 12:30,4462.04,34.61,TRADE
VIC1,24-01-2020 13:00,4529.03,42.31,TRADE
VIC1,24-01-2020 13:30,4508.43,34.53,TRADE
VIC1,24-01-2020 14:00,4512.89,28.73,TRADE
VIC1,24-01-2020 14:30,4529.88,26.85,TRADE
VIC1,24-01-2020 15:00,4469.18,37.84,TRADE
VIC1,24-01-2020 15:30,4517.18,26.73,TRADE
VIC1,24-01-2020 16:00,4553.04,30.76,TRADE
VIC1,24-01-2020 16:30,4699.26,33.2,TRADE
VIC1,24-01-2020 17:00,4772.66,41.36,TRADE
VIC1,24-01-2020 17:30,4851.45,52.81,TRADE
VIC1,24-01-2020 18:00,4890.57,61.49,TRADE
VIC1,24-01-2020 18:30,4947.84,62.04,TRADE
VIC1,24-01-2020 19:00,4998.55,80.47,TRADE
VIC1,24-01-2020 19:30,4910.12,81.77,TRADE
VIC1,24-01-2020 20:00,4958.21,71.23,TRADE
VIC1,24-01-2020 20:30,4962.38,78.97,TRADE
VIC1,24-01-2020 21:00,4830.6,69.4,TRADE
VIC1,24-01-2020 21:30,4726.09,64.33,TRADE
VIC1,24-01-2020 22:00,4609.93,58.27,TRADE
VIC1,24-01-2020 22:30,4535.17,62.65,TRADE
VIC1,24-01-2020 23:00,4504.87,55.15,TRADE
VIC1,24-01-2020 23:30,4707.09,59.11,TRADE
VIC1,25-01-2020 00:00,4677.09,56.25,TRADE
VIC1,25-01-2020 00:30,4467.28,56.97,TRADE
VIC1,25-01-2020 01:00,4297.7,56.42,TRADE
VIC1,25-01-2020 01:30,4187.78,53.94,TRADE
VIC1,25-01-2020 02:00,4033.3,53.76,TRADE
VIC1,25-01-2020 02:30,4016.56,53.18,TRADE
VIC1,25-01-2020 03:00,3928.18,50.98,TRADE
VIC1,25-01-2020 03:30,3921.64,53.85,TRADE
VIC1,25-01-2020 04:00,3905.99,55.68,TRADE
VIC1,25-01-2020 04:30,3899.51,52.43,TRADE
VIC1,25-01-2020 05:00,3983.3,49.98,TRADE
VIC1,25-01-2020 05:30,4026.68,47.16,TRADE
VIC1,25-01-2020 06:00,4128.34,47.08,TRADE
VIC1,25-01-2020 06:30,4199.29,46.38,TRADE
VIC1,25-01-2020 07:00,4239.07,46.57,TRADE
VIC1,25-01-2020 07:30,4144.3,45.76,TRADE
VIC1,25-01-2020 08:00,4144.81,45.5,TRADE
VIC1,25-01-2020 08:30,4118.78,43.71,TRADE
VIC1,25-01-2020 09:00,4022.46,42.71,TRADE
VIC1,25-01-2020 09:30,3800.87,28.98,TRADE
VIC1,25-01-2020 10:00,3858.86,39.43,TRADE
VIC1,25-01-2020 10:30,3773.86,32.71,TRADE
VIC1,25-01-2020 11:00,3747.72,43.18,TRADE
VIC1,25-01-2020 11:30,3686.61,37.3,TRADE
VIC1,25-01-2020 12:00,3662.31,23.89,TRADE
VIC1,25-01-2020 12:30,3612.33,16.21,TRADE
VIC1,25-01-2020 13:00,3634.58,18.23,TRADE
VIC1,25-01-2020 13:30,3664.24,17.52,TRADE
VIC1,25-01-2020 14:00,3813.74,40.52,TRADE
VIC1,25-01-2020 14:30,3871.76,46.69,TRADE
VIC1,25-01-2020 15:00,4010.22,39.31,TRADE
VIC1,25-01-2020 15:30,4239.14,47.86,TRADE
VIC1,25-01-2020 16:00,4454.84,51.02,TRADE
VIC1,25-01-2020 16:30,4629.91,51.28,TRADE
VIC1,25-01-2020 17:00,4878.91,63.17,TRADE
VIC1,25-01-2020 17:30,5012.8,65.42,TRADE
VIC1,25-01-2020 18:00,5147.34,64.24,TRADE
VIC1,25-01-2020 18:30,5113.38,64.94,TRADE
VIC1,25-01-2020 19:00,5035.14,65.36,TRADE
VIC1,25-01-2020 19:30,4984.38,66.07,TRADE
VIC1,25-01-2020 20:00,4961.6,64.84,TRADE
VIC1,25-01-2020 20:30,4970.54,64.99,TRADE
VIC1,25-01-2020 21:00,4855.2,61.97,TRADE
VIC1,25-01-2020 21:30,4748.5,60.17,TRADE
VIC1,25-01-2020 22:00,4631.21,55.57,TRADE
VIC1,25-01-2020 22:30,4553.23,56.64,TRADE
VIC1,25-01-2020 23:00,4522.56,55.12,TRADE
VIC1,25-01-2020 23:30,4673.92,51.6,TRADE
VIC1,26-01-2020 00:00,4612.01,53.56,TRADE
VIC1,26-01-2020 00:30,4439.96,53.53,TRADE
VIC1,26-01-2020 01:00,4289.47,51.72,TRADE
VIC1,26-01-2020 01:30,4198.5,50.61,TRADE
VIC1,26-01-2020 02:00,4100.09,56.22,TRADE
VIC1,26-01-2020 02:30,3950.76,49.24,TRADE
VIC1,26-01-2020 03:00,3907.81,47.67,TRADE
VIC1,26-01-2020 03:30,3860.41,46.06,TRADE
VIC1,26-01-2020 04:00,3880.31,47.6,TRADE
VIC1,26-01-2020 04:30,3880.24,52.36,TRADE
VIC1,26-01-2020 05:00,3925.86,52.31,TRADE
VIC1,26-01-2020 05:30,3970.96,55.83,TRADE
VIC1,26-01-2020 06:00,3949.1,52.07,TRADE
VIC1,26-01-2020 06:30,4074.62,51.89,TRADE
VIC1,26-01-2020 07:00,4005.19,51.87,TRADE
VIC1,26-01-2020 07:30,3968.82,44.45,TRADE
VIC1,26-01-2020 08:00,3974.77,49.18,TRADE
VIC1,26-01-2020 08:30,3999.99,48.28,TRADE
VIC1,26-01-2020 09:00,4001.05,45.9,TRADE
VIC1,26-01-2020 09:30,3990.98,48.32,TRADE
VIC1,26-01-2020 10:00,3816.42,44.79,TRADE
VIC1,26-01-2020 10:30,3804.53,43.04,TRADE
VIC1,26-01-2020 11:00,3796.97,40.24,TRADE
VIC1,26-01-2020 11:30,3826.67,36.2,TRADE
VIC1,26-01-2020 12:00,3986.78,38.33,TRADE
VIC1,26-01-2020 12:30,3984.03,37.41,TRADE
VIC1,26-01-2020 13:00,4028,40.39,TRADE
VIC1,26-01-2020 13:30,3980.69,43.12,TRADE
VIC1,26-01-2020 14:00,4015.81,45.52,TRADE
VIC1,26-01-2020 14:30,4089.99,44.33,TRADE
VIC1,26-01-2020 15:00,4125.92,43.29,TRADE
VIC1,26-01-2020 15:30,4220.58,45.3,TRADE
VIC1,26-01-2020 16:00,4347.2,53.44,TRADE
VIC1,26-01-2020 16:30,4532.22,60.93,TRADE
VIC1,26-01-2020 17:00,4686.4,65.94,TRADE
VIC1,26-01-2020 17:30,4717.2,65.39,TRADE
VIC1,26-01-2020 18:00,4740.04,62.34,TRADE
VIC1,26-01-2020 18:30,4793.88,61.97,TRADE
VIC1,26-01-2020 19:00,4783.56,63.9,TRADE
VIC1,26-01-2020 19:30,4725.17,62.55,TRADE
VIC1,26-01-2020 20:00,4719.85,62.89,TRADE
VIC1,26-01-2020 20:30,4768.42,63.14,TRADE
VIC1,26-01-2020 21:00,4685.69,58.06,TRADE
VIC1,26-01-2020 21:30,4523.52,53.72,TRADE
VIC1,26-01-2020 22:00,4492.88,51.73,TRADE
VIC1,26-01-2020 22:30,4388.3,48.61,TRADE
VIC1,26-01-2020 23:00,4333.99,47.58,TRADE
VIC1,26-01-2020 23:30,4570.8,52.43,TRADE
VIC1,27-01-2020 00:00,4491.13,47.86,TRADE
VIC1,27-01-2020 00:30,4321.21,47.73,TRADE
VIC1,27-01-2020 01:00,4208.27,47.95,TRADE
VIC1,27-01-2020 01:30,4192.02,48.18,TRADE
VIC1,27-01-2020 02:00,4040.32,46.73,TRADE
VIC1,27-01-2020 02:30,3968.66,48.07,TRADE
VIC1,27-01-2020 03:00,3897.85,46.35,TRADE
VIC1,27-01-2020 03:30,3874.13,44.09,TRADE
VIC1,27-01-2020 04:00,3870.94,44.5,TRADE
VIC1,27-01-2020 04:30,3908.26,43.73,TRADE
VIC1,27-01-2020 05:00,3948.53,48.07,TRADE
VIC1,27-01-2020 05:30,4011.21,48.52,TRADE
VIC1,27-01-2020 06:00,4033.95,45.21,TRADE
VIC1,27-01-2020 06:30,4105.93,38.67,TRADE
VIC1,27-01-2020 07:00,4086.01,40.49,TRADE
VIC1,27-01-2020 07:30,4071.19,38.53,TRADE
VIC1,27-01-2020 08:00,4025.39,35.14,TRADE
VIC1,27-01-2020 08:30,4028.18,39.29,TRADE
VIC1,27-01-2020 09:00,4044.39,42.97,TRADE
VIC1,27-01-2020 09:30,3963.87,42.61,TRADE
VIC1,27-01-2020 10:00,3878.07,40.19,TRADE
VIC1,27-01-2020 10:30,3862.1,42.35,TRADE
VIC1,27-01-2020 11:00,3894.37,44.2,TRADE
VIC1,27-01-2020 11:30,3929.12,42.81,TRADE
VIC1,27-01-2020 12:00,3913.41,40.87,TRADE
VIC1,27-01-2020 12:30,3953.74,41.36,TRADE
VIC1,27-01-2020 13:00,4017.62,39.91,TRADE
VIC1,27-01-2020 13:30,4069.74,40.26,TRADE
VIC1,27-01-2020 14:00,4129.27,46.96,TRADE
VIC1,27-01-2020 14:30,4275.09,48.14,TRADE
VIC1,27-01-2020 15:00,4391.05,56.89,TRADE
VIC1,27-01-2020 15:30,4484.82,60.62,TRADE
VIC1,27-01-2020 16:00,4687.49,62.72,TRADE
VIC1,27-01-2020 16:30,4833.61,75.32,TRADE
VIC1,27-01-2020 17:00,4956.1,75.4,TRADE
VIC1,27-01-2020 17:30,4938.46,82.86,TRADE
VIC1,27-01-2020 18:00,4930.55,78.42,TRADE
VIC1,27-01-2020 18:30,5013.7,92.13,TRADE
VIC1,27-01-2020 19:00,4928.26,91.87,TRADE
VIC1,27-01-2020 19:30,4921.4,97.74,TRADE
VIC1,27-01-2020 20:00,4888.99,68.26,TRADE
VIC1,27-01-2020 20:30,4911.57,63.12,TRADE
VIC1,27-01-2020 21:00,4745.73,59.1,TRADE
VIC1,27-01-2020 21:30,4632.43,60.11,TRADE
VIC1,27-01-2020 22:00,4552.11,58.59,TRADE
VIC1,27-01-2020 22:30,4448.56,53.5,TRADE
VIC1,27-01-2020 23:00,4397.12,54.24,TRADE
VIC1,27-01-2020 23:30,4593,53.24,TRADE
VIC1,28-01-2020 00:00,4598.72,59.6,TRADE
VIC1,28-01-2020 00:30,4409.95,56.72,TRADE
VIC1,28-01-2020 01:00,4313.15,54.65,TRADE
VIC1,28-01-2020 01:30,4220.38,49.84,TRADE
VIC1,28-01-2020 02:00,4144.91,50.32,TRADE
VIC1,28-01-2020 02:30,4052.73,48.5,TRADE
VIC1,28-01-2020 03:00,4007.93,49.86,TRADE
VIC1,28-01-2020 03:30,4034.26,50.97,TRADE
VIC1,28-01-2020 04:00,4062.48,54.82,TRADE
VIC1,28-01-2020 04:30,4164.91,56.53,TRADE
VIC1,28-01-2020 05:00,4321.86,57.12,TRADE
VIC1,28-01-2020 05:30,4554.25,54.44,TRADE
VIC1,28-01-2020 06:00,4799.99,61.03,TRADE
VIC1,28-01-2020 06:30,5073.92,62.68,TRADE
VIC1,28-01-2020 07:00,5170.75,83.62,TRADE
VIC1,28-01-2020 07:30,5086.06,67.73,TRADE
VIC1,28-01-2020 08:00,5061.82,66.3,TRADE
VIC1,28-01-2020 08:30,5040.87,64.8,TRADE
VIC1,28-01-2020 09:00,4880.53,56.46,TRADE
VIC1,28-01-2020 09:30,4814.02,61.49,TRADE
VIC1,28-01-2020 10:00,4708.49,61.49,TRADE
VIC1,28-01-2020 10:30,4665.73,61.92,TRADE
VIC1,28-01-2020 11:00,4632.29,63.64,TRADE
VIC1,28-01-2020 11:30,4578.5,66.94,TRADE
VIC1,28-01-2020 12:00,4587.07,64.71,TRADE
VIC1,28-01-2020 12:30,4631.45,69.94,TRADE
VIC1,28-01-2020 13:00,4711.42,74.49,TRADE
VIC1,28-01-2020 13:30,4685.61,75.34,TRADE
VIC1,28-01-2020 14:00,4717.23,70.88,TRADE
VIC1,28-01-2020 14:30,4828.44,66.47,TRADE
VIC1,28-01-2020 15:00,4889.52,63.52,TRADE
VIC1,28-01-2020 15:30,5086.06,77.77,TRADE
VIC1,28-01-2020 16:00,5308.94,101.48,TRADE
VIC1,28-01-2020 16:30,5419.09,179.06,TRADE
VIC1,28-01-2020 17:00,5565.76,88.58,TRADE
VIC1,28-01-2020 17:30,5572.08,65.73,TRADE
VIC1,28-01-2020 18:00,5633.52,73.82,TRADE
VIC1,28-01-2020 18:30,5660.4,113.51,TRADE
VIC1,28-01-2020 19:00,5618.51,64.45,TRADE
VIC1,28-01-2020 19:30,5520.27,65.21,TRADE
VIC1,28-01-2020 20:00,5492.12,63.31,TRADE
VIC1,28-01-2020 20:30,5459.21,63.6,TRADE
VIC1,28-01-2020 21:00,5243.72,53.99,TRADE
VIC1,28-01-2020 21:30,5080.64,49.88,TRADE
VIC1,28-01-2020 22:00,4904.12,45.49,TRADE
VIC1,28-01-2020 22:30,4788.92,53.26,TRADE
VIC1,28-01-2020 23:00,4697.96,52.03,TRADE
VIC1,28-01-2020 23:30,4880.55,58.55,TRADE
VIC1,29-01-2020 00:00,4896.15,67.24,TRADE
VIC1,29-01-2020 00:30,4693.76,52.6,TRADE
VIC1,29-01-2020 01:00,4539.63,53.04,TRADE
VIC1,29-01-2020 01:30,4447.42,51.65,TRADE
VIC1,29-01-2020 02:00,4350.64,54.56,TRADE
VIC1,29-01-2020 02:30,4283.29,53.11,TRADE
VIC1,29-01-2020 03:00,4240.64,53.03,TRADE
VIC1,29-01-2020 03:30,4275.05,51,TRADE
VIC1,29-01-2020 04:00,4250.46,50.54,TRADE
VIC1,29-01-2020 04:30,4394.56,53.75,TRADE
VIC1,29-01-2020 05:00,4502.56,55.79,TRADE
VIC1,29-01-2020 05:30,4780.32,59.17,TRADE
VIC1,29-01-2020 06:00,5003.4,67.41,TRADE
VIC1,29-01-2020 06:30,5270.35,63.29,TRADE
VIC1,29-01-2020 07:00,5419.35,89.83,TRADE
VIC1,29-01-2020 07:30,5327.73,61.27,TRADE
VIC1,29-01-2020 08:00,5297.19,57.72,TRADE
VIC1,29-01-2020 08:30,5214.53,51.02,TRADE
VIC1,29-01-2020 09:00,5071.41,51.24,TRADE
VIC1,29-01-2020 09:30,5003.9,57.56,TRADE
VIC1,29-01-2020 10:00,4971.91,51.81,TRADE
VIC1,29-01-2020 10:30,4914.13,57.26,TRADE
VIC1,29-01-2020 11:00,4989.84,61.49,TRADE
VIC1,29-01-2020 11:30,5037.25,68.12,TRADE
VIC1,29-01-2020 12:00,5124.71,73.51,TRADE
VIC1,29-01-2020 12:30,5182.87,89.07,TRADE
VIC1,29-01-2020 13:00,5273.6,97.85,TRADE
VIC1,29-01-2020 13:30,5416.75,92.16,TRADE
VIC1,29-01-2020 14:00,5550.85,89.47,TRADE
VIC1,29-01-2020 14:30,5698.01,94.45,TRADE
VIC1,29-01-2020 15:00,5887.26,102.48,TRADE
VIC1,29-01-2020 15:30,6114.29,154.14,TRADE
VIC1,29-01-2020 16:00,6355.92,199.45,TRADE
VIC1,29-01-2020 16:30,6562.41,82.82,TRADE
VIC1,29-01-2020 17:00,6773.49,155.12,TRADE
VIC1,29-01-2020 17:30,6865.11,91.04,TRADE
VIC1,29-01-2020 18:00,6973.54,127.94,TRADE
VIC1,29-01-2020 18:30,6989.72,100.48,TRADE
VIC1,29-01-2020 19:00,6934.33,103.36,TRADE
VIC1,29-01-2020 19:30,6746.1,92.46,TRADE
VIC1,29-01-2020 20:00,6536.83,75.55,TRADE
VIC1,29-01-2020 20:30,6403.6,71.86,TRADE
VIC1,29-01-2020 21:00,6055.97,56,TRADE
VIC1,29-01-2020 21:30,5820.68,55.77,TRADE
VIC1,29-01-2020 22:00,5509.73,51.53,TRADE
VIC1,29-01-2020 22:30,5278.4,58.78,TRADE
VIC1,29-01-2020 23:00,5135.26,50.34,TRADE
VIC1,29-01-2020 23:30,5260.93,49.96,TRADE
VIC1,30-01-2020 00:00,5131.4,51.42,TRADE
VIC1,30-01-2020 00:30,4889.49,50.36,TRADE
VIC1,30-01-2020 01:00,4689.11,49.86,TRADE
VIC1,30-01-2020 01:30,4618.03,47.84,TRADE
VIC1,30-01-2020 02:00,4466.03,44.52,TRADE
VIC1,30-01-2020 02:30,4366.74,44.08,TRADE
VIC1,30-01-2020 03:00,4286.84,38.12,TRADE
VIC1,30-01-2020 03:30,4314.62,37.69,TRADE
VIC1,30-01-2020 04:00,4316.22,39.94,TRADE
VIC1,30-01-2020 04:30,4387.58,38.57,TRADE
VIC1,30-01-2020 05:00,4513.21,39.39,TRADE
VIC1,30-01-2020 05:30,4793.55,42.82,TRADE
VIC1,30-01-2020 06:00,4999.8,45.41,TRADE
VIC1,30-01-2020 06:30,5257.66,46.34,TRADE
VIC1,30-01-2020 07:00,5379.56,48.13,TRADE
VIC1,30-01-2020 07:30,5343.6,45.24,TRADE
VIC1,30-01-2020 08:00,5367.52,47.8,TRADE
VIC1,30-01-2020 08:30,5441.21,55.49,TRADE
VIC1,30-01-2020 09:00,5485.35,54.23,TRADE
VIC1,30-01-2020 09:30,5579.37,54.32,TRADE
VIC1,30-01-2020 10:00,5716.18,51.62,TRADE
VIC1,30-01-2020 10:30,5882.88,53.23,TRADE
VIC1,30-01-2020 11:00,6127.15,60.14,TRADE
VIC1,30-01-2020 11:30,6283.03,73.95,TRADE
VIC1,30-01-2020 12:00,6492.43,89.61,TRADE
VIC1,30-01-2020 12:30,6717.77,134.05,TRADE
VIC1,30-01-2020 13:00,6880.34,102.02,TRADE
VIC1,30-01-2020 13:30,7268.94,272.29,TRADE
VIC1,30-01-2020 14:00,7503.3,233.69,TRADE
VIC1,30-01-2020 14:30,7791.04,265.81,TRADE
VIC1,30-01-2020 15:00,8122.32,211.53,TRADE
VIC1,30-01-2020 15:30,8508.96,301.04,TRADE
VIC1,30-01-2020 16:00,8753.82,308.2,TRADE
VIC1,30-01-2020 16:30,8985.65,332.04,TRADE
VIC1,30-01-2020 17:00,9158.67,2122.89,TRADE
VIC1,30-01-2020 17:30,9143.58,1958.14,TRADE
VIC1,30-01-2020 18:00,9283.72,4589.99,TRADE
VIC1,30-01-2020 18:30,9268.21,11096.38,TRADE
VIC1,30-01-2020 19:00,9030.93,11948.35,TRADE
VIC1,30-01-2020 19:30,8767.01,211.63,TRADE
VIC1,30-01-2020 20:00,8537.84,300.42,TRADE
VIC1,30-01-2020 20:30,8192.74,148.86,TRADE
VIC1,30-01-2020 21:00,7641.47,97.68,TRADE
VIC1,30-01-2020 21:30,7131.77,82.1,TRADE
VIC1,30-01-2020 22:00,6664.18,65.19,TRADE
VIC1,30-01-2020 22:30,6234.14,74.91,TRADE
VIC1,30-01-2020 23:00,5933.96,74.31,TRADE
VIC1,30-01-2020 23:30,5984.06,74.5,TRADE
VIC1,31-01-2020 00:00,5718.76,63.97,TRADE
VIC1,31-01-2020 00:30,5355.78,71.82,TRADE
VIC1,31-01-2020 01:00,5136.11,77.03,TRADE
VIC1,31-01-2020 01:30,4940.76,68.99,TRADE
VIC1,31-01-2020 02:00,4798.8,68.28,TRADE
VIC1,31-01-2020 02:30,4707.65,68.54,TRADE
VIC1,31-01-2020 03:00,4658.31,55.63,TRADE
VIC1,31-01-2020 03:30,4649.81,49.61,TRADE
VIC1,31-01-2020 04:00,4684.01,48.86,TRADE
VIC1,31-01-2020 04:30,4760.5,32.83,TRADE
VIC1,31-01-2020 05:00,4866.76,31.91,TRADE
VIC1,31-01-2020 05:30,5185.5,53.63,TRADE
VIC1,31-01-2020 06:00,5411.53,68.15,TRADE
VIC1,31-01-2020 06:30,5743.38,87.45,TRADE
VIC1,31-01-2020 07:00,5998.5,92.56,TRADE
VIC1,31-01-2020 07:30,6109.73,74.5,TRADE
VIC1,31-01-2020 08:00,6378.33,77.4,TRADE
VIC1,31-01-2020 08:30,6731.03,86.48,TRADE
VIC1,31-01-2020 09:00,7041.11,84.06,TRADE
VIC1,31-01-2020 09:30,7304.25,94.65,TRADE
VIC1,31-01-2020 10:00,7531.54,98.38,TRADE
VIC1,31-01-2020 10:30,7875.38,103.18,TRADE
VIC1,31-01-2020 11:00,8073.66,94.97,TRADE
VIC1,31-01-2020 11:30,8249.31,94.86,TRADE
VIC1,31-01-2020 12:00,8300.77,121.95,TRADE
VIC1,31-01-2020 12:30,8356.35,267.99,TRADE
VIC1,31-01-2020 13:00,8520.98,236.15,TRADE
VIC1,31-01-2020 13:30,8616.37,128.77,TRADE
VIC1,31-01-2020 14:00,8351.12,294.04,TRADE
VIC1,31-01-2020 14:30,8532.72,211.8,TRADE
VIC1,31-01-2020 15:00,8885.27,10033.56,TRADE
VIC1,31-01-2020 15:30,9095.53,14700,TRADE
VIC1,31-01-2020 16:00,9134.39,7322.47,TRADE
VIC1,31-01-2020 16:30,9303.03,10110.91,TRADE
VIC1,31-01-2020 17:00,9507.26,14700,TRADE
VIC1,31-01-2020 17:30,9305.43,7430.59,TRADE
VIC1,31-01-2020 18:00,9238.22,14658.32,TRADE
VIC1,31-01-2020 18:30,9180.46,12492.44,TRADE
VIC1,31-01-2020 19:00,9023.92,9821.81,TRADE
VIC1,31-01-2020 19:30,8511.94,26.21,TRADE
VIC1,31-01-2020 20:00,8239.69,131.9,TRADE
VIC1,31-01-2020 20:30,7924.4,160.36,TRADE
VIC1,31-01-2020 21:00,7582.53,89.9,TRADE
VIC1,31-01-2020 21:30,7389.51,97.29,TRADE
VIC1,31-01-2020 22:00,6998.71,68.37,TRADE
VIC1,31-01-2020 22:30,6598.3,100,TRADE
VIC1,31-01-2020 23:00,6400.76,67.42,TRADE
VIC1,31-01-2020 23:30,6399.52,72.94,TRADE
VIC1,01-02-2020 00:00,6117.42,64.98,TRADE
