REGION,SETTLEMENTDATE,TOTALDEMAND,RRP,PERIODTYPE,Day,Month,Year
VIC1,1/9/20 0:30,5074.43,57.13,TRADE,1,9,2020
VIC1,1/9/20 1:00,4981.56,52.82,TRADE,1,9,2020
VIC1,1/9/20 1:30,4856.36,50.82,TRADE,1,9,2020
VIC1,1/9/20 2:00,4682.04,50.2,TRADE,1,9,2020
VIC1,1/9/20 2:30,4537.91,43.81,TRADE,1,9,2020
VIC1,1/9/20 3:00,4449.52,41.96,TRADE,1,9,2020
VIC1,1/9/20 3:30,4325.01,43.02,TRADE,1,9,2020
VIC1,1/9/20 4:00,4299.91,38.22,TRADE,1,9,2020
VIC1,1/9/20 4:30,4342.89,35.43,TRADE,1,9,2020
VIC1,1/9/20 5:00,4353.47,32.31,TRADE,1,9,2020
VIC1,1/9/20 5:30,4521.39,36.89,TRADE,1,9,2020
VIC1,1/9/20 6:00,4755.31,45.01,TRADE,1,9,2020
VIC1,1/9/20 6:30,5132.62,54.83,TRADE,1,9,2020
VIC1,1/9/20 7:00,5454.6,62.6,TRADE,1,9,2020
VIC1,1/9/20 7:30,5652.85,46.72,TRADE,1,9,2020
VIC1,1/9/20 8:00,5801.57,43.69,TRADE,1,9,2020
VIC1,1/9/20 8:30,5878.78,41.66,TRADE,1,9,2020
VIC1,1/9/20 9:00,5691.85,42.91,TRADE,1,9,2020
VIC1,1/9/20 9:30,5514.05,36.01,TRADE,1,9,2020
VIC1,1/9/20 10:00,5161.39,46.89,TRADE,1,9,2020
VIC1,1/9/20 10:30,4817.38,37.62,TRADE,1,9,2020
VIC1,1/9/20 11:00,4596.69,42.85,TRADE,1,9,2020
VIC1,1/9/20 11:30,4424,38.83,TRADE,1,9,2020
VIC1,1/9/20 12:00,4287.74,32.8,TRADE,1,9,2020
VIC1,1/9/20 12:30,4177.3,29.79,TRADE,1,9,2020
VIC1,1/9/20 13:00,4115.4,31.87,TRADE,1,9,2020
VIC1,1/9/20 13:30,4018.49,4.2,TRADE,1,9,2020
VIC1,1/9/20 14:00,3956.64,8.43,TRADE,1,9,2020
VIC1,1/9/20 14:30,4006.59,11.72,TRADE,1,9,2020
VIC1,1/9/20 15:00,4098.48,23.56,TRADE,1,9,2020
VIC1,1/9/20 15:30,4217.83,23.94,TRADE,1,9,2020
VIC1,1/9/20 16:00,4478.88,30.94,TRADE,1,9,2020
VIC1,1/9/20 16:30,4696.01,41.39,TRADE,1,9,2020
VIC1,1/9/20 17:00,4983.63,51.14,TRADE,1,9,2020
VIC1,1/9/20 17:30,5440.03,41.57,TRADE,1,9,2020
VIC1,1/9/20 18:00,5910.31,138.88,TRADE,1,9,2020
VIC1,1/9/20 18:30,6271.56,231.93,TRADE,1,9,2020
VIC1,1/9/20 19:00,6293.68,163.08,TRADE,1,9,2020
VIC1,1/9/20 19:30,6158.84,49.89,TRADE,1,9,2020
VIC1,1/9/20 20:00,6033.88,51.91,TRADE,1,9,2020
VIC1,1/9/20 20:30,5864.7,57.23,TRADE,1,9,2020
VIC1,1/9/20 21:00,5695.56,56.57,TRADE,1,9,2020
VIC1,1/9/20 21:30,5533.12,47.34,TRADE,1,9,2020
VIC1,1/9/20 22:00,5315.99,38.77,TRADE,1,9,2020
VIC1,1/9/20 22:30,5114.53,40.49,TRADE,1,9,2020
VIC1,1/9/20 23:00,4966.96,36.26,TRADE,1,9,2020
VIC1,1/9/20 23:30,5035.6,37.8,TRADE,1,9,2020
VIC1,2/9/20 0:00,4970.12,37.81,TRADE,2,9,2020
VIC1,2/9/20 0:30,4779.21,35.18,TRADE,2,9,2020
VIC1,2/9/20 1:00,4630.78,35.8,TRADE,2,9,2020
VIC1,2/9/20 1:30,4435.97,33.21,TRADE,2,9,2020
VIC1,2/9/20 2:00,4254.31,29.59,TRADE,2,9,2020
VIC1,2/9/20 2:30,4103.15,9.15,TRADE,2,9,2020
VIC1,2/9/20 3:00,3972.25,7.57,TRADE,2,9,2020
VIC1,2/9/20 3:30,3899.9,-1.07,TRADE,2,9,2020
VIC1,2/9/20 4:00,3876.69,-0.37,TRADE,2,9,2020
VIC1,2/9/20 4:30,3857.97,0,TRADE,2,9,2020
VIC1,2/9/20 5:00,3903.45,2.34,TRADE,2,9,2020
VIC1,2/9/20 5:30,4074.78,7.01,TRADE,2,9,2020
VIC1,2/9/20 6:00,4251.2,9.15,TRADE,2,9,2020
VIC1,2/9/20 6:30,4707.68,35.17,TRADE,2,9,2020
VIC1,2/9/20 7:00,4988.65,42.33,TRADE,2,9,2020
VIC1,2/9/20 7:30,5075.58,33.91,TRADE,2,9,2020
VIC1,2/9/20 8:00,5337.36,40.57,TRADE,2,9,2020
VIC1,2/9/20 8:30,5515.12,43.57,TRADE,2,9,2020
VIC1,2/9/20 9:00,5540.48,33.62,TRADE,2,9,2020
VIC1,2/9/20 9:30,5426.77,35.03,TRADE,2,9,2020
VIC1,2/9/20 10:00,5220.3,24.18,TRADE,2,9,2020
VIC1,2/9/20 10:30,5110.57,27.57,TRADE,2,9,2020
VIC1,2/9/20 11:00,4995.59,18.57,TRADE,2,9,2020
VIC1,2/9/20 11:30,4720.7,8.76,TRADE,2,9,2020
VIC1,2/9/20 12:00,4472.31,6.69,TRADE,2,9,2020
VIC1,2/9/20 12:30,4244.78,4.3,TRADE,2,9,2020
VIC1,2/9/20 13:00,3941.32,2.77,TRADE,2,9,2020
VIC1,2/9/20 13:30,3883.58,1.56,TRADE,2,9,2020
VIC1,2/9/20 14:00,3882.91,12.88,TRADE,2,9,2020
VIC1,2/9/20 14:30,3937.33,6.79,TRADE,2,9,2020
VIC1,2/9/20 15:00,4018.8,8.01,TRADE,2,9,2020
VIC1,2/9/20 15:30,4182.91,10.59,TRADE,2,9,2020
VIC1,2/9/20 16:00,4505.56,30.7,TRADE,2,9,2020
VIC1,2/9/20 16:30,4726.17,33.77,TRADE,2,9,2020
VIC1,2/9/20 17:00,4874.35,43.62,TRADE,2,9,2020
VIC1,2/9/20 17:30,5164.85,38.56,TRADE,2,9,2020
VIC1,2/9/20 18:00,5477.83,43.36,TRADE,2,9,2020
VIC1,2/9/20 18:30,5831.87,111.06,TRADE,2,9,2020
VIC1,2/9/20 19:00,5888.64,95.2,TRADE,2,9,2020
VIC1,2/9/20 19:30,5729.52,45.87,TRADE,2,9,2020
VIC1,2/9/20 20:00,5573.98,50.08,TRADE,2,9,2020
VIC1,2/9/20 20:30,5375.3,54.69,TRADE,2,9,2020
VIC1,2/9/20 21:00,5245.16,47.09,TRADE,2,9,2020
VIC1,2/9/20 21:30,5087.63,40.81,TRADE,2,9,2020
VIC1,2/9/20 22:00,5021.9,42.2,TRADE,2,9,2020
VIC1,2/9/20 22:30,4811.99,51.95,TRADE,2,9,2020
VIC1,2/9/20 23:00,4699.84,37.78,TRADE,2,9,2020
VIC1,2/9/20 23:30,4868.23,39.83,TRADE,2,9,2020
VIC1,3/9/20 0:00,4874.54,43.3,TRADE,3,9,2020
VIC1,3/9/20 0:30,4709.91,39.95,TRADE,3,9,2020
VIC1,3/9/20 1:00,4537.11,31.23,TRADE,3,9,2020
VIC1,3/9/20 1:30,4384.58,32.94,TRADE,3,9,2020
VIC1,3/9/20 2:00,4214.12,31.61,TRADE,3,9,2020
VIC1,3/9/20 2:30,4020.69,8.1,TRADE,3,9,2020
VIC1,3/9/20 3:00,3926.91,10.1,TRADE,3,9,2020
VIC1,3/9/20 3:30,3803.15,4.69,TRADE,3,9,2020
VIC1,3/9/20 4:00,3757.01,0.8,TRADE,3,9,2020
VIC1,3/9/20 4:30,3805.01,4.16,TRADE,3,9,2020
VIC1,3/9/20 5:00,3844.73,3.12,TRADE,3,9,2020
VIC1,3/9/20 5:30,3985.42,10.67,TRADE,3,9,2020
VIC1,3/9/20 6:00,4158.38,25.43,TRADE,3,9,2020
VIC1,3/9/20 6:30,4549.16,32.53,TRADE,3,9,2020
VIC1,3/9/20 7:00,4810.91,43.3,TRADE,3,9,2020
VIC1,3/9/20 7:30,4918.94,34.43,TRADE,3,9,2020
VIC1,3/9/20 8:00,5053.87,34.78,TRADE,3,9,2020
VIC1,3/9/20 8:30,4941.23,27.58,TRADE,3,9,2020
VIC1,3/9/20 9:00,4678.62,15.54,TRADE,3,9,2020
VIC1,3/9/20 9:30,4433.7,9.07,TRADE,3,9,2020
VIC1,3/9/20 10:00,4170.75,-9.9,TRADE,3,9,2020
VIC1,3/9/20 10:30,3969.39,-14.18,TRADE,3,9,2020
VIC1,3/9/20 11:00,3845.06,9.58,TRADE,3,9,2020
VIC1,3/9/20 11:30,3726.93,-15.83,TRADE,3,9,2020
VIC1,3/9/20 12:00,3644.42,-26.46,TRADE,3,9,2020
VIC1,3/9/20 12:30,3630.67,-16.5,TRADE,3,9,2020
VIC1,3/9/20 13:00,3650.53,-12.73,TRADE,3,9,2020
VIC1,3/9/20 13:30,3842.94,6.27,TRADE,3,9,2020
VIC1,3/9/20 14:00,3953.16,7.46,TRADE,3,9,2020
VIC1,3/9/20 14:30,4074.11,13.99,TRADE,3,9,2020
VIC1,3/9/20 15:00,4401.7,23.55,TRADE,3,9,2020
VIC1,3/9/20 15:30,4567.93,26.38,TRADE,3,9,2020
VIC1,3/9/20 16:00,4703.99,27.97,TRADE,3,9,2020
VIC1,3/9/20 16:30,4774.2,19.22,TRADE,3,9,2020
VIC1,3/9/20 17:00,5001.04,35.85,TRADE,3,9,2020
VIC1,3/9/20 17:30,5295.81,40.94,TRADE,3,9,2020
VIC1,3/9/20 18:00,5642.68,58.15,TRADE,3,9,2020
VIC1,3/9/20 18:30,5803.92,67.53,TRADE,3,9,2020
VIC1,3/9/20 19:00,5774.68,58.51,TRADE,3,9,2020
VIC1,3/9/20 19:30,5700.86,41.25,TRADE,3,9,2020
VIC1,3/9/20 20:00,5581.76,44.58,TRADE,3,9,2020
VIC1,3/9/20 20:30,5508.07,48.93,TRADE,3,9,2020
VIC1,3/9/20 21:00,5319.04,42.77,TRADE,3,9,2020
VIC1,3/9/20 21:30,5183.68,39.83,TRADE,3,9,2020
VIC1,3/9/20 22:00,5030.15,38.12,TRADE,3,9,2020
VIC1,3/9/20 22:30,4850.83,36.7,TRADE,3,9,2020
VIC1,3/9/20 23:00,4705.46,31.65,TRADE,3,9,2020
VIC1,3/9/20 23:30,4893.17,31.94,TRADE,3,9,2020
VIC1,4/9/20 0:00,4888.51,35.51,TRADE,4,9,2020
VIC1,4/9/20 0:30,4749.18,39.97,TRADE,4,9,2020
VIC1,4/9/20 1:00,4602.01,31.85,TRADE,4,9,2020
VIC1,4/9/20 1:30,4461.47,34.6,TRADE,4,9,2020
VIC1,4/9/20 2:00,4304.01,32.17,TRADE,4,9,2020
VIC1,4/9/20 2:30,4148.8,20.95,TRADE,4,9,2020
VIC1,4/9/20 3:00,4075.83,19.7,TRADE,4,9,2020
VIC1,4/9/20 3:30,4057.08,21.06,TRADE,4,9,2020
VIC1,4/9/20 4:00,4015.83,21.77,TRADE,4,9,2020
VIC1,4/9/20 4:30,4075.92,25.73,TRADE,4,9,2020
VIC1,4/9/20 5:00,4087.49,28.69,TRADE,4,9,2020
VIC1,4/9/20 5:30,4217.72,37.83,TRADE,4,9,2020
VIC1,4/9/20 6:00,4467.11,40,TRADE,4,9,2020
VIC1,4/9/20 6:30,4817.12,43.04,TRADE,4,9,2020
VIC1,4/9/20 7:00,5119.65,54.46,TRADE,4,9,2020
VIC1,4/9/20 7:30,5271.53,44.94,TRADE,4,9,2020
VIC1,4/9/20 8:00,5390.49,52.02,TRADE,4,9,2020
VIC1,4/9/20 8:30,5433.59,56.54,TRADE,4,9,2020
VIC1,4/9/20 9:00,5401.81,55.33,TRADE,4,9,2020
VIC1,4/9/20 9:30,5229.2,55.17,TRADE,4,9,2020
VIC1,4/9/20 10:00,5071.25,53.95,TRADE,4,9,2020
VIC1,4/9/20 10:30,4906.92,44.39,TRADE,4,9,2020
VIC1,4/9/20 11:00,4707.75,31.91,TRADE,4,9,2020
VIC1,4/9/20 11:30,4440.13,6.29,TRADE,4,9,2020
VIC1,4/9/20 12:00,4329.64,16.24,TRADE,4,9,2020
VIC1,4/9/20 12:30,4356.66,6.69,TRADE,4,9,2020
VIC1,4/9/20 13:00,4281.31,4.86,TRADE,4,9,2020
VIC1,4/9/20 13:30,4261.98,8.08,TRADE,4,9,2020
VIC1,4/9/20 14:00,4361.45,9.14,TRADE,4,9,2020
VIC1,4/9/20 14:30,4350.3,8.14,TRADE,4,9,2020
VIC1,4/9/20 15:00,4198.93,9.18,TRADE,4,9,2020
VIC1,4/9/20 15:30,4206.63,17.31,TRADE,4,9,2020
VIC1,4/9/20 16:00,4437.66,46.68,TRADE,4,9,2020
VIC1,4/9/20 16:30,4620.46,19.74,TRADE,4,9,2020
VIC1,4/9/20 17:00,4922.26,40.13,TRADE,4,9,2020
VIC1,4/9/20 17:30,5187.66,52.76,TRADE,4,9,2020
VIC1,4/9/20 18:00,5496.34,43.05,TRADE,4,9,2020
VIC1,4/9/20 18:30,5752.36,48.91,TRADE,4,9,2020
VIC1,4/9/20 19:00,5877.28,68.75,TRADE,4,9,2020
VIC1,4/9/20 19:30,5800.26,62.21,TRADE,4,9,2020
VIC1,4/9/20 20:00,5618.53,58.59,TRADE,4,9,2020
VIC1,4/9/20 20:30,5460.04,49.77,TRADE,4,9,2020
VIC1,4/9/20 21:00,5354.42,45.49,TRADE,4,9,2020
VIC1,4/9/20 21:30,5221.37,42.47,TRADE,4,9,2020
VIC1,4/9/20 22:00,5057.99,41,TRADE,4,9,2020
VIC1,4/9/20 22:30,4913.43,43.13,TRADE,4,9,2020
VIC1,4/9/20 23:00,4792.46,38.38,TRADE,4,9,2020
VIC1,4/9/20 23:30,4931.47,35.62,TRADE,4,9,2020
VIC1,5/9/20 0:00,4937.33,35.28,TRADE,5,9,2020
VIC1,5/9/20 0:30,4757.63,35.47,TRADE,5,9,2020
VIC1,5/9/20 1:00,4577.35,33.75,TRADE,5,9,2020
VIC1,5/9/20 1:30,4434.6,33.32,TRADE,5,9,2020
VIC1,5/9/20 2:00,4273.98,28,TRADE,5,9,2020
VIC1,5/9/20 2:30,4137.47,30.17,TRADE,5,9,2020
VIC1,5/9/20 3:00,4033.76,27.97,TRADE,5,9,2020
VIC1,5/9/20 3:30,3968.66,28.56,TRADE,5,9,2020
VIC1,5/9/20 4:00,3912.21,27.9,TRADE,5,9,2020
VIC1,5/9/20 4:30,3862.48,30.05,TRADE,5,9,2020
VIC1,5/9/20 5:00,3872.99,25.41,TRADE,5,9,2020
VIC1,5/9/20 5:30,3984.61,34.28,TRADE,5,9,2020
VIC1,5/9/20 6:00,3998.27,36.67,TRADE,5,9,2020
VIC1,5/9/20 6:30,4181.58,38.61,TRADE,5,9,2020
VIC1,5/9/20 7:00,4303.91,45.27,TRADE,5,9,2020
VIC1,5/9/20 7:30,4328.99,46.99,TRADE,5,9,2020
VIC1,5/9/20 8:00,4360.53,38.37,TRADE,5,9,2020
VIC1,5/9/20 8:30,4354.23,40.04,TRADE,5,9,2020
VIC1,5/9/20 9:00,4253.89,36.7,TRADE,5,9,2020
VIC1,5/9/20 9:30,4135.35,34.22,TRADE,5,9,2020
VIC1,5/9/20 10:00,4051.64,36.27,TRADE,5,9,2020
VIC1,5/9/20 10:30,3880.81,35.26,TRADE,5,9,2020
VIC1,5/9/20 11:00,3888.63,28.87,TRADE,5,9,2020
VIC1,5/9/20 11:30,3813.78,17.9,TRADE,5,9,2020
VIC1,5/9/20 12:00,3753.9,24.03,TRADE,5,9,2020
VIC1,5/9/20 12:30,3692.01,6.4,TRADE,5,9,2020
VIC1,5/9/20 13:00,3665.09,24.79,TRADE,5,9,2020
VIC1,5/9/20 13:30,3607.05,12.21,TRADE,5,9,2020
VIC1,5/9/20 14:00,3631.59,33.19,TRADE,5,9,2020
VIC1,5/9/20 14:30,3651.02,32.5,TRADE,5,9,2020
VIC1,5/9/20 15:00,3626.69,30.31,TRADE,5,9,2020
VIC1,5/9/20 15:30,3742.26,32.72,TRADE,5,9,2020
VIC1,5/9/20 16:00,3967.84,41.04,TRADE,5,9,2020
VIC1,5/9/20 16:30,4201.16,40.57,TRADE,5,9,2020
VIC1,5/9/20 17:00,4523.12,46.51,TRADE,5,9,2020
VIC1,5/9/20 17:30,4890.64,57.2,TRADE,5,9,2020
VIC1,5/9/20 18:00,5264.9,143.57,TRADE,5,9,2020
VIC1,5/9/20 18:30,5591.72,132.25,TRADE,5,9,2020
VIC1,5/9/20 19:00,5780.68,112.59,TRADE,5,9,2020
VIC1,5/9/20 19:30,5713.86,93.52,TRADE,5,9,2020
VIC1,5/9/20 20:00,5573.89,63.47,TRADE,5,9,2020
VIC1,5/9/20 20:30,5422.01,66.77,TRADE,5,9,2020
VIC1,5/9/20 21:00,5308.84,77.42,TRADE,5,9,2020
VIC1,5/9/20 21:30,5205.8,69.06,TRADE,5,9,2020
VIC1,5/9/20 22:00,5092.36,89.55,TRADE,5,9,2020
VIC1,5/9/20 22:30,4967.51,63.1,TRADE,5,9,2020
VIC1,5/9/20 23:00,4881.52,64.15,TRADE,5,9,2020
VIC1,5/9/20 23:30,5007.88,63.69,TRADE,5,9,2020
VIC1,6/9/20 0:00,4984.59,74.32,TRADE,6,9,2020
VIC1,6/9/20 0:30,4793.85,60.52,TRADE,6,9,2020
VIC1,6/9/20 1:00,4636.46,55.49,TRADE,6,9,2020
VIC1,6/9/20 1:30,4497.02,51.09,TRADE,6,9,2020
VIC1,6/9/20 2:00,4321.79,45.98,TRADE,6,9,2020
VIC1,6/9/20 2:30,4165.77,39.48,TRADE,6,9,2020
VIC1,6/9/20 3:00,4047.89,36.2,TRADE,6,9,2020
VIC1,6/9/20 3:30,3963.63,37.38,TRADE,6,9,2020
VIC1,6/9/20 4:00,3902.44,33.79,TRADE,6,9,2020
VIC1,6/9/20 4:30,3879.6,33.59,TRADE,6,9,2020
VIC1,6/9/20 5:00,3867.74,34.58,TRADE,6,9,2020
VIC1,6/9/20 5:30,3919.14,38.48,TRADE,6,9,2020
VIC1,6/9/20 6:00,3957.78,38.09,TRADE,6,9,2020
VIC1,6/9/20 6:30,4071.29,36.53,TRADE,6,9,2020
VIC1,6/9/20 7:00,4123.7,36.53,TRADE,6,9,2020
VIC1,6/9/20 7:30,4104.72,36.18,TRADE,6,9,2020
VIC1,6/9/20 8:00,4117.71,31.98,TRADE,6,9,2020
VIC1,6/9/20 8:30,4066.98,27.64,TRADE,6,9,2020
VIC1,6/9/20 9:00,3953.43,23.8,TRADE,6,9,2020
VIC1,6/9/20 9:30,3814.07,30.14,TRADE,6,9,2020
VIC1,6/9/20 10:00,3580.25,20.25,TRADE,6,9,2020
VIC1,6/9/20 10:30,3340.23,-9.6,TRADE,6,9,2020
VIC1,6/9/20 11:00,3160.09,-1.29,TRADE,6,9,2020
VIC1,6/9/20 11:30,2987.95,-30.22,TRADE,6,9,2020
VIC1,6/9/20 12:00,2891.51,-30.15,TRADE,6,9,2020
VIC1,6/9/20 12:30,2804.98,-40.37,TRADE,6,9,2020
VIC1,6/9/20 13:00,2762.99,-41.34,TRADE,6,9,2020
VIC1,6/9/20 13:30,2744.16,-41.94,TRADE,6,9,2020
VIC1,6/9/20 14:00,2712.53,-41.13,TRADE,6,9,2020
VIC1,6/9/20 14:30,2747.9,-43.38,TRADE,6,9,2020
VIC1,6/9/20 15:00,2856.65,-28.87,TRADE,6,9,2020
VIC1,6/9/20 15:30,3026.93,-23.18,TRADE,6,9,2020
VIC1,6/9/20 16:00,3334.39,14.91,TRADE,6,9,2020
VIC1,6/9/20 16:30,3661.3,32.65,TRADE,6,9,2020
VIC1,6/9/20 17:00,4033.65,34.35,TRADE,6,9,2020
VIC1,6/9/20 17:30,4451.29,47.01,TRADE,6,9,2020
VIC1,6/9/20 18:00,4841.55,59.79,TRADE,6,9,2020
VIC1,6/9/20 18:30,5179.57,58.42,TRADE,6,9,2020
VIC1,6/9/20 19:00,5286.54,45.92,TRADE,6,9,2020
VIC1,6/9/20 19:30,5182.12,36.86,TRADE,6,9,2020
VIC1,6/9/20 20:00,5031.48,38.84,TRADE,6,9,2020
VIC1,6/9/20 20:30,4912.1,35.06,TRADE,6,9,2020
VIC1,6/9/20 21:00,4781.26,22.54,TRADE,6,9,2020
VIC1,6/9/20 21:30,4628.42,4.91,TRADE,6,9,2020
VIC1,6/9/20 22:00,4537.63,25.02,TRADE,6,9,2020
VIC1,6/9/20 22:30,4395.04,35.95,TRADE,6,9,2020
VIC1,6/9/20 23:00,4272.72,23.42,TRADE,6,9,2020
VIC1,6/9/20 23:30,4395.45,30.62,TRADE,6,9,2020
VIC1,7/9/20 0:00,4442.96,33.62,TRADE,7,9,2020
VIC1,7/9/20 0:30,4302.74,31.97,TRADE,7,9,2020
VIC1,7/9/20 1:00,4167.19,27.72,TRADE,7,9,2020
VIC1,7/9/20 1:30,4031.77,21.44,TRADE,7,9,2020
VIC1,7/9/20 2:00,3857.45,16.73,TRADE,7,9,2020
VIC1,7/9/20 2:30,3710.7,10.3,TRADE,7,9,2020
VIC1,7/9/20 3:00,3606.66,9.05,TRADE,7,9,2020
VIC1,7/9/20 3:30,3560.53,7.44,TRADE,7,9,2020
VIC1,7/9/20 4:00,3548.56,7.59,TRADE,7,9,2020
VIC1,7/9/20 4:30,3533.72,7.37,TRADE,7,9,2020
VIC1,7/9/20 5:00,3574.49,9.15,TRADE,7,9,2020
VIC1,7/9/20 5:30,3707.24,15.06,TRADE,7,9,2020
VIC1,7/9/20 6:00,3916,30.34,TRADE,7,9,2020
VIC1,7/9/20 6:30,4289.73,36.05,TRADE,7,9,2020
VIC1,7/9/20 7:00,4589.29,45.95,TRADE,7,9,2020
VIC1,7/9/20 7:30,4691.77,34.98,TRADE,7,9,2020
VIC1,7/9/20 8:00,4774.17,33.04,TRADE,7,9,2020
VIC1,7/9/20 8:30,4725.73,19.95,TRADE,7,9,2020
VIC1,7/9/20 9:00,4553.25,7.22,TRADE,7,9,2020
VIC1,7/9/20 9:30,4280.32,17.98,TRADE,7,9,2020
VIC1,7/9/20 10:00,3998.48,-10.33,TRADE,7,9,2020
VIC1,7/9/20 10:30,3806.42,-1.97,TRADE,7,9,2020
VIC1,7/9/20 11:00,3637.12,-10.48,TRADE,7,9,2020
VIC1,7/9/20 11:30,3518.11,-23.41,TRADE,7,9,2020
VIC1,7/9/20 12:00,3445.44,-31.9,TRADE,7,9,2020
VIC1,7/9/20 12:30,3441.78,-20.39,TRADE,7,9,2020
VIC1,7/9/20 13:00,3449.37,-10.69,TRADE,7,9,2020
VIC1,7/9/20 13:30,3437.74,-31.79,TRADE,7,9,2020
VIC1,7/9/20 14:00,3444.18,-12.73,TRADE,7,9,2020
VIC1,7/9/20 14:30,3475.88,-6.35,TRADE,7,9,2020
VIC1,7/9/20 15:00,3547.33,6.14,TRADE,7,9,2020
VIC1,7/9/20 15:30,3654.12,16.62,TRADE,7,9,2020
VIC1,7/9/20 16:00,3853.47,18.49,TRADE,7,9,2020
VIC1,7/9/20 16:30,4120.24,30.12,TRADE,7,9,2020
VIC1,7/9/20 17:00,4470.82,39.44,TRADE,7,9,2020
VIC1,7/9/20 17:30,4802.7,35.14,TRADE,7,9,2020
VIC1,7/9/20 18:00,5090.99,36.46,TRADE,7,9,2020
VIC1,7/9/20 18:30,5310.91,42.33,TRADE,7,9,2020
VIC1,7/9/20 19:00,5381.75,41.05,TRADE,7,9,2020
VIC1,7/9/20 19:30,5196.07,36.89,TRADE,7,9,2020
VIC1,7/9/20 20:00,5015.34,34.67,TRADE,7,9,2020
VIC1,7/9/20 20:30,4867.44,33.2,TRADE,7,9,2020
VIC1,7/9/20 21:00,4730.35,30.48,TRADE,7,9,2020
VIC1,7/9/20 21:30,4589.31,30.28,TRADE,7,9,2020
VIC1,7/9/20 22:00,4455.43,27.61,TRADE,7,9,2020
VIC1,7/9/20 22:30,4311.02,25.86,TRADE,7,9,2020
VIC1,7/9/20 23:00,4220.03,23.66,TRADE,7,9,2020
VIC1,7/9/20 23:30,4420.29,30.09,TRADE,7,9,2020
VIC1,8/9/20 0:00,4461.89,32.97,TRADE,8,9,2020
VIC1,8/9/20 0:30,4280.97,28.18,TRADE,8,9,2020
VIC1,8/9/20 1:00,4163.57,14.26,TRADE,8,9,2020
VIC1,8/9/20 1:30,3990.02,6.5,TRADE,8,9,2020
VIC1,8/9/20 2:00,3784.35,0.17,TRADE,8,9,2020
VIC1,8/9/20 2:30,3594.75,-1.75,TRADE,8,9,2020
VIC1,8/9/20 3:00,3516.53,-1.87,TRADE,8,9,2020
VIC1,8/9/20 3:30,3458.05,-9.41,TRADE,8,9,2020
VIC1,8/9/20 4:00,3433.17,-0.45,TRADE,8,9,2020
VIC1,8/9/20 4:30,3428.07,-0.56,TRADE,8,9,2020
VIC1,8/9/20 5:00,3485.41,7.19,TRADE,8,9,2020
VIC1,8/9/20 5:30,3632.88,16.45,TRADE,8,9,2020
VIC1,8/9/20 6:00,3774.31,14.05,TRADE,8,9,2020
VIC1,8/9/20 6:30,4069.1,34.07,TRADE,8,9,2020
VIC1,8/9/20 7:00,4291.77,42.01,TRADE,8,9,2020
VIC1,8/9/20 7:30,4412.37,35.27,TRADE,8,9,2020
VIC1,8/9/20 8:00,4474.63,33.76,TRADE,8,9,2020
VIC1,8/9/20 8:30,4606.46,30.68,TRADE,8,9,2020
VIC1,8/9/20 9:00,4597.2,32.05,TRADE,8,9,2020
VIC1,8/9/20 9:30,4648.96,26.19,TRADE,8,9,2020
VIC1,8/9/20 10:00,4628.46,32.97,TRADE,8,9,2020
VIC1,8/9/20 10:30,4784.61,39.39,TRADE,8,9,2020
VIC1,8/9/20 11:00,4846.3,36.54,TRADE,8,9,2020
VIC1,8/9/20 11:30,4936.15,37.69,TRADE,8,9,2020
VIC1,8/9/20 12:00,5082.27,55.78,TRADE,8,9,2020
VIC1,8/9/20 12:30,5210.04,50.71,TRADE,8,9,2020
VIC1,8/9/20 13:00,5226.8,45.45,TRADE,8,9,2020
VIC1,8/9/20 13:30,5221.21,45.65,TRADE,8,9,2020
VIC1,8/9/20 14:00,5188.23,42.54,TRADE,8,9,2020
VIC1,8/9/20 14:30,5054.07,52.11,TRADE,8,9,2020
VIC1,8/9/20 15:00,5035.33,46.01,TRADE,8,9,2020
VIC1,8/9/20 15:30,5031.28,46.77,TRADE,8,9,2020
VIC1,8/9/20 16:00,5050.75,43.74,TRADE,8,9,2020
VIC1,8/9/20 16:30,5138.38,46.52,TRADE,8,9,2020
VIC1,8/9/20 17:00,5250.18,81.78,TRADE,8,9,2020
VIC1,8/9/20 17:30,5390.39,46,TRADE,8,9,2020
VIC1,8/9/20 18:00,5636.34,48.05,TRADE,8,9,2020
VIC1,8/9/20 18:30,5790.05,50.07,TRADE,8,9,2020
VIC1,8/9/20 19:00,5828.46,51.02,TRADE,8,9,2020
VIC1,8/9/20 19:30,5691.45,43.28,TRADE,8,9,2020
VIC1,8/9/20 20:00,5523.4,41.72,TRADE,8,9,2020
VIC1,8/9/20 20:30,5382.66,43.42,TRADE,8,9,2020
VIC1,8/9/20 21:00,5225.94,43.89,TRADE,8,9,2020
VIC1,8/9/20 21:30,5115.55,41.85,TRADE,8,9,2020
VIC1,8/9/20 22:00,5014.76,38.85,TRADE,8,9,2020
VIC1,8/9/20 22:30,4826.83,39.11,TRADE,8,9,2020
VIC1,8/9/20 23:00,4743.41,37.2,TRADE,8,9,2020
VIC1,8/9/20 23:30,4884.42,42.04,TRADE,8,9,2020
VIC1,9/9/20 0:00,4884.16,42.29,TRADE,9,9,2020
VIC1,9/9/20 0:30,4698,36.02,TRADE,9,9,2020
VIC1,9/9/20 1:00,4537.21,33.79,TRADE,9,9,2020
VIC1,9/9/20 1:30,4413.75,29.96,TRADE,9,9,2020
VIC1,9/9/20 2:00,4227.91,18.01,TRADE,9,9,2020
VIC1,9/9/20 2:30,4113,28.24,TRADE,9,9,2020
VIC1,9/9/20 3:00,4019.72,21.83,TRADE,9,9,2020
VIC1,9/9/20 3:30,3940.95,18.6,TRADE,9,9,2020
VIC1,9/9/20 4:00,3869.66,4.91,TRADE,9,9,2020
VIC1,9/9/20 4:30,3945.25,27.17,TRADE,9,9,2020
VIC1,9/9/20 5:00,3967.86,15.6,TRADE,9,9,2020
VIC1,9/9/20 5:30,4139.05,31.7,TRADE,9,9,2020
VIC1,9/9/20 6:00,4307.93,35.55,TRADE,9,9,2020
VIC1,9/9/20 6:30,4632.26,40.1,TRADE,9,9,2020
VIC1,9/9/20 7:00,4904.44,44.3,TRADE,9,9,2020
VIC1,9/9/20 7:30,5053.95,42.87,TRADE,9,9,2020
VIC1,9/9/20 8:00,5185.3,44.53,TRADE,9,9,2020
VIC1,9/9/20 8:30,5178.9,41.78,TRADE,9,9,2020
VIC1,9/9/20 9:00,5036.6,38.62,TRADE,9,9,2020
VIC1,9/9/20 9:30,4926.87,37.01,TRADE,9,9,2020
VIC1,9/9/20 10:00,4762.61,33.85,TRADE,9,9,2020
VIC1,9/9/20 10:30,4626.14,38.01,TRADE,9,9,2020
VIC1,9/9/20 11:00,4463.59,34.24,TRADE,9,9,2020
VIC1,9/9/20 11:30,4340.58,34.86,TRADE,9,9,2020
VIC1,9/9/20 12:00,4198.41,22.93,TRADE,9,9,2020
VIC1,9/9/20 12:30,4075.35,15.56,TRADE,9,9,2020
VIC1,9/9/20 13:00,3997.64,8.3,TRADE,9,9,2020
VIC1,9/9/20 13:30,3964.09,24.85,TRADE,9,9,2020
VIC1,9/9/20 14:00,3940.39,32.48,TRADE,9,9,2020
VIC1,9/9/20 14:30,3936.06,31.76,TRADE,9,9,2020
VIC1,9/9/20 15:00,4037.18,28.75,TRADE,9,9,2020
VIC1,9/9/20 15:30,4149.24,27.46,TRADE,9,9,2020
VIC1,9/9/20 16:00,4300.92,11.74,TRADE,9,9,2020
VIC1,9/9/20 16:30,4463.66,29.02,TRADE,9,9,2020
VIC1,9/9/20 17:00,4783.61,57.06,TRADE,9,9,2020
VIC1,9/9/20 17:30,5116.98,73.39,TRADE,9,9,2020
VIC1,9/9/20 18:00,5481.65,75.47,TRADE,9,9,2020
VIC1,9/9/20 18:30,5828.29,74.07,TRADE,9,9,2020
VIC1,9/9/20 19:00,6019.68,64.03,TRADE,9,9,2020
VIC1,9/9/20 19:30,5890.89,42.58,TRADE,9,9,2020
VIC1,9/9/20 20:00,5753.82,56.74,TRADE,9,9,2020
VIC1,9/9/20 20:30,5596.89,41.8,TRADE,9,9,2020
VIC1,9/9/20 21:00,5465.41,38.21,TRADE,9,9,2020
VIC1,9/9/20 21:30,5302.56,35.67,TRADE,9,9,2020
VIC1,9/9/20 22:00,5125.88,32.97,TRADE,9,9,2020
VIC1,9/9/20 22:30,4925.03,33.82,TRADE,9,9,2020
VIC1,9/9/20 23:00,4822.8,34.19,TRADE,9,9,2020
VIC1,9/9/20 23:30,4928.82,37.8,TRADE,9,9,2020
VIC1,10/9/20 0:00,4916.8,39,TRADE,10,9,2020
VIC1,10/9/20 0:30,4722.34,33.92,TRADE,10,9,2020
VIC1,10/9/20 1:00,4573.36,18.61,TRADE,10,9,2020
VIC1,10/9/20 1:30,4476.56,21.2,TRADE,10,9,2020
VIC1,10/9/20 2:00,4336.09,9.73,TRADE,10,9,2020
VIC1,10/9/20 2:30,4179.69,10.28,TRADE,10,9,2020
VIC1,10/9/20 3:00,4049.64,9.32,TRADE,10,9,2020
VIC1,10/9/20 3:30,3990.9,5.75,TRADE,10,9,2020
VIC1,10/9/20 4:00,4006.27,10.1,TRADE,10,9,2020
VIC1,10/9/20 4:30,4051.68,12.07,TRADE,10,9,2020
VIC1,10/9/20 5:00,4119.57,14.45,TRADE,10,9,2020
VIC1,10/9/20 5:30,4290.92,25.9,TRADE,10,9,2020
VIC1,10/9/20 6:00,4481.45,29.5,TRADE,10,9,2020
VIC1,10/9/20 6:30,4804.86,34.43,TRADE,10,9,2020
VIC1,10/9/20 7:00,5089.17,56.94,TRADE,10,9,2020
VIC1,10/9/20 7:30,5189.91,36.59,TRADE,10,9,2020
VIC1,10/9/20 8:00,5256.38,34.72,TRADE,10,9,2020
VIC1,10/9/20 8:30,5183.31,34.96,TRADE,10,9,2020
VIC1,10/9/20 9:00,5014.92,29.21,TRADE,10,9,2020
VIC1,10/9/20 9:30,4790.09,25.69,TRADE,10,9,2020
VIC1,10/9/20 10:00,4488.09,18.88,TRADE,10,9,2020
VIC1,10/9/20 10:30,4266.34,25,TRADE,10,9,2020
VIC1,10/9/20 11:00,4106.96,25.04,TRADE,10,9,2020
VIC1,10/9/20 11:30,3935.07,19.11,TRADE,10,9,2020
VIC1,10/9/20 12:00,3772.49,6.69,TRADE,10,9,2020
VIC1,10/9/20 12:30,3832.38,9.82,TRADE,10,9,2020
VIC1,10/9/20 13:00,3816.66,6.71,TRADE,10,9,2020
VIC1,10/9/20 13:30,3846.13,17.33,TRADE,10,9,2020
VIC1,10/9/20 14:00,3859.14,12.76,TRADE,10,9,2020
VIC1,10/9/20 14:30,3928.83,14.69,TRADE,10,9,2020
VIC1,10/9/20 15:00,4003.17,22.98,TRADE,10,9,2020
VIC1,10/9/20 15:30,4089.85,27.25,TRADE,10,9,2020
VIC1,10/9/20 16:00,4191.46,28.95,TRADE,10,9,2020
VIC1,10/9/20 16:30,4370.51,31.36,TRADE,10,9,2020
VIC1,10/9/20 17:00,4651.72,45.03,TRADE,10,9,2020
VIC1,10/9/20 17:30,4956.8,84.43,TRADE,10,9,2020
VIC1,10/9/20 18:00,5251.66,113.36,TRADE,10,9,2020
VIC1,10/9/20 18:30,5473.6,64.7,TRADE,10,9,2020
VIC1,10/9/20 19:00,5579.35,55.8,TRADE,10,9,2020
VIC1,10/9/20 19:30,5541.14,41.62,TRADE,10,9,2020
VIC1,10/9/20 20:00,5368.06,41.53,TRADE,10,9,2020
VIC1,10/9/20 20:30,5258.92,36.75,TRADE,10,9,2020
VIC1,10/9/20 21:00,5051,34.65,TRADE,10,9,2020
VIC1,10/9/20 21:30,4916.16,29.76,TRADE,10,9,2020
VIC1,10/9/20 22:00,4737.95,22.73,TRADE,10,9,2020
VIC1,10/9/20 22:30,4628.81,31.94,TRADE,10,9,2020
VIC1,10/9/20 23:00,4494.6,21.4,TRADE,10,9,2020
VIC1,10/9/20 23:30,4715.91,34.22,TRADE,10,9,2020
VIC1,11/9/20 0:00,4726.67,33.62,TRADE,11,9,2020
VIC1,11/9/20 0:30,4533.27,29.39,TRADE,11,9,2020
VIC1,11/9/20 1:00,4376.53,20.56,TRADE,11,9,2020
VIC1,11/9/20 1:30,4262.77,27.14,TRADE,11,9,2020
VIC1,11/9/20 2:00,4092.12,13.12,TRADE,11,9,2020
VIC1,11/9/20 2:30,3920.83,-10.2,TRADE,11,9,2020
VIC1,11/9/20 3:00,3836.31,13.95,TRADE,11,9,2020
VIC1,11/9/20 3:30,3732.33,-22.15,TRADE,11,9,2020
VIC1,11/9/20 4:00,3677.21,-11.01,TRADE,11,9,2020
VIC1,11/9/20 4:30,3694.96,-12.2,TRADE,11,9,2020
VIC1,11/9/20 5:00,3748.56,-3.59,TRADE,11,9,2020
VIC1,11/9/20 5:30,3856.67,-17.91,TRADE,11,9,2020
VIC1,11/9/20 6:00,4077.29,6.68,TRADE,11,9,2020
VIC1,11/9/20 6:30,4438.98,34.64,TRADE,11,9,2020
VIC1,11/9/20 7:00,4702.83,72,TRADE,11,9,2020
VIC1,11/9/20 7:30,4767.67,28.62,TRADE,11,9,2020
VIC1,11/9/20 8:00,4733.11,30.76,TRADE,11,9,2020
VIC1,11/9/20 8:30,4696.13,29.65,TRADE,11,9,2020
VIC1,11/9/20 9:00,4504.39,13.25,TRADE,11,9,2020
VIC1,11/9/20 9:30,4317.88,-5.29,TRADE,11,9,2020
VIC1,11/9/20 10:00,4054.2,10.81,TRADE,11,9,2020
VIC1,11/9/20 10:30,3837.78,-4.94,TRADE,11,9,2020
VIC1,11/9/20 11:00,3711.09,-26.04,TRADE,11,9,2020
VIC1,11/9/20 11:30,3671.81,-31.13,TRADE,11,9,2020
VIC1,11/9/20 12:00,3700.47,-27.14,TRADE,11,9,2020
VIC1,11/9/20 12:30,3797.1,-12.82,TRADE,11,9,2020
VIC1,11/9/20 13:00,3974.27,-2.32,TRADE,11,9,2020
VIC1,11/9/20 13:30,4101.92,-2.63,TRADE,11,9,2020
VIC1,11/9/20 14:00,4223.52,29.14,TRADE,11,9,2020
VIC1,11/9/20 14:30,4311.19,32.88,TRADE,11,9,2020
VIC1,11/9/20 15:00,4331.01,28.2,TRADE,11,9,2020
VIC1,11/9/20 15:30,4370.24,33.69,TRADE,11,9,2020
VIC1,11/9/20 16:00,4474.3,34.23,TRADE,11,9,2020
VIC1,11/9/20 16:30,4678.91,31.84,TRADE,11,9,2020
VIC1,11/9/20 17:00,4922.7,44.16,TRADE,11,9,2020
VIC1,11/9/20 17:30,5148.9,46.98,TRADE,11,9,2020
VIC1,11/9/20 18:00,5352.38,83.16,TRADE,11,9,2020
VIC1,11/9/20 18:30,5506.13,49.73,TRADE,11,9,2020
VIC1,11/9/20 19:00,5619.11,41.68,TRADE,11,9,2020
VIC1,11/9/20 19:30,5458.89,35.21,TRADE,11,9,2020
VIC1,11/9/20 20:00,5278.03,32.08,TRADE,11,9,2020
VIC1,11/9/20 20:30,5136.07,33.6,TRADE,11,9,2020
VIC1,11/9/20 21:00,4995.93,33.89,TRADE,11,9,2020
VIC1,11/9/20 21:30,4902.45,31.48,TRADE,11,9,2020
VIC1,11/9/20 22:00,4807.88,32.83,TRADE,11,9,2020
VIC1,11/9/20 22:30,4747.08,44.58,TRADE,11,9,2020
VIC1,11/9/20 23:00,4671.38,39.02,TRADE,11,9,2020
VIC1,11/9/20 23:30,4804.85,37.4,TRADE,11,9,2020
VIC1,12/9/20 0:00,4813.55,36.4,TRADE,12,9,2020
VIC1,12/9/20 0:30,4617.85,33.66,TRADE,12,9,2020
VIC1,12/9/20 1:00,4400.6,18.93,TRADE,12,9,2020
VIC1,12/9/20 1:30,4249.94,10.22,TRADE,12,9,2020
VIC1,12/9/20 2:00,4071.01,0.04,TRADE,12,9,2020
VIC1,12/9/20 2:30,3897.2,-13.32,TRADE,12,9,2020
VIC1,12/9/20 3:00,3789.86,-6.97,TRADE,12,9,2020
VIC1,12/9/20 3:30,3724.91,3.18,TRADE,12,9,2020
VIC1,12/9/20 4:00,3638.39,0.24,TRADE,12,9,2020
VIC1,12/9/20 4:30,3621.45,5.4,TRADE,12,9,2020
VIC1,12/9/20 5:00,3663.51,19.98,TRADE,12,9,2020
VIC1,12/9/20 5:30,3748.55,26.78,TRADE,12,9,2020
VIC1,12/9/20 6:00,3793.88,32.07,TRADE,12,9,2020
VIC1,12/9/20 6:30,3961.29,33.15,TRADE,12,9,2020
VIC1,12/9/20 7:00,4042.36,35.77,TRADE,12,9,2020
VIC1,12/9/20 7:30,4167.88,38.77,TRADE,12,9,2020
VIC1,12/9/20 8:00,4277.16,37.35,TRADE,12,9,2020
VIC1,12/9/20 8:30,4502.91,39.25,TRADE,12,9,2020
VIC1,12/9/20 9:00,4671.07,40.33,TRADE,12,9,2020
VIC1,12/9/20 9:30,4745.54,41.17,TRADE,12,9,2020
VIC1,12/9/20 10:00,4825.27,40.95,TRADE,12,9,2020
VIC1,12/9/20 10:30,4858.2,41.36,TRADE,12,9,2020
VIC1,12/9/20 11:00,4823.71,16.21,TRADE,12,9,2020
VIC1,12/9/20 11:30,4776.33,32.21,TRADE,12,9,2020
VIC1,12/9/20 12:00,4756.69,29.43,TRADE,12,9,2020
VIC1,12/9/20 12:30,4792.63,33.76,TRADE,12,9,2020
VIC1,12/9/20 13:00,4810.05,36.79,TRADE,12,9,2020
VIC1,12/9/20 13:30,4792.21,26.54,TRADE,12,9,2020
VIC1,12/9/20 14:00,4741.5,34,TRADE,12,9,2020
VIC1,12/9/20 14:30,4709.19,31.92,TRADE,12,9,2020
VIC1,12/9/20 15:00,4771.18,34.52,TRADE,12,9,2020
VIC1,12/9/20 15:30,4845.9,38.7,TRADE,12,9,2020
VIC1,12/9/20 16:00,4958.27,42.54,TRADE,12,9,2020
VIC1,12/9/20 16:30,5056.98,43.82,TRADE,12,9,2020
VIC1,12/9/20 17:00,5225.87,45.86,TRADE,12,9,2020
VIC1,12/9/20 17:30,5434.59,49.69,TRADE,12,9,2020
VIC1,12/9/20 18:00,5686.14,57.33,TRADE,12,9,2020
VIC1,12/9/20 18:30,5820.72,63.76,TRADE,12,9,2020
VIC1,12/9/20 19:00,5781.65,57.69,TRADE,12,9,2020
VIC1,12/9/20 19:30,5599.93,52.73,TRADE,12,9,2020
VIC1,12/9/20 20:00,5414.08,44.25,TRADE,12,9,2020
VIC1,12/9/20 20:30,5242.73,38.42,TRADE,12,9,2020
VIC1,12/9/20 21:00,5054.94,44.39,TRADE,12,9,2020
VIC1,12/9/20 21:30,4961.7,40.3,TRADE,12,9,2020
VIC1,12/9/20 22:00,4891.82,39.06,TRADE,12,9,2020
VIC1,12/9/20 22:30,4760.78,39.4,TRADE,12,9,2020
VIC1,12/9/20 23:00,4684.72,37.64,TRADE,12,9,2020
VIC1,12/9/20 23:30,4812.51,41.05,TRADE,12,9,2020
VIC1,13/9/20 0:00,4809.93,40.97,TRADE,13,9,2020
VIC1,13/9/20 0:30,4631.02,40.71,TRADE,13,9,2020
VIC1,13/9/20 1:00,4479.57,39.98,TRADE,13,9,2020
VIC1,13/9/20 1:30,4327.54,36.21,TRADE,13,9,2020
VIC1,13/9/20 2:00,4141.77,34.59,TRADE,13,9,2020
VIC1,13/9/20 2:30,4011.79,29.72,TRADE,13,9,2020
VIC1,13/9/20 3:00,3896.79,28.37,TRADE,13,9,2020
VIC1,13/9/20 3:30,3821.05,18.27,TRADE,13,9,2020
VIC1,13/9/20 4:00,3755.05,9.19,TRADE,13,9,2020
VIC1,13/9/20 4:30,3711.46,9.53,TRADE,13,9,2020
VIC1,13/9/20 5:00,3687.86,11.99,TRADE,13,9,2020
VIC1,13/9/20 5:30,3714.37,10.45,TRADE,13,9,2020
VIC1,13/9/20 6:00,3720.84,10.29,TRADE,13,9,2020
VIC1,13/9/20 6:30,3844.84,29.34,TRADE,13,9,2020
VIC1,13/9/20 7:00,3875.2,27.76,TRADE,13,9,2020
VIC1,13/9/20 7:30,3871.83,17.39,TRADE,13,9,2020
VIC1,13/9/20 8:00,3939.64,26.84,TRADE,13,9,2020
VIC1,13/9/20 8:30,3987.08,30.52,TRADE,13,9,2020
VIC1,13/9/20 9:00,3999.4,29.62,TRADE,13,9,2020
VIC1,13/9/20 9:30,3978.32,27,TRADE,13,9,2020
VIC1,13/9/20 10:00,3859.56,24.28,TRADE,13,9,2020
VIC1,13/9/20 10:30,3784.73,21.55,TRADE,13,9,2020
VIC1,13/9/20 11:00,3631.15,16.22,TRADE,13,9,2020
VIC1,13/9/20 11:30,3447.19,13.14,TRADE,13,9,2020
VIC1,13/9/20 12:00,3257.57,7.93,TRADE,13,9,2020
VIC1,13/9/20 12:30,3148.76,6.02,TRADE,13,9,2020
VIC1,13/9/20 13:00,3066.14,-2.44,TRADE,13,9,2020
VIC1,13/9/20 13:30,2954.96,-5.12,TRADE,13,9,2020
VIC1,13/9/20 14:00,2905.97,-16.65,TRADE,13,9,2020
VIC1,13/9/20 14:30,2905.38,-19.02,TRADE,13,9,2020
VIC1,13/9/20 15:00,2988.87,-3.92,TRADE,13,9,2020
VIC1,13/9/20 15:30,3120.89,1.51,TRADE,13,9,2020
VIC1,13/9/20 16:00,3329.46,9.46,TRADE,13,9,2020
VIC1,13/9/20 16:30,3629.94,12.97,TRADE,13,9,2020
VIC1,13/9/20 17:00,4023.81,33.22,TRADE,13,9,2020
VIC1,13/9/20 17:30,4436.58,38.44,TRADE,13,9,2020
VIC1,13/9/20 18:00,4826.43,47.39,TRADE,13,9,2020
VIC1,13/9/20 18:30,5140.45,53.85,TRADE,13,9,2020
VIC1,13/9/20 19:00,5293.16,116.62,TRADE,13,9,2020
VIC1,13/9/20 19:30,5214.74,48.17,TRADE,13,9,2020
VIC1,13/9/20 20:00,5047.96,44.91,TRADE,13,9,2020
VIC1,13/9/20 20:30,4906.86,44.06,TRADE,13,9,2020
VIC1,13/9/20 21:00,4792.58,42.48,TRADE,13,9,2020
VIC1,13/9/20 21:30,4680.96,40.53,TRADE,13,9,2020
VIC1,13/9/20 22:00,4572.31,35.06,TRADE,13,9,2020
VIC1,13/9/20 22:30,4420.15,34.11,TRADE,13,9,2020
VIC1,13/9/20 23:00,4333.21,24.46,TRADE,13,9,2020
VIC1,13/9/20 23:30,4526.7,34.06,TRADE,13,9,2020
VIC1,14/9/20 0:00,4554.8,36.94,TRADE,14,9,2020
VIC1,14/9/20 0:30,4376.58,36.24,TRADE,14,9,2020
VIC1,14/9/20 1:00,4242.78,35.5,TRADE,14,9,2020
VIC1,14/9/20 1:30,4123.74,26.38,TRADE,14,9,2020
VIC1,14/9/20 2:00,3944.06,13.09,TRADE,14,9,2020
VIC1,14/9/20 2:30,3806.74,10.55,TRADE,14,9,2020
VIC1,14/9/20 3:00,3684.3,10.02,TRADE,14,9,2020
VIC1,14/9/20 3:30,3615.38,9.18,TRADE,14,9,2020
VIC1,14/9/20 4:00,3552.27,6.11,TRADE,14,9,2020
VIC1,14/9/20 4:30,3587.47,13.48,TRADE,14,9,2020
VIC1,14/9/20 5:00,3594.61,19.89,TRADE,14,9,2020
VIC1,14/9/20 5:30,3760.1,25.52,TRADE,14,9,2020
VIC1,14/9/20 6:00,3974.32,24.47,TRADE,14,9,2020
VIC1,14/9/20 6:30,4327.44,42.24,TRADE,14,9,2020
VIC1,14/9/20 7:00,4621,53.97,TRADE,14,9,2020
VIC1,14/9/20 7:30,4728.94,41.98,TRADE,14,9,2020
VIC1,14/9/20 8:00,4841.3,39.01,TRADE,14,9,2020
VIC1,14/9/20 8:30,4838.12,38.72,TRADE,14,9,2020
VIC1,14/9/20 9:00,4744.51,34.42,TRADE,14,9,2020
VIC1,14/9/20 9:30,4678.23,31.78,TRADE,14,9,2020
VIC1,14/9/20 10:00,4481.13,31.57,TRADE,14,9,2020
VIC1,14/9/20 10:30,4304.04,27.93,TRADE,14,9,2020
VIC1,14/9/20 11:00,4141.9,30.22,TRADE,14,9,2020
VIC1,14/9/20 11:30,4031.77,28.43,TRADE,14,9,2020
VIC1,14/9/20 12:00,4052.04,30.45,TRADE,14,9,2020
VIC1,14/9/20 12:30,3980.2,22.3,TRADE,14,9,2020
VIC1,14/9/20 13:00,3887.31,18.83,TRADE,14,9,2020
VIC1,14/9/20 13:30,3804.53,13.52,TRADE,14,9,2020
VIC1,14/9/20 14:00,3786.59,25.65,TRADE,14,9,2020
VIC1,14/9/20 14:30,3763.5,28.55,TRADE,14,9,2020
VIC1,14/9/20 15:00,3807.91,30.73,TRADE,14,9,2020
VIC1,14/9/20 15:30,3934.91,32.09,TRADE,14,9,2020
VIC1,14/9/20 16:00,4122.93,35.81,TRADE,14,9,2020
VIC1,14/9/20 16:30,4333.43,30.72,TRADE,14,9,2020
VIC1,14/9/20 17:00,4660.55,38.96,TRADE,14,9,2020
VIC1,14/9/20 17:30,5039.48,58.99,TRADE,14,9,2020
VIC1,14/9/20 18:00,5447.85,67.11,TRADE,14,9,2020
VIC1,14/9/20 18:30,5696.24,147.66,TRADE,14,9,2020
VIC1,14/9/20 19:00,5905.16,157.72,TRADE,14,9,2020
VIC1,14/9/20 19:30,5818.77,73.69,TRADE,14,9,2020
VIC1,14/9/20 20:00,5638.64,60.23,TRADE,14,9,2020
VIC1,14/9/20 20:30,5522.96,59.85,TRADE,14,9,2020
VIC1,14/9/20 21:00,5419.88,52.3,TRADE,14,9,2020
VIC1,14/9/20 21:30,5303.26,47.1,TRADE,14,9,2020
VIC1,14/9/20 22:00,5155.53,38.91,TRADE,14,9,2020
VIC1,14/9/20 22:30,4944.83,38.89,TRADE,14,9,2020
VIC1,14/9/20 23:00,4798.41,33.08,TRADE,14,9,2020
VIC1,14/9/20 23:30,5012.78,40.57,TRADE,14,9,2020
VIC1,15/9/20 0:00,4982.21,40.37,TRADE,15,9,2020
VIC1,15/9/20 0:30,4797.28,37.71,TRADE,15,9,2020
VIC1,15/9/20 1:00,4636.76,37.23,TRADE,15,9,2020
VIC1,15/9/20 1:30,4495.51,34.4,TRADE,15,9,2020
VIC1,15/9/20 2:00,4308.67,35.59,TRADE,15,9,2020
VIC1,15/9/20 2:30,4185.31,32.2,TRADE,15,9,2020
VIC1,15/9/20 3:00,4103.55,22.04,TRADE,15,9,2020
VIC1,15/9/20 3:30,4059.29,27.3,TRADE,15,9,2020
VIC1,15/9/20 4:00,4061.97,29.82,TRADE,15,9,2020
VIC1,15/9/20 4:30,4049.17,31.36,TRADE,15,9,2020
VIC1,15/9/20 5:00,4111.14,37.72,TRADE,15,9,2020
VIC1,15/9/20 5:30,4309.55,38.25,TRADE,15,9,2020
VIC1,15/9/20 6:00,4472.88,38.23,TRADE,15,9,2020
VIC1,15/9/20 6:30,4814.07,43.58,TRADE,15,9,2020
VIC1,15/9/20 7:00,5105,55.5,TRADE,15,9,2020
VIC1,15/9/20 7:30,5244.89,44.46,TRADE,15,9,2020
VIC1,15/9/20 8:00,5330.92,42.87,TRADE,15,9,2020
VIC1,15/9/20 8:30,5352.9,41.96,TRADE,15,9,2020
VIC1,15/9/20 9:00,5195.24,38.87,TRADE,15,9,2020
VIC1,15/9/20 9:30,4960.3,36.05,TRADE,15,9,2020
VIC1,15/9/20 10:00,4653.17,34.71,TRADE,15,9,2020
VIC1,15/9/20 10:30,4380.96,32.87,TRADE,15,9,2020
VIC1,15/9/20 11:00,4164.87,31.05,TRADE,15,9,2020
VIC1,15/9/20 11:30,4046.36,32.38,TRADE,15,9,2020
VIC1,15/9/20 12:00,3980.62,31.44,TRADE,15,9,2020
VIC1,15/9/20 12:30,3891.11,27,TRADE,15,9,2020
VIC1,15/9/20 13:00,3880.65,31.23,TRADE,15,9,2020
VIC1,15/9/20 13:30,3819.74,30.64,TRADE,15,9,2020
VIC1,15/9/20 14:00,3844.32,30.41,TRADE,15,9,2020
VIC1,15/9/20 14:30,3849.17,34.49,TRADE,15,9,2020
VIC1,15/9/20 15:00,3928.69,34.16,TRADE,15,9,2020
VIC1,15/9/20 15:30,4066.77,33.36,TRADE,15,9,2020
VIC1,15/9/20 16:00,4274.14,35.81,TRADE,15,9,2020
VIC1,15/9/20 16:30,4481.05,35.8,TRADE,15,9,2020
VIC1,15/9/20 17:00,4783.25,38.51,TRADE,15,9,2020
VIC1,15/9/20 17:30,5127.16,51.65,TRADE,15,9,2020
VIC1,15/9/20 18:00,5517.46,57.6,TRADE,15,9,2020
VIC1,15/9/20 18:30,5821.55,73.1,TRADE,15,9,2020
VIC1,15/9/20 19:00,6006.36,119.15,TRADE,15,9,2020
VIC1,15/9/20 19:30,5962.82,62.41,TRADE,15,9,2020
VIC1,15/9/20 20:00,5843.64,69.03,TRADE,15,9,2020
VIC1,15/9/20 20:30,5670.87,62.25,TRADE,15,9,2020
VIC1,15/9/20 21:00,5587.7,64.1,TRADE,15,9,2020
VIC1,15/9/20 21:30,5442.9,55.8,TRADE,15,9,2020
VIC1,15/9/20 22:00,5282.31,45.4,TRADE,15,9,2020
VIC1,15/9/20 22:30,5104.5,53.86,TRADE,15,9,2020
VIC1,15/9/20 23:00,4928.72,41.3,TRADE,15,9,2020
VIC1,15/9/20 23:30,5100.07,45.45,TRADE,15,9,2020
VIC1,16/9/20 0:00,5027.34,41.67,TRADE,16,9,2020
VIC1,16/9/20 0:30,4805,40.15,TRADE,16,9,2020
VIC1,16/9/20 1:00,4651.27,36.92,TRADE,16,9,2020
VIC1,16/9/20 1:30,4508.46,35.43,TRADE,16,9,2020
VIC1,16/9/20 2:00,4336.92,35.49,TRADE,16,9,2020
VIC1,16/9/20 2:30,4196.98,23.92,TRADE,16,9,2020
VIC1,16/9/20 3:00,4106.55,15.56,TRADE,16,9,2020
VIC1,16/9/20 3:30,4058.91,11.17,TRADE,16,9,2020
VIC1,16/9/20 4:00,4002.66,7.06,TRADE,16,9,2020
VIC1,16/9/20 4:30,3967.3,1.29,TRADE,16,9,2020
VIC1,16/9/20 5:00,3993.26,5.27,TRADE,16,9,2020
VIC1,16/9/20 5:30,4176.74,9.32,TRADE,16,9,2020
VIC1,16/9/20 6:00,4367.79,26.59,TRADE,16,9,2020
VIC1,16/9/20 6:30,4678.93,39.08,TRADE,16,9,2020
VIC1,16/9/20 7:00,4931.42,41.5,TRADE,16,9,2020
VIC1,16/9/20 7:30,5039.32,36.33,TRADE,16,9,2020
VIC1,16/9/20 8:00,5090.95,31.66,TRADE,16,9,2020
VIC1,16/9/20 8:30,5085.87,31.2,TRADE,16,9,2020
VIC1,16/9/20 9:00,4889.96,13.27,TRADE,16,9,2020
VIC1,16/9/20 9:30,4744.33,20.76,TRADE,16,9,2020
VIC1,16/9/20 10:00,4473.59,14.55,TRADE,16,9,2020
VIC1,16/9/20 10:30,4098.9,-3.7,TRADE,16,9,2020
VIC1,16/9/20 11:00,3978.91,-13.12,TRADE,16,9,2020
VIC1,16/9/20 11:30,3880.73,-14.01,TRADE,16,9,2020
VIC1,16/9/20 12:00,3858.75,-20.11,TRADE,16,9,2020
VIC1,16/9/20 12:30,3912,-0.27,TRADE,16,9,2020
VIC1,16/9/20 13:00,3877.44,-6.83,TRADE,16,9,2020
VIC1,16/9/20 13:30,3870.61,6.4,TRADE,16,9,2020
VIC1,16/9/20 14:00,3992.53,29.99,TRADE,16,9,2020
VIC1,16/9/20 14:30,4156.02,32.64,TRADE,16,9,2020
VIC1,16/9/20 15:00,4342.82,45.24,TRADE,16,9,2020
VIC1,16/9/20 15:30,4524.28,44.77,TRADE,16,9,2020
VIC1,16/9/20 16:00,4678.09,42.02,TRADE,16,9,2020
VIC1,16/9/20 16:30,4725.49,41.8,TRADE,16,9,2020
VIC1,16/9/20 17:00,4862.76,47.56,TRADE,16,9,2020
VIC1,16/9/20 17:30,5117.32,55.5,TRADE,16,9,2020
VIC1,16/9/20 18:00,5388.69,64.37,TRADE,16,9,2020
VIC1,16/9/20 18:30,5584.89,114.31,TRADE,16,9,2020
VIC1,16/9/20 19:00,5703.78,134.23,TRADE,16,9,2020
VIC1,16/9/20 19:30,5525.4,54.68,TRADE,16,9,2020
VIC1,16/9/20 20:00,5459.55,59.51,TRADE,16,9,2020
VIC1,16/9/20 20:30,5288.28,53.77,TRADE,16,9,2020
VIC1,16/9/20 21:00,5160.31,55.21,TRADE,16,9,2020
VIC1,16/9/20 21:30,5093.34,51.38,TRADE,16,9,2020
VIC1,16/9/20 22:00,4929.15,40,TRADE,16,9,2020
VIC1,16/9/20 22:30,4798.69,40.54,TRADE,16,9,2020
VIC1,16/9/20 23:00,4750.23,36.68,TRADE,16,9,2020
VIC1,16/9/20 23:30,4922.93,38.03,TRADE,16,9,2020
VIC1,17/9/20 0:00,4945.66,38.89,TRADE,17,9,2020
VIC1,17/9/20 0:30,4721.6,34.94,TRADE,17,9,2020
VIC1,17/9/20 1:00,4529.6,34.29,TRADE,17,9,2020
VIC1,17/9/20 1:30,4379.49,35.19,TRADE,17,9,2020
VIC1,17/9/20 2:00,4215.6,36.43,TRADE,17,9,2020
VIC1,17/9/20 2:30,4032.33,36.5,TRADE,17,9,2020
VIC1,17/9/20 3:00,3970.31,36.06,TRADE,17,9,2020
VIC1,17/9/20 3:30,3927.31,24.86,TRADE,17,9,2020
VIC1,17/9/20 4:00,3812.1,8.61,TRADE,17,9,2020
VIC1,17/9/20 4:30,3834.83,9.19,TRADE,17,9,2020
VIC1,17/9/20 5:00,3887.17,8.38,TRADE,17,9,2020
VIC1,17/9/20 5:30,3975.19,19.46,TRADE,17,9,2020
VIC1,17/9/20 6:00,4226.5,32.9,TRADE,17,9,2020
VIC1,17/9/20 6:30,4552.57,49.49,TRADE,17,9,2020
VIC1,17/9/20 7:00,4728.37,40.92,TRADE,17,9,2020
VIC1,17/9/20 7:30,4855.89,36.38,TRADE,17,9,2020
VIC1,17/9/20 8:00,5062.63,39.27,TRADE,17,9,2020
VIC1,17/9/20 8:30,5204.92,38.74,TRADE,17,9,2020
VIC1,17/9/20 9:00,5223.84,22.36,TRADE,17,9,2020
VIC1,17/9/20 9:30,5112.8,34.3,TRADE,17,9,2020
VIC1,17/9/20 10:00,4930.72,30.77,TRADE,17,9,2020
VIC1,17/9/20 10:30,4877.33,31.49,TRADE,17,9,2020
VIC1,17/9/20 11:00,4885.84,27.2,TRADE,17,9,2020
VIC1,17/9/20 11:30,4906.85,27.99,TRADE,17,9,2020
VIC1,17/9/20 12:00,4822.18,25.88,TRADE,17,9,2020
VIC1,17/9/20 12:30,4829.68,20.18,TRADE,17,9,2020
VIC1,17/9/20 13:00,4742.13,20.1,TRADE,17,9,2020
VIC1,17/9/20 13:30,4774.65,30.98,TRADE,17,9,2020
VIC1,17/9/20 14:00,4763.56,33.96,TRADE,17,9,2020
VIC1,17/9/20 14:30,4651,10.51,TRADE,17,9,2020
VIC1,17/9/20 15:00,4684.17,23.76,TRADE,17,9,2020
VIC1,17/9/20 15:30,4797.8,43.61,TRADE,17,9,2020
VIC1,17/9/20 16:00,4829.85,35.38,TRADE,17,9,2020
VIC1,17/9/20 16:30,4857.27,32.38,TRADE,17,9,2020
VIC1,17/9/20 17:00,5092.62,46.82,TRADE,17,9,2020
VIC1,17/9/20 17:30,5304.62,39.33,TRADE,17,9,2020
VIC1,17/9/20 18:00,5621.47,50.28,TRADE,17,9,2020
VIC1,17/9/20 18:30,5864.72,51.54,TRADE,17,9,2020
VIC1,17/9/20 19:00,5935.92,47.33,TRADE,17,9,2020
VIC1,17/9/20 19:30,5806.68,45.68,TRADE,17,9,2020
VIC1,17/9/20 20:00,5646.13,51.88,TRADE,17,9,2020
VIC1,17/9/20 20:30,5488.32,44.22,TRADE,17,9,2020
VIC1,17/9/20 21:00,5308.51,38.98,TRADE,17,9,2020
VIC1,17/9/20 21:30,5203.06,38.14,TRADE,17,9,2020
VIC1,17/9/20 22:00,5043.03,34.07,TRADE,17,9,2020
VIC1,17/9/20 22:30,4850.75,40.27,TRADE,17,9,2020
VIC1,17/9/20 23:00,4713.91,35.9,TRADE,17,9,2020
VIC1,17/9/20 23:30,4855.4,52.63,TRADE,17,9,2020
VIC1,18/9/20 0:00,4849.08,41.61,TRADE,18,9,2020
VIC1,18/9/20 0:30,4631.51,37.5,TRADE,18,9,2020
VIC1,18/9/20 1:00,4463.83,36.42,TRADE,18,9,2020
VIC1,18/9/20 1:30,4315.62,35.1,TRADE,18,9,2020
VIC1,18/9/20 2:00,4125.3,24.3,TRADE,18,9,2020
VIC1,18/9/20 2:30,3988.59,33.78,TRADE,18,9,2020
VIC1,18/9/20 3:00,3908.78,15.08,TRADE,18,9,2020
VIC1,18/9/20 3:30,3820.47,31.73,TRADE,18,9,2020
VIC1,18/9/20 4:00,3811.33,20.76,TRADE,18,9,2020
VIC1,18/9/20 4:30,3848.5,32.01,TRADE,18,9,2020
VIC1,18/9/20 5:00,3939.54,34.19,TRADE,18,9,2020
VIC1,18/9/20 5:30,4093.22,35.92,TRADE,18,9,2020
VIC1,18/9/20 6:00,4326.59,36.74,TRADE,18,9,2020
VIC1,18/9/20 6:30,4601.61,44.92,TRADE,18,9,2020
VIC1,18/9/20 7:00,4830.91,61.65,TRADE,18,9,2020
VIC1,18/9/20 7:30,4993.61,51.65,TRADE,18,9,2020
VIC1,18/9/20 8:00,5097.9,55.5,TRADE,18,9,2020
VIC1,18/9/20 8:30,5204.96,50.65,TRADE,18,9,2020
VIC1,18/9/20 9:00,5129.85,35.51,TRADE,18,9,2020
VIC1,18/9/20 9:30,4947.48,40.61,TRADE,18,9,2020
VIC1,18/9/20 10:00,4739.76,44.67,TRADE,18,9,2020
VIC1,18/9/20 10:30,4666.76,35.94,TRADE,18,9,2020
VIC1,18/9/20 11:00,4621.88,36.88,TRADE,18,9,2020
VIC1,18/9/20 11:30,4630.05,39.67,TRADE,18,9,2020
VIC1,18/9/20 12:00,4668.99,39.24,TRADE,18,9,2020
VIC1,18/9/20 12:30,4701.04,38.22,TRADE,18,9,2020
VIC1,18/9/20 13:00,4647.39,37.83,TRADE,18,9,2020
VIC1,18/9/20 13:30,4586.46,41.54,TRADE,18,9,2020
VIC1,18/9/20 14:00,4492.31,33.1,TRADE,18,9,2020
VIC1,18/9/20 14:30,4531.08,33.49,TRADE,18,9,2020
VIC1,18/9/20 15:00,4533.94,35.29,TRADE,18,9,2020
VIC1,18/9/20 15:30,4528.9,35.95,TRADE,18,9,2020
VIC1,18/9/20 16:00,4566.52,36.29,TRADE,18,9,2020
VIC1,18/9/20 16:30,4689.6,32.9,TRADE,18,9,2020
VIC1,18/9/20 17:00,4848.31,43.62,TRADE,18,9,2020
VIC1,18/9/20 17:30,5060.86,47.28,TRADE,18,9,2020
VIC1,18/9/20 18:00,5294.1,53.36,TRADE,18,9,2020
VIC1,18/9/20 18:30,5468.85,60.95,TRADE,18,9,2020
VIC1,18/9/20 19:00,5592.49,55.5,TRADE,18,9,2020
VIC1,18/9/20 19:30,5465.59,50.74,TRADE,18,9,2020
VIC1,18/9/20 20:00,5330.53,53.36,TRADE,18,9,2020
VIC1,18/9/20 20:30,5220.15,47.99,TRADE,18,9,2020
VIC1,18/9/20 21:00,5073.13,39.16,TRADE,18,9,2020
VIC1,18/9/20 21:30,4957.71,37.04,TRADE,18,9,2020
VIC1,18/9/20 22:00,4804.94,36.77,TRADE,18,9,2020
VIC1,18/9/20 22:30,4680.43,49.44,TRADE,18,9,2020
VIC1,18/9/20 23:00,4595.86,34.15,TRADE,18,9,2020
VIC1,18/9/20 23:30,4745.09,40.58,TRADE,18,9,2020
VIC1,19/9/20 0:00,4714.2,34.6,TRADE,19,9,2020
VIC1,19/9/20 0:30,4540.35,31.15,TRADE,19,9,2020
VIC1,19/9/20 1:00,4353.06,26.19,TRADE,19,9,2020
VIC1,19/9/20 1:30,4185.63,6.82,TRADE,19,9,2020
VIC1,19/9/20 2:00,4013.76,19.14,TRADE,19,9,2020
VIC1,19/9/20 2:30,3789.82,-7.78,TRADE,19,9,2020
VIC1,19/9/20 3:00,3708.99,-0.1,TRADE,19,9,2020
VIC1,19/9/20 3:30,3656.45,3.35,TRADE,19,9,2020
VIC1,19/9/20 4:00,3607.47,-6.37,TRADE,19,9,2020
VIC1,19/9/20 4:30,3594.8,8.99,TRADE,19,9,2020
VIC1,19/9/20 5:00,3583.36,26.27,TRADE,19,9,2020
VIC1,19/9/20 5:30,3642.43,29.44,TRADE,19,9,2020
VIC1,19/9/20 6:00,3639.51,31.44,TRADE,19,9,2020
VIC1,19/9/20 6:30,3767.51,24.56,TRADE,19,9,2020
VIC1,19/9/20 7:00,3775.17,6.28,TRADE,19,9,2020
VIC1,19/9/20 7:30,3841.2,12.5,TRADE,19,9,2020
VIC1,19/9/20 8:00,3927.31,28.83,TRADE,19,9,2020
VIC1,19/9/20 8:30,3932.44,28.71,TRADE,19,9,2020
VIC1,19/9/20 9:00,3813.34,38.9,TRADE,19,9,2020
VIC1,19/9/20 9:30,3722.81,10.96,TRADE,19,9,2020
VIC1,19/9/20 10:00,3656.53,11.69,TRADE,19,9,2020
VIC1,19/9/20 10:30,3584.3,28.48,TRADE,19,9,2020
VIC1,19/9/20 11:00,3482.35,27.4,TRADE,19,9,2020
VIC1,19/9/20 11:30,3324.89,16.26,TRADE,19,9,2020
VIC1,19/9/20 12:00,3330.75,9.78,TRADE,19,9,2020
VIC1,19/9/20 12:30,3349.97,-1.1,TRADE,19,9,2020
VIC1,19/9/20 13:00,3278.42,-21.68,TRADE,19,9,2020
VIC1,19/9/20 13:30,3305.8,-5.05,TRADE,19,9,2020
VIC1,19/9/20 14:00,3366.92,21.91,TRADE,19,9,2020
VIC1,19/9/20 14:30,3391.63,25.34,TRADE,19,9,2020
VIC1,19/9/20 15:00,3434.46,25.26,TRADE,19,9,2020
VIC1,19/9/20 15:30,3589.04,31.24,TRADE,19,9,2020
VIC1,19/9/20 16:00,3760.1,33.48,TRADE,19,9,2020
VIC1,19/9/20 16:30,3877.77,38.22,TRADE,19,9,2020
VIC1,19/9/20 17:00,4066.5,39.87,TRADE,19,9,2020
VIC1,19/9/20 17:30,4273.2,38.48,TRADE,19,9,2020
VIC1,19/9/20 18:00,4448.33,42.84,TRADE,19,9,2020
VIC1,19/9/20 18:30,4604.13,55.5,TRADE,19,9,2020
VIC1,19/9/20 19:00,4735.33,45.77,TRADE,19,9,2020
VIC1,19/9/20 19:30,4624.67,38.75,TRADE,19,9,2020
VIC1,19/9/20 20:00,4483.87,36.18,TRADE,19,9,2020
VIC1,19/9/20 20:30,4351.44,34.92,TRADE,19,9,2020
VIC1,19/9/20 21:00,4209.91,32.78,TRADE,19,9,2020
VIC1,19/9/20 21:30,4146.12,31.11,TRADE,19,9,2020
VIC1,19/9/20 22:00,4082.22,31.11,TRADE,19,9,2020
VIC1,19/9/20 22:30,4015.9,30.72,TRADE,19,9,2020
VIC1,19/9/20 23:00,4014.47,22.69,TRADE,19,9,2020
VIC1,19/9/20 23:30,4169.37,38.78,TRADE,19,9,2020
VIC1,20/9/20 0:00,4184.27,35.42,TRADE,20,9,2020
VIC1,20/9/20 0:30,4011.82,36.4,TRADE,20,9,2020
VIC1,20/9/20 1:00,3864.2,33.82,TRADE,20,9,2020
VIC1,20/9/20 1:30,3718.51,32.29,TRADE,20,9,2020
VIC1,20/9/20 2:00,3585.92,28.79,TRADE,20,9,2020
VIC1,20/9/20 2:30,3479.44,31.74,TRADE,20,9,2020
VIC1,20/9/20 3:00,3406.8,26.36,TRADE,20,9,2020
VIC1,20/9/20 3:30,3369.19,23.91,TRADE,20,9,2020
VIC1,20/9/20 4:00,3324.75,30.39,TRADE,20,9,2020
VIC1,20/9/20 4:30,3321.31,30.25,TRADE,20,9,2020
VIC1,20/9/20 5:00,3278.31,29.35,TRADE,20,9,2020
VIC1,20/9/20 5:30,3286.77,33.76,TRADE,20,9,2020
VIC1,20/9/20 6:00,3323.98,32.97,TRADE,20,9,2020
VIC1,20/9/20 6:30,3407.2,33.72,TRADE,20,9,2020
VIC1,20/9/20 7:00,3416.51,32.3,TRADE,20,9,2020
VIC1,20/9/20 7:30,3378.19,27.28,TRADE,20,9,2020
VIC1,20/9/20 8:00,3391.31,26.18,TRADE,20,9,2020
VIC1,20/9/20 8:30,3304.22,8.55,TRADE,20,9,2020
VIC1,20/9/20 9:00,3207.48,9.56,TRADE,20,9,2020
VIC1,20/9/20 9:30,3112.13,-4.73,TRADE,20,9,2020
VIC1,20/9/20 10:00,3012.85,5.86,TRADE,20,9,2020
VIC1,20/9/20 10:30,2987.14,-16.8,TRADE,20,9,2020
VIC1,20/9/20 11:00,2950.63,-13.95,TRADE,20,9,2020
VIC1,20/9/20 11:30,2927.34,-17.44,TRADE,20,9,2020
VIC1,20/9/20 12:00,2933.87,-17.99,TRADE,20,9,2020
VIC1,20/9/20 12:30,3030.5,-11.84,TRADE,20,9,2020
VIC1,20/9/20 13:00,3148.48,-3.5,TRADE,20,9,2020
VIC1,20/9/20 13:30,3145.3,0,TRADE,20,9,2020
VIC1,20/9/20 14:00,3161.13,-13.17,TRADE,20,9,2020
VIC1,20/9/20 14:30,3283.54,0,TRADE,20,9,2020
VIC1,20/9/20 15:00,3351.59,-0.17,TRADE,20,9,2020
VIC1,20/9/20 15:30,3184.27,-3.61,TRADE,20,9,2020
VIC1,20/9/20 16:00,3426.95,-0.92,TRADE,20,9,2020
VIC1,20/9/20 16:30,3644.34,3.96,TRADE,20,9,2020
VIC1,20/9/20 17:00,3978.15,30.89,TRADE,20,9,2020
VIC1,20/9/20 17:30,4287.57,39.57,TRADE,20,9,2020
VIC1,20/9/20 18:00,4538.57,53.39,TRADE,20,9,2020
VIC1,20/9/20 18:30,4701.54,53.91,TRADE,20,9,2020
VIC1,20/9/20 19:00,4848.21,83.47,TRADE,20,9,2020
VIC1,20/9/20 19:30,4748.1,36.68,TRADE,20,9,2020
VIC1,20/9/20 20:00,4566.99,33.62,TRADE,20,9,2020
VIC1,20/9/20 20:30,4373.85,31.41,TRADE,20,9,2020
VIC1,20/9/20 21:00,4229.27,31.75,TRADE,20,9,2020
VIC1,20/9/20 21:30,4103.41,31.22,TRADE,20,9,2020
VIC1,20/9/20 22:00,3997.91,28.7,TRADE,20,9,2020
VIC1,20/9/20 22:30,3901.6,30.01,TRADE,20,9,2020
VIC1,20/9/20 23:00,3866.55,23.96,TRADE,20,9,2020
VIC1,20/9/20 23:30,4080.5,31.89,TRADE,20,9,2020
VIC1,21/9/20 0:00,4159.32,33.93,TRADE,21,9,2020
VIC1,21/9/20 0:30,4005.27,31.24,TRADE,21,9,2020
VIC1,21/9/20 1:00,3882.86,32.04,TRADE,21,9,2020
VIC1,21/9/20 1:30,3780.68,31.26,TRADE,21,9,2020
VIC1,21/9/20 2:00,3647.22,29.67,TRADE,21,9,2020
VIC1,21/9/20 2:30,3563.55,24.98,TRADE,21,9,2020
VIC1,21/9/20 3:00,3518.23,18,TRADE,21,9,2020
VIC1,21/9/20 3:30,3425.9,18.11,TRADE,21,9,2020
VIC1,21/9/20 4:00,3409.57,23.03,TRADE,21,9,2020
VIC1,21/9/20 4:30,3443.83,33.11,TRADE,21,9,2020
VIC1,21/9/20 5:00,3503.26,34.01,TRADE,21,9,2020
VIC1,21/9/20 5:30,3681.85,38.71,TRADE,21,9,2020
VIC1,21/9/20 6:00,3863.04,39.92,TRADE,21,9,2020
VIC1,21/9/20 6:30,4117.17,46.87,TRADE,21,9,2020
VIC1,21/9/20 7:00,4321.91,39.24,TRADE,21,9,2020
VIC1,21/9/20 7:30,4397.81,35.94,TRADE,21,9,2020
VIC1,21/9/20 8:00,4537.36,38.01,TRADE,21,9,2020
VIC1,21/9/20 8:30,4582.12,37.07,TRADE,21,9,2020
VIC1,21/9/20 9:00,4535.85,40.51,TRADE,21,9,2020
VIC1,21/9/20 9:30,4499.78,37.4,TRADE,21,9,2020
VIC1,21/9/20 10:00,4448.91,38.72,TRADE,21,9,2020
VIC1,21/9/20 10:30,4375.77,39.88,TRADE,21,9,2020
VIC1,21/9/20 11:00,4455.26,36.67,TRADE,21,9,2020
VIC1,21/9/20 11:30,4470.06,37.1,TRADE,21,9,2020
VIC1,21/9/20 12:00,4303.09,34.07,TRADE,21,9,2020
VIC1,21/9/20 12:30,4280.3,34.12,TRADE,21,9,2020
VIC1,21/9/20 13:00,4156.38,23.68,TRADE,21,9,2020
VIC1,21/9/20 13:30,3963.64,24.57,TRADE,21,9,2020
VIC1,21/9/20 14:00,3641.05,-21.08,TRADE,21,9,2020
VIC1,21/9/20 14:30,3513.87,14.2,TRADE,21,9,2020
VIC1,21/9/20 15:00,3497.53,19.68,TRADE,21,9,2020
VIC1,21/9/20 15:30,3557.6,24.87,TRADE,21,9,2020
VIC1,21/9/20 16:00,3705.81,15.18,TRADE,21,9,2020
VIC1,21/9/20 16:30,3920.93,25.62,TRADE,21,9,2020
VIC1,21/9/20 17:00,4229.45,32.67,TRADE,21,9,2020
VIC1,21/9/20 17:30,4640.45,46.78,TRADE,21,9,2020
VIC1,21/9/20 18:00,4938.75,57.15,TRADE,21,9,2020
VIC1,21/9/20 18:30,5138.38,52,TRADE,21,9,2020
VIC1,21/9/20 19:00,5376.64,55.83,TRADE,21,9,2020
VIC1,21/9/20 19:30,5236.72,43.19,TRADE,21,9,2020
VIC1,21/9/20 20:00,5122.91,40.39,TRADE,21,9,2020
VIC1,21/9/20 20:30,4891.89,38.7,TRADE,21,9,2020
VIC1,21/9/20 21:00,4799.56,35.72,TRADE,21,9,2020
VIC1,21/9/20 21:30,4679.18,37.38,TRADE,21,9,2020
VIC1,21/9/20 22:00,4541.91,34.75,TRADE,21,9,2020
VIC1,21/9/20 22:30,4414.48,38.86,TRADE,21,9,2020
VIC1,21/9/20 23:00,4308.22,32.71,TRADE,21,9,2020
VIC1,21/9/20 23:30,4470.58,37.43,TRADE,21,9,2020
VIC1,22/9/20 0:00,4466.87,37.78,TRADE,22,9,2020
VIC1,22/9/20 0:30,4299.11,35.55,TRADE,22,9,2020
VIC1,22/9/20 1:00,4114.33,34.41,TRADE,22,9,2020
VIC1,22/9/20 1:30,4002.44,22.89,TRADE,22,9,2020
VIC1,22/9/20 2:00,3850.96,8.81,TRADE,22,9,2020
VIC1,22/9/20 2:30,3709.94,9.51,TRADE,22,9,2020
VIC1,22/9/20 3:00,3603.65,-7.76,TRADE,22,9,2020
VIC1,22/9/20 3:30,3537.69,3.36,TRADE,22,9,2020
VIC1,22/9/20 4:00,3491.51,-17.17,TRADE,22,9,2020
VIC1,22/9/20 4:30,3522.08,-15.06,TRADE,22,9,2020
VIC1,22/9/20 5:00,3526.71,-19.13,TRADE,22,9,2020
VIC1,22/9/20 5:30,3689.85,14.68,TRADE,22,9,2020
VIC1,22/9/20 6:00,3853.63,28.21,TRADE,22,9,2020
VIC1,22/9/20 6:30,4111.03,34.98,TRADE,22,9,2020
VIC1,22/9/20 7:00,4332.98,37.38,TRADE,22,9,2020
VIC1,22/9/20 7:30,4340.32,27.59,TRADE,22,9,2020
VIC1,22/9/20 8:00,4345.06,30.42,TRADE,22,9,2020
VIC1,22/9/20 8:30,4302.12,27.54,TRADE,22,9,2020
VIC1,22/9/20 9:00,4190.72,18.19,TRADE,22,9,2020
VIC1,22/9/20 9:30,4103.75,21.64,TRADE,22,9,2020
VIC1,22/9/20 10:00,4053.84,10.85,TRADE,22,9,2020
VIC1,22/9/20 10:30,4025.72,2.21,TRADE,22,9,2020
VIC1,22/9/20 11:00,4016.57,12.95,TRADE,22,9,2020
VIC1,22/9/20 11:30,3913.28,0,TRADE,22,9,2020
VIC1,22/9/20 12:00,3882.47,14.29,TRADE,22,9,2020
VIC1,22/9/20 12:30,3903.43,11.95,TRADE,22,9,2020
VIC1,22/9/20 13:00,3807.85,5.26,TRADE,22,9,2020
VIC1,22/9/20 13:30,3793.47,10.9,TRADE,22,9,2020
VIC1,22/9/20 14:00,3841.75,-3.58,TRADE,22,9,2020
VIC1,22/9/20 14:30,3959.94,-1.12,TRADE,22,9,2020
VIC1,22/9/20 15:00,4037.08,17.68,TRADE,22,9,2020
VIC1,22/9/20 15:30,4021.05,21.54,TRADE,22,9,2020
VIC1,22/9/20 16:00,4236.09,24.2,TRADE,22,9,2020
VIC1,22/9/20 16:30,4525.57,33.71,TRADE,22,9,2020
VIC1,22/9/20 17:00,4767.08,41.4,TRADE,22,9,2020
VIC1,22/9/20 17:30,4993.95,37.26,TRADE,22,9,2020
VIC1,22/9/20 18:00,5270.75,47.99,TRADE,22,9,2020
VIC1,22/9/20 18:30,5513.02,68.27,TRADE,22,9,2020
VIC1,22/9/20 19:00,5682.91,69.63,TRADE,22,9,2020
VIC1,22/9/20 19:30,5583.16,45.56,TRADE,22,9,2020
VIC1,22/9/20 20:00,5431.54,42.34,TRADE,22,9,2020
VIC1,22/9/20 20:30,5281.84,44.04,TRADE,22,9,2020
VIC1,22/9/20 21:00,5060,41.5,TRADE,22,9,2020
VIC1,22/9/20 21:30,4918.45,39.8,TRADE,22,9,2020
VIC1,22/9/20 22:00,4760.34,38.08,TRADE,22,9,2020
VIC1,22/9/20 22:30,4608.96,42.26,TRADE,22,9,2020
VIC1,22/9/20 23:00,4475.77,36.39,TRADE,22,9,2020
VIC1,22/9/20 23:30,4640.65,40.11,TRADE,22,9,2020
VIC1,23/9/20 0:00,4637.96,39.28,TRADE,23,9,2020
VIC1,23/9/20 0:30,4486.43,36.47,TRADE,23,9,2020
VIC1,23/9/20 1:00,4356.91,35.1,TRADE,23,9,2020
VIC1,23/9/20 1:30,4185.68,17.21,TRADE,23,9,2020
VIC1,23/9/20 2:00,4024.56,-6,TRADE,23,9,2020
VIC1,23/9/20 2:30,3939.6,17.52,TRADE,23,9,2020
VIC1,23/9/20 3:00,3843.44,8.63,TRADE,23,9,2020
VIC1,23/9/20 3:30,3777.08,2.6,TRADE,23,9,2020
VIC1,23/9/20 4:00,3762.79,8.94,TRADE,23,9,2020
VIC1,23/9/20 4:30,3746.42,6.83,TRADE,23,9,2020
VIC1,23/9/20 5:00,3829.86,26.71,TRADE,23,9,2020
VIC1,23/9/20 5:30,3986.4,35.69,TRADE,23,9,2020
VIC1,23/9/20 6:00,4163.1,37.2,TRADE,23,9,2020
VIC1,23/9/20 6:30,4429.54,40.16,TRADE,23,9,2020
VIC1,23/9/20 7:00,4670.49,42.23,TRADE,23,9,2020
VIC1,23/9/20 7:30,4762.81,38.16,TRADE,23,9,2020
VIC1,23/9/20 8:00,4878.41,39.22,TRADE,23,9,2020
VIC1,23/9/20 8:30,4980.61,40,TRADE,23,9,2020
VIC1,23/9/20 9:00,5062.56,40.4,TRADE,23,9,2020
VIC1,23/9/20 9:30,4979.83,34.24,TRADE,23,9,2020
VIC1,23/9/20 10:00,4857.18,35.79,TRADE,23,9,2020
VIC1,23/9/20 10:30,4747.92,34.41,TRADE,23,9,2020
VIC1,23/9/20 11:00,4539.52,23.75,TRADE,23,9,2020
VIC1,23/9/20 11:30,4429.84,4.67,TRADE,23,9,2020
VIC1,23/9/20 12:00,4402.25,15.52,TRADE,23,9,2020
VIC1,23/9/20 12:30,4446.79,28.47,TRADE,23,9,2020
VIC1,23/9/20 13:00,4382.8,22.8,TRADE,23,9,2020
VIC1,23/9/20 13:30,4291.9,28.77,TRADE,23,9,2020
VIC1,23/9/20 14:00,4315.9,32.59,TRADE,23,9,2020
VIC1,23/9/20 14:30,4305.48,30.42,TRADE,23,9,2020
VIC1,23/9/20 15:00,4390.09,29.49,TRADE,23,9,2020
VIC1,23/9/20 15:30,4419.28,26.44,TRADE,23,9,2020
VIC1,23/9/20 16:00,4508.67,31.11,TRADE,23,9,2020
VIC1,23/9/20 16:30,4689.86,35.61,TRADE,23,9,2020
VIC1,23/9/20 17:00,4919.11,27.55,TRADE,23,9,2020
VIC1,23/9/20 17:30,5274.65,34.44,TRADE,23,9,2020
VIC1,23/9/20 18:00,5632.6,50.2,TRADE,23,9,2020
VIC1,23/9/20 18:30,5879.65,51.28,TRADE,23,9,2020
VIC1,23/9/20 19:00,6032.52,54.37,TRADE,23,9,2020
VIC1,23/9/20 19:30,5935.41,49.54,TRADE,23,9,2020
VIC1,23/9/20 20:00,5795.83,48.12,TRADE,23,9,2020
VIC1,23/9/20 20:30,5609.44,43.09,TRADE,23,9,2020
VIC1,23/9/20 21:00,5461.13,50.19,TRADE,23,9,2020
VIC1,23/9/20 21:30,5311.98,42.35,TRADE,23,9,2020
VIC1,23/9/20 22:00,5110.74,55,TRADE,23,9,2020
VIC1,23/9/20 22:30,4947.5,50.28,TRADE,23,9,2020
VIC1,23/9/20 23:00,4769.52,43.89,TRADE,23,9,2020
VIC1,23/9/20 23:30,4912.85,52.99,TRADE,23,9,2020
VIC1,24/9/20 0:00,4853.52,62.17,TRADE,24,9,2020
VIC1,24/9/20 0:30,4714.06,50.44,TRADE,24,9,2020
VIC1,24/9/20 1:00,4528.74,46.35,TRADE,24,9,2020
VIC1,24/9/20 1:30,4373.89,46.13,TRADE,24,9,2020
VIC1,24/9/20 2:00,4209.91,41.86,TRADE,24,9,2020
VIC1,24/9/20 2:30,4068.62,46.52,TRADE,24,9,2020
VIC1,24/9/20 3:00,3996.87,45.77,TRADE,24,9,2020
VIC1,24/9/20 3:30,3930.74,42.75,TRADE,24,9,2020
VIC1,24/9/20 4:00,3909.14,42.82,TRADE,24,9,2020
VIC1,24/9/20 4:30,3948.13,45.75,TRADE,24,9,2020
VIC1,24/9/20 5:00,4032.97,47.88,TRADE,24,9,2020
VIC1,24/9/20 5:30,4182.13,54.1,TRADE,24,9,2020
VIC1,24/9/20 6:00,4382.97,44.57,TRADE,24,9,2020
VIC1,24/9/20 6:30,4703.16,58.62,TRADE,24,9,2020
VIC1,24/9/20 7:00,4883.23,61.51,TRADE,24,9,2020
VIC1,24/9/20 7:30,5048,45.62,TRADE,24,9,2020
VIC1,24/9/20 8:00,5185.46,50.64,TRADE,24,9,2020
VIC1,24/9/20 8:30,5254.32,51.46,TRADE,24,9,2020
VIC1,24/9/20 9:00,5166.79,44.18,TRADE,24,9,2020
VIC1,24/9/20 9:30,4999.44,45.7,TRADE,24,9,2020
VIC1,24/9/20 10:00,4926.51,40.91,TRADE,24,9,2020
VIC1,24/9/20 10:30,4873.78,41.51,TRADE,24,9,2020
VIC1,24/9/20 11:00,4821.88,40.3,TRADE,24,9,2020
VIC1,24/9/20 11:30,4737.36,38.49,TRADE,24,9,2020
VIC1,24/9/20 12:00,4649.95,33.72,TRADE,24,9,2020
VIC1,24/9/20 12:30,4522.74,34.72,TRADE,24,9,2020
VIC1,24/9/20 13:00,4521.98,32.59,TRADE,24,9,2020
VIC1,24/9/20 13:30,4651.7,38.63,TRADE,24,9,2020
VIC1,24/9/20 14:00,4648.19,43.17,TRADE,24,9,2020
VIC1,24/9/20 14:30,4683.09,41.5,TRADE,24,9,2020
VIC1,24/9/20 15:00,4708.38,43.59,TRADE,24,9,2020
VIC1,24/9/20 15:30,4843.33,52.34,TRADE,24,9,2020
VIC1,24/9/20 16:00,4944.16,43.72,TRADE,24,9,2020
VIC1,24/9/20 16:30,5105.71,52.32,TRADE,24,9,2020
VIC1,24/9/20 17:00,5311.66,46.78,TRADE,24,9,2020
VIC1,24/9/20 17:30,5547.6,48.54,TRADE,24,9,2020
VIC1,24/9/20 18:00,5850.32,98.81,TRADE,24,9,2020
VIC1,24/9/20 18:30,6076.71,138.4,TRADE,24,9,2020
VIC1,24/9/20 19:00,6212.23,98.7,TRADE,24,9,2020
VIC1,24/9/20 19:30,6114.02,59.27,TRADE,24,9,2020
VIC1,24/9/20 20:00,5928.26,51.51,TRADE,24,9,2020
VIC1,24/9/20 20:30,5753.98,52.32,TRADE,24,9,2020
VIC1,24/9/20 21:00,5560.13,54.46,TRADE,24,9,2020
VIC1,24/9/20 21:30,5461.06,47.71,TRADE,24,9,2020
VIC1,24/9/20 22:00,5293.24,43.75,TRADE,24,9,2020
VIC1,24/9/20 22:30,5060.89,48.54,TRADE,24,9,2020
VIC1,24/9/20 23:00,4877.58,42.14,TRADE,24,9,2020
VIC1,24/9/20 23:30,5012.9,44.29,TRADE,24,9,2020
VIC1,25/9/20 0:00,5023.08,46.54,TRADE,25,9,2020
VIC1,25/9/20 0:30,4831.72,41.95,TRADE,25,9,2020
VIC1,25/9/20 1:00,4722.59,41.71,TRADE,25,9,2020
VIC1,25/9/20 1:30,4583.99,43.28,TRADE,25,9,2020
VIC1,25/9/20 2:00,4386.55,43.14,TRADE,25,9,2020
VIC1,25/9/20 2:30,4249.31,42.61,TRADE,25,9,2020
VIC1,25/9/20 3:00,4155.76,41.07,TRADE,25,9,2020
VIC1,25/9/20 3:30,4088.2,39.03,TRADE,25,9,2020
VIC1,25/9/20 4:00,4094.41,40.51,TRADE,25,9,2020
VIC1,25/9/20 4:30,4126.14,41.51,TRADE,25,9,2020
VIC1,25/9/20 5:00,4179.04,41.41,TRADE,25,9,2020
VIC1,25/9/20 5:30,4270.84,40.65,TRADE,25,9,2020
VIC1,25/9/20 6:00,4409.23,42.91,TRADE,25,9,2020
VIC1,25/9/20 6:30,4760.8,42.18,TRADE,25,9,2020
VIC1,25/9/20 7:00,5007.89,45.37,TRADE,25,9,2020
VIC1,25/9/20 7:30,5089,39.75,TRADE,25,9,2020
VIC1,25/9/20 8:00,5270.52,45.38,TRADE,25,9,2020
VIC1,25/9/20 8:30,5564.42,71.92,TRADE,25,9,2020
VIC1,25/9/20 9:00,5586.61,93.28,TRADE,25,9,2020
VIC1,25/9/20 9:30,5708.87,134.01,TRADE,25,9,2020
VIC1,25/9/20 10:00,5645.27,46.66,TRADE,25,9,2020
VIC1,25/9/20 10:30,5532.4,36.57,TRADE,25,9,2020
VIC1,25/9/20 11:00,5346.02,38.55,TRADE,25,9,2020
VIC1,25/9/20 11:30,5243.46,40.64,TRADE,25,9,2020
VIC1,25/9/20 12:00,5195.99,39.38,TRADE,25,9,2020
VIC1,25/9/20 12:30,5144.45,39.86,TRADE,25,9,2020
VIC1,25/9/20 13:00,5139.29,40.86,TRADE,25,9,2020
VIC1,25/9/20 13:30,5184.03,54.88,TRADE,25,9,2020
VIC1,25/9/20 14:00,5242.65,44.29,TRADE,25,9,2020
VIC1,25/9/20 14:30,5344.12,46.82,TRADE,25,9,2020
VIC1,25/9/20 15:00,5448.86,58.09,TRADE,25,9,2020
VIC1,25/9/20 15:30,5573.97,75.34,TRADE,25,9,2020
VIC1,25/9/20 16:00,5681.5,51.23,TRADE,25,9,2020
VIC1,25/9/20 16:30,5868.13,56.21,TRADE,25,9,2020
VIC1,25/9/20 17:00,6078.25,133.78,TRADE,25,9,2020
VIC1,25/9/20 17:30,6261.12,49.1,TRADE,25,9,2020
VIC1,25/9/20 18:00,6279.36,51.26,TRADE,25,9,2020
VIC1,25/9/20 18:30,6450.29,88.88,TRADE,25,9,2020
VIC1,25/9/20 19:00,6511.22,51.71,TRADE,25,9,2020
VIC1,25/9/20 19:30,6423.97,48.86,TRADE,25,9,2020
VIC1,25/9/20 20:00,6290.44,48.08,TRADE,25,9,2020
VIC1,25/9/20 20:30,5997.26,46.82,TRADE,25,9,2020
VIC1,25/9/20 21:00,5864.66,62.83,TRADE,25,9,2020
VIC1,25/9/20 21:30,5725.6,56.95,TRADE,25,9,2020
VIC1,25/9/20 22:00,5496.83,43.3,TRADE,25,9,2020
VIC1,25/9/20 22:30,5271.37,50,TRADE,25,9,2020
VIC1,25/9/20 23:00,5138.55,48.94,TRADE,25,9,2020
VIC1,25/9/20 23:30,5221.33,41.14,TRADE,25,9,2020
VIC1,26/9/20 0:00,5147.33,40.88,TRADE,26,9,2020
VIC1,26/9/20 0:30,4910.73,39.8,TRADE,26,9,2020
VIC1,26/9/20 1:00,4701.51,35.52,TRADE,26,9,2020
VIC1,26/9/20 1:30,4508.49,23.28,TRADE,26,9,2020
VIC1,26/9/20 2:00,4282.09,24.03,TRADE,26,9,2020
VIC1,26/9/20 2:30,4122.47,11.6,TRADE,26,9,2020
VIC1,26/9/20 3:00,3988.83,6.81,TRADE,26,9,2020
VIC1,26/9/20 3:30,3917.64,13.42,TRADE,26,9,2020
VIC1,26/9/20 4:00,3890.82,16.49,TRADE,26,9,2020
VIC1,26/9/20 4:30,3850.28,22.65,TRADE,26,9,2020
VIC1,26/9/20 5:00,3819.27,35.21,TRADE,26,9,2020
VIC1,26/9/20 5:30,3948.13,37.72,TRADE,26,9,2020
VIC1,26/9/20 6:00,4011.47,37.32,TRADE,26,9,2020
VIC1,26/9/20 6:30,4139.73,37.37,TRADE,26,9,2020
VIC1,26/9/20 7:00,4260.82,43.11,TRADE,26,9,2020
VIC1,26/9/20 7:30,4275.28,39.77,TRADE,26,9,2020
VIC1,26/9/20 8:00,4326.29,41.71,TRADE,26,9,2020
VIC1,26/9/20 8:30,4364.92,41.65,TRADE,26,9,2020
VIC1,26/9/20 9:00,4355.16,39.06,TRADE,26,9,2020
VIC1,26/9/20 9:30,4349.54,39.45,TRADE,26,9,2020
VIC1,26/9/20 10:00,4235.76,37.98,TRADE,26,9,2020
VIC1,26/9/20 10:30,4074.04,32.69,TRADE,26,9,2020
VIC1,26/9/20 11:00,4088.29,32.88,TRADE,26,9,2020
VIC1,26/9/20 11:30,3966.73,20.62,TRADE,26,9,2020
VIC1,26/9/20 12:00,4027.6,26.71,TRADE,26,9,2020
VIC1,26/9/20 12:30,4037.19,17.15,TRADE,26,9,2020
VIC1,26/9/20 13:00,3924.05,1.75,TRADE,26,9,2020
VIC1,26/9/20 13:30,3765.96,-27.22,TRADE,26,9,2020
VIC1,26/9/20 14:00,3772.12,-18.73,TRADE,26,9,2020
VIC1,26/9/20 14:30,3763.62,3.32,TRADE,26,9,2020
VIC1,26/9/20 15:00,3842.68,-12.18,TRADE,26,9,2020
VIC1,26/9/20 15:30,3922.83,-17.31,TRADE,26,9,2020
VIC1,26/9/20 16:00,4062.15,12.68,TRADE,26,9,2020
VIC1,26/9/20 16:30,4317.27,16.28,TRADE,26,9,2020
VIC1,26/9/20 17:00,4628,42.91,TRADE,26,9,2020
VIC1,26/9/20 17:30,4951.95,39.7,TRADE,26,9,2020
VIC1,26/9/20 18:00,5317.2,45.13,TRADE,26,9,2020
VIC1,26/9/20 18:30,5640.98,61.57,TRADE,26,9,2020
VIC1,26/9/20 19:00,5811.66,64.14,TRADE,26,9,2020
VIC1,26/9/20 19:30,5728.62,110.1,TRADE,26,9,2020
VIC1,26/9/20 20:00,5589.61,51.33,TRADE,26,9,2020
VIC1,26/9/20 20:30,5417.44,60.8,TRADE,26,9,2020
VIC1,26/9/20 21:00,5228.51,48.66,TRADE,26,9,2020
VIC1,26/9/20 21:30,5061.5,43.72,TRADE,26,9,2020
VIC1,26/9/20 22:00,4899.95,42.15,TRADE,26,9,2020
VIC1,26/9/20 22:30,4745.09,43.78,TRADE,26,9,2020
VIC1,26/9/20 23:00,4638.59,41.3,TRADE,26,9,2020
VIC1,26/9/20 23:30,4759.74,43.59,TRADE,26,9,2020
VIC1,27/9/20 0:00,4726.72,46.61,TRADE,27,9,2020
VIC1,27/9/20 0:30,4545.17,42.33,TRADE,27,9,2020
VIC1,27/9/20 1:00,4350.66,41.21,TRADE,27,9,2020
VIC1,27/9/20 1:30,4204.56,45.68,TRADE,27,9,2020
VIC1,27/9/20 2:00,4010.32,47.03,TRADE,27,9,2020
VIC1,27/9/20 2:30,3903.4,53.54,TRADE,27,9,2020
VIC1,27/9/20 3:00,3791.93,48.57,TRADE,27,9,2020
VIC1,27/9/20 3:30,3719.66,45.32,TRADE,27,9,2020
VIC1,27/9/20 4:00,3681.55,44.22,TRADE,27,9,2020
VIC1,27/9/20 4:30,3648.4,50.87,TRADE,27,9,2020
VIC1,27/9/20 5:00,3641.78,42.62,TRADE,27,9,2020
VIC1,27/9/20 5:30,3724.09,57.39,TRADE,27,9,2020
VIC1,27/9/20 6:00,3798.75,47.67,TRADE,27,9,2020
VIC1,27/9/20 6:30,3872.12,59.72,TRADE,27,9,2020
VIC1,27/9/20 7:00,3929.45,39.28,TRADE,27,9,2020
VIC1,27/9/20 7:30,3878.03,35.83,TRADE,27,9,2020
VIC1,27/9/20 8:00,3887.22,34.73,TRADE,27,9,2020
VIC1,27/9/20 8:30,3901.42,33.38,TRADE,27,9,2020
VIC1,27/9/20 9:00,3865,28,TRADE,27,9,2020
VIC1,27/9/20 9:30,3789.47,28.88,TRADE,27,9,2020
VIC1,27/9/20 10:00,3772.38,27.61,TRADE,27,9,2020
VIC1,27/9/20 10:30,3765.64,36.52,TRADE,27,9,2020
VIC1,27/9/20 11:00,3683.68,41.84,TRADE,27,9,2020
VIC1,27/9/20 11:30,3635.34,42.69,TRADE,27,9,2020
VIC1,27/9/20 12:00,3603.19,41.11,TRADE,27,9,2020
VIC1,27/9/20 12:30,3623.86,39.34,TRADE,27,9,2020
VIC1,27/9/20 13:00,3507.64,21.07,TRADE,27,9,2020
VIC1,27/9/20 13:30,3438.26,31.52,TRADE,27,9,2020
VIC1,27/9/20 14:00,3431.36,21.05,TRADE,27,9,2020
VIC1,27/9/20 14:30,3479.53,23.13,TRADE,27,9,2020
VIC1,27/9/20 15:00,3493.79,30.58,TRADE,27,9,2020
VIC1,27/9/20 15:30,3585.21,25.58,TRADE,27,9,2020
VIC1,27/9/20 16:00,3783.64,31.31,TRADE,27,9,2020
VIC1,27/9/20 16:30,4001.11,32.21,TRADE,27,9,2020
VIC1,27/9/20 17:00,4361.58,45.04,TRADE,27,9,2020
VIC1,27/9/20 17:30,4755.29,54.96,TRADE,27,9,2020
VIC1,27/9/20 18:00,5199.87,74.29,TRADE,27,9,2020
VIC1,27/9/20 18:30,5576.93,173.21,TRADE,27,9,2020
VIC1,27/9/20 19:00,5835.59,265.29,TRADE,27,9,2020
VIC1,27/9/20 19:30,5855.58,158.38,TRADE,27,9,2020
VIC1,27/9/20 20:00,5748.63,62.48,TRADE,27,9,2020
VIC1,27/9/20 20:30,5606.04,81.66,TRADE,27,9,2020
VIC1,27/9/20 21:00,5478.63,68.47,TRADE,27,9,2020
VIC1,27/9/20 21:30,5337.84,55.23,TRADE,27,9,2020
VIC1,27/9/20 22:00,5190.24,47.33,TRADE,27,9,2020
VIC1,27/9/20 22:30,4968.95,46.84,TRADE,27,9,2020
VIC1,27/9/20 23:00,4846.84,45.16,TRADE,27,9,2020
VIC1,27/9/20 23:30,4970.64,50.04,TRADE,27,9,2020
VIC1,28/9/20 0:00,4926.43,48.47,TRADE,28,9,2020
VIC1,28/9/20 0:30,4740.19,45.01,TRADE,28,9,2020
VIC1,28/9/20 1:00,4603.14,43.49,TRADE,28,9,2020
VIC1,28/9/20 1:30,4469.18,39.69,TRADE,28,9,2020
VIC1,28/9/20 2:00,4298.12,37.84,TRADE,28,9,2020
VIC1,28/9/20 2:30,4169.08,35.3,TRADE,28,9,2020
VIC1,28/9/20 3:00,4054.76,35.51,TRADE,28,9,2020
VIC1,28/9/20 3:30,3981.57,39.73,TRADE,28,9,2020
VIC1,28/9/20 4:00,3979.87,36.69,TRADE,28,9,2020
VIC1,28/9/20 4:30,4012.52,36.81,TRADE,28,9,2020
VIC1,28/9/20 5:00,4083.69,37.15,TRADE,28,9,2020
VIC1,28/9/20 5:30,4241.39,39.16,TRADE,28,9,2020
VIC1,28/9/20 6:00,4441.02,44.86,TRADE,28,9,2020
VIC1,28/9/20 6:30,4750.54,57.42,TRADE,28,9,2020
VIC1,28/9/20 7:00,5045.04,61.51,TRADE,28,9,2020
VIC1,28/9/20 7:30,5211.7,43.16,TRADE,28,9,2020
VIC1,28/9/20 8:00,5342.7,44.98,TRADE,28,9,2020
VIC1,28/9/20 8:30,5412.81,58.46,TRADE,28,9,2020
VIC1,28/9/20 9:00,5346.4,60.37,TRADE,28,9,2020
VIC1,28/9/20 9:30,5313.99,54.87,TRADE,28,9,2020
VIC1,28/9/20 10:00,5179.58,47.8,TRADE,28,9,2020
VIC1,28/9/20 10:30,4985.12,46.54,TRADE,28,9,2020
VIC1,28/9/20 11:00,4740.68,44.47,TRADE,28,9,2020
VIC1,28/9/20 11:30,4450.5,40.63,TRADE,28,9,2020
VIC1,28/9/20 12:00,4205.53,36.99,TRADE,28,9,2020
VIC1,28/9/20 12:30,4089.34,37.28,TRADE,28,9,2020
VIC1,28/9/20 13:00,3936.87,37.43,TRADE,28,9,2020
VIC1,28/9/20 13:30,3865.19,35.58,TRADE,28,9,2020
VIC1,28/9/20 14:00,3828.49,34.93,TRADE,28,9,2020
VIC1,28/9/20 14:30,3834.62,28.21,TRADE,28,9,2020
VIC1,28/9/20 15:00,3886.63,34.93,TRADE,28,9,2020
VIC1,28/9/20 15:30,3996.15,35.52,TRADE,28,9,2020
VIC1,28/9/20 16:00,4162.97,37.44,TRADE,28,9,2020
VIC1,28/9/20 16:30,4413.76,36.14,TRADE,28,9,2020
VIC1,28/9/20 17:00,4711.13,67.68,TRADE,28,9,2020
VIC1,28/9/20 17:30,5103.02,141.22,TRADE,28,9,2020
VIC1,28/9/20 18:00,5524.78,86.79,TRADE,28,9,2020
VIC1,28/9/20 18:30,5809.77,154.25,TRADE,28,9,2020
VIC1,28/9/20 19:00,6109.05,284.66,TRADE,28,9,2020
VIC1,28/9/20 19:30,6087.1,62.81,TRADE,28,9,2020
VIC1,28/9/20 20:00,5984.14,72.8,TRADE,28,9,2020
VIC1,28/9/20 20:30,5829.81,96.38,TRADE,28,9,2020
VIC1,28/9/20 21:00,5753.65,60.69,TRADE,28,9,2020
VIC1,28/9/20 21:30,5553.07,55.57,TRADE,28,9,2020
VIC1,28/9/20 22:00,5399.99,48.17,TRADE,28,9,2020
VIC1,28/9/20 22:30,5221.78,55.78,TRADE,28,9,2020
VIC1,28/9/20 23:00,5061.46,41.36,TRADE,28,9,2020
VIC1,28/9/20 23:30,5153.96,42.05,TRADE,28,9,2020
VIC1,29/9/20 0:00,5096.44,51.58,TRADE,29,9,2020
VIC1,29/9/20 0:30,4913.36,43.9,TRADE,29,9,2020
VIC1,29/9/20 1:00,4705.89,41.41,TRADE,29,9,2020
VIC1,29/9/20 1:30,4572.12,41.94,TRADE,29,9,2020
VIC1,29/9/20 2:00,4428.9,45.01,TRADE,29,9,2020
VIC1,29/9/20 2:30,4254.14,42.12,TRADE,29,9,2020
VIC1,29/9/20 3:00,4183.02,42.17,TRADE,29,9,2020
VIC1,29/9/20 3:30,4126.34,34.13,TRADE,29,9,2020
VIC1,29/9/20 4:00,4105.29,31.1,TRADE,29,9,2020
VIC1,29/9/20 4:30,4142.68,35.25,TRADE,29,9,2020
VIC1,29/9/20 5:00,4189.84,36.62,TRADE,29,9,2020
VIC1,29/9/20 5:30,4353.73,37.38,TRADE,29,9,2020
VIC1,29/9/20 6:00,4553.31,38.54,TRADE,29,9,2020
VIC1,29/9/20 6:30,4836.94,51.28,TRADE,29,9,2020
VIC1,29/9/20 7:00,5073.87,56.53,TRADE,29,9,2020
VIC1,29/9/20 7:30,5111.67,40.02,TRADE,29,9,2020
VIC1,29/9/20 8:00,5185.36,41.5,TRADE,29,9,2020
VIC1,29/9/20 8:30,5155.66,42.82,TRADE,29,9,2020
VIC1,29/9/20 9:00,4856.06,37.83,TRADE,29,9,2020
VIC1,29/9/20 9:30,4863.02,41.15,TRADE,29,9,2020
VIC1,29/9/20 10:00,4632.83,39.13,TRADE,29,9,2020
VIC1,29/9/20 10:30,4464.92,38.65,TRADE,29,9,2020
VIC1,29/9/20 11:00,4332.09,31.53,TRADE,29,9,2020
VIC1,29/9/20 11:30,4054.23,4.82,TRADE,29,9,2020
VIC1,29/9/20 12:00,3906.19,-9.21,TRADE,29,9,2020
VIC1,29/9/20 12:30,3918.01,-2.72,TRADE,29,9,2020
VIC1,29/9/20 13:00,3817.23,8.4,TRADE,29,9,2020
VIC1,29/9/20 13:30,3890.71,36.68,TRADE,29,9,2020
VIC1,29/9/20 14:00,3933.1,35.93,TRADE,29,9,2020
VIC1,29/9/20 14:30,3993.12,15.85,TRADE,29,9,2020
VIC1,29/9/20 15:00,4054.59,33.53,TRADE,29,9,2020
VIC1,29/9/20 15:30,4278.46,46.67,TRADE,29,9,2020
VIC1,29/9/20 16:00,4477.08,51.25,TRADE,29,9,2020
VIC1,29/9/20 16:30,4700.04,59.89,TRADE,29,9,2020
VIC1,29/9/20 17:00,4927.46,49.07,TRADE,29,9,2020
VIC1,29/9/20 17:30,5202.19,52.96,TRADE,29,9,2020
VIC1,29/9/20 18:00,5468.14,123.61,TRADE,29,9,2020
VIC1,29/9/20 18:30,5634.66,63.61,TRADE,29,9,2020
VIC1,29/9/20 19:00,5756.31,70.16,TRADE,29,9,2020
VIC1,29/9/20 19:30,5632.42,57.62,TRADE,29,9,2020
VIC1,29/9/20 20:00,5498.45,44.19,TRADE,29,9,2020
VIC1,29/9/20 20:30,5348.75,41.7,TRADE,29,9,2020
VIC1,29/9/20 21:00,5247.58,38.02,TRADE,29,9,2020
VIC1,29/9/20 21:30,5084.07,38.35,TRADE,29,9,2020
VIC1,29/9/20 22:00,4924.77,38.73,TRADE,29,9,2020
VIC1,29/9/20 22:30,4785.29,37.97,TRADE,29,9,2020
VIC1,29/9/20 23:00,4665.72,36.33,TRADE,29,9,2020
VIC1,29/9/20 23:30,4816.87,38.21,TRADE,29,9,2020
VIC1,30/9/20 0:00,4797.67,39.59,TRADE,30,9,2020
VIC1,30/9/20 0:30,4602.92,37.21,TRADE,30,9,2020
VIC1,30/9/20 1:00,4462.32,37.77,TRADE,30,9,2020
VIC1,30/9/20 1:30,4347.91,37.21,TRADE,30,9,2020
VIC1,30/9/20 2:00,4151.6,35.74,TRADE,30,9,2020
VIC1,30/9/20 2:30,4035.78,37.21,TRADE,30,9,2020
VIC1,30/9/20 3:00,3905.51,31.53,TRADE,30,9,2020
VIC1,30/9/20 3:30,3842.9,21.49,TRADE,30,9,2020
VIC1,30/9/20 4:00,3747.5,-7.61,TRADE,30,9,2020
VIC1,30/9/20 4:30,3780.71,13.1,TRADE,30,9,2020
VIC1,30/9/20 5:00,3827.7,23.05,TRADE,30,9,2020
VIC1,30/9/20 5:30,3963.89,28.22,TRADE,30,9,2020
VIC1,30/9/20 6:00,4098.49,33.2,TRADE,30,9,2020
VIC1,30/9/20 6:30,4363.01,41.63,TRADE,30,9,2020
VIC1,30/9/20 7:00,4723.09,50.58,TRADE,30,9,2020
VIC1,30/9/20 7:30,4905.3,40.51,TRADE,30,9,2020
VIC1,30/9/20 8:00,5099.2,58.19,TRADE,30,9,2020
VIC1,30/9/20 8:30,5247.59,62.98,TRADE,30,9,2020
VIC1,30/9/20 9:00,5211.17,61.42,TRADE,30,9,2020
VIC1,30/9/20 9:30,4904.57,42.23,TRADE,30,9,2020
VIC1,30/9/20 10:00,4696.61,22.58,TRADE,30,9,2020
VIC1,30/9/20 10:30,4653.24,34.11,TRADE,30,9,2020
VIC1,30/9/20 11:00,4585.67,33.71,TRADE,30,9,2020
VIC1,30/9/20 11:30,4592.43,33.46,TRADE,30,9,2020
VIC1,30/9/20 12:00,4554.66,33.79,TRADE,30,9,2020
VIC1,30/9/20 12:30,4593.64,33.75,TRADE,30,9,2020
VIC1,30/9/20 13:00,4520.08,31.55,TRADE,30,9,2020
VIC1,30/9/20 13:30,4548.64,31.03,TRADE,30,9,2020
VIC1,30/9/20 14:00,4607.39,35.55,TRADE,30,9,2020
VIC1,30/9/20 14:30,4633.23,43.89,TRADE,30,9,2020
VIC1,30/9/20 15:00,4720.85,42.51,TRADE,30,9,2020
VIC1,30/9/20 15:30,4774.78,39.3,TRADE,30,9,2020
VIC1,30/9/20 16:00,4884.83,36.87,TRADE,30,9,2020
VIC1,30/9/20 16:30,5028.26,34.62,TRADE,30,9,2020
VIC1,30/9/20 17:00,5241.04,38.77,TRADE,30,9,2020
VIC1,30/9/20 17:30,5386.73,47.2,TRADE,30,9,2020
VIC1,30/9/20 18:00,5600.69,43.19,TRADE,30,9,2020
VIC1,30/9/20 18:30,5762.41,52.62,TRADE,30,9,2020
VIC1,30/9/20 19:00,5761.85,48.42,TRADE,30,9,2020
VIC1,30/9/20 19:30,5666.74,39.55,TRADE,30,9,2020
VIC1,30/9/20 20:00,5592.12,38.38,TRADE,30,9,2020
VIC1,30/9/20 20:30,5392.29,40.18,TRADE,30,9,2020
VIC1,30/9/20 21:00,5237.42,39.71,TRADE,30,9,2020
VIC1,30/9/20 21:30,5122.16,36.94,TRADE,30,9,2020
VIC1,30/9/20 22:00,4893.41,34.92,TRADE,30,9,2020
VIC1,30/9/20 22:30,4711.86,39.62,TRADE,30,9,2020
VIC1,30/9/20 23:00,4626.24,36.67,TRADE,30,9,2020
VIC1,30/9/20 23:30,4832.32,38.26,TRADE,30,9,2020
VIC1,1/10/20 0:00,4803.82,40.3,TRADE,1,10,2020