Month,Day,TOTALDEMAND,date,Day,Hourly_Counts,YEAR,relative_humidity,dew_temp,max_temp,min_temp,temp2m,WS50M_MIN,WS10M_MIN,WS50M_MAX,WS10M_MAX,WS50M,WS10M
1,1,187474.3,01-01-2018,Monday,27332.5,2018,62.6,11.5,26.53,13.5,18.82,2.8,1.81,7.47,6.33,4.42,3.59
1,2,210555.7,02-01-2018,Tuesday,23533,2018,63.27,10.4,23.23,13.2,17.37,3.9,2.67,8.23,6.98,5.51,4.52
1,3,212747.65,03-01-2018,Wednesday,27117.5,2018,61.31,9.54,22.54,12.77,16.96,3.9,2.26,6.85,6.22,6.14,4.82
1,4,226675.37,04-01-2018,Thursday,28138.5,2018,60.84,11.53,27.72,13.16,19.19,0.74,0.64,6.48,5.9,3.48,2.9
1,5,246495.47,05-01-2018,Friday,29075.5,2018,53.45,11.87,30.11,14.41,21.68,1.1,1.23,4.63,3.25,2.62,2.14
1,6,267411.69,06-01-2018,Saturday,24846.5,2018,36.28,11.14,38.27,17.91,27.5,4.63,2.77,13.07,9.75,9.07,6.38
1,7,214285.63,07-01-2018,Sunday,18486,2018,62.43,11.86,24.04,15.12,19.11,2.86,2.23,5.1,4.63,4.11,3.49
1,8,237664.14,08-01-2018,Monday,26242,2018,66.12,12.35,24.77,13.89,18.71,0.64,1.34,6.84,5.58,3.32,2.93
1,9,222722.1,09-01-2018,Tuesday,28991.5,2018,60.84,9.6,23.15,12.68,17.14,4.49,3.29,8.85,7.93,6.73,5.45
1,10,233060.08,10-01-2018,Wednesday,31671.5,2018,55.83,10.11,27.52,11.59,19.07,1.85,1.61,6.36,4.91,4.32,3.23
1,11,279215.81,11-01-2018,Thursday,30188.5,2018,39.99,10.39,34.59,14.7,24.98,0.61,0.36,7.58,4.15,3,2
1,12,264045.74,12-01-2018,Friday,27276.5,2018,67.04,16.71,28.83,15,23.05,3.33,2.43,11.74,8.67,8.18,5.81
1,13,197954.1,13-01-2018,Saturday,21173,2018,68.71,9.41,19.32,11.84,15.04,2.27,1.49,10.1,8.08,7.41,5.65
1,14,184043.36,14-01-2018,Sunday,25202,2018,57.45,7.1,20.41,11.33,15.4,6.16,3.55,9.34,7.49,8.04,6.23
1,15,218778.19,15-01-2018,Monday,32019,2018,70.69,11.66,23.13,12.2,16.94,5.86,3.29,9.81,8.51,7.63,5.82
1,16,232148.06,16-01-2018,Tuesday,34903,2018,57.44,10.39,26.63,12.01,18.9,4.55,2.76,7.48,6.4,5.76,4.33
1,17,258572.73,17-01-2018,Wednesday,36901.5,2018,40.09,7.13,32.15,11.38,21.32,1.19,0.95,5.96,3.98,3.15,2.21
1,18,309296.13,18-01-2018,Thursday,32549.5,2018,25.8,6.28,38.2,15.68,27.69,2.37,1.63,9.3,7,6.49,4.32
1,19,330141.19,19-01-2018,Friday,35743,2018,24.61,6.89,40.59,18.73,29.22,1.27,1.24,10.09,7.36,6.8,4.74
1,20,249650.05,20-01-2018,Saturday,37834.5,2018,69.54,15.17,27.02,17.02,20.85,1.95,2.24,6.79,5.49,4.08,3.57
1,21,254610.4,21-01-2018,Sunday,24511.5,2018,52.54,15.83,35.49,18.86,26.22,0.71,0.44,6.42,4.41,4.24,3.02
1,22,275910.85,22-01-2018,Monday,32131,2018,63.7,15.58,32.08,15.98,22.7,1.26,0.92,7.99,7.21,4.07,3.61
1,23,256628.94,23-01-2018,Tuesday,34090.5,2018,61.09,11.96,26.59,15.26,19.57,3.85,3.44,6.23,5.6,5.09,4.44
1,24,257799.53,24-01-2018,Wednesday,35001.5,2018,62.15,12.44,28.8,13.97,19.79,1.52,1.83,6.86,6.3,4.6,3.96
1,25,278490.42,25-01-2018,Thursday,39967,2018,60.08,14.85,33.78,15.15,22.9,0.58,0.44,5.87,5.03,3.67,2.85
1,26,257198.92,26-01-2018,Friday,27868.5,2018,73.32,17.66,31.98,17.5,22.59,0.73,0.68,7.16,6.04,3.56,2.86
1,27,278229.17,27-01-2018,Saturday,33169.5,2018,67.67,19,33.23,18.49,25.28,1.35,1.03,5.3,3.55,2.9,2.06
1,28,318873.38,28-01-2018,Sunday,20323.5,2018,51.88,18.71,36.88,22.2,29.54,2.69,1.44,9.76,7.49,6.69,4.45
1,29,320875.13,29-01-2018,Monday,20309,2018,65.67,18.34,32.88,16.95,25.09,4.7,3.73,11.92,9.15,8.57,6.39
1,30,230479.14,30-01-2018,Tuesday,25714,2018,68.77,10.44,19.03,13.69,16.1,8.08,6.32,10.74,8.97,9.45,7.52
1,31,217048.36,31-01-2018,Wednesday,27347.5,2018,58.24,6.81,18.33,12.18,14.88,7.88,4.95,11.3,9.61,10.06,7.8
2,1,215482.81,01-02-2018,Thursday,29429,2018,59.06,7.85,21.77,10.41,15.77,5.4,3.41,8.43,7.51,6.91,5.32
2,2,225892.68,02-02-2018,Friday,35588.5,2018,66.08,11.33,23.89,12.48,17.65,3.95,3.28,7.19,6.15,5.89,4.46
2,3,209894.65,03-02-2018,Saturday,31132.5,2018,63.05,12.67,27.01,12.81,19.81,3.25,3.05,8.26,6.91,5.81,4.31
2,4,212131.87,04-02-2018,Sunday,20058,2018,57.95,11.9,28.23,13.81,20.36,0.39,0.56,6.42,5.58,4.11,3.15
2,5,252931.92,05-02-2018,Monday,29831,2018,59.82,12.12,28.95,13.55,20.08,0.34,0.5,6.65,5.93,3.82,2.98
2,6,275079.45,06-02-2018,Tuesday,30804,2018,55.61,13.11,31.57,13.95,22.34,0.24,0.4,6.73,4.83,3.69,2.66
2,7,318614.63,07-02-2018,Wednesday,31192.5,2018,43.91,13.27,36.34,17.14,26.55,2.15,1,7.07,5.62,3.98,2.79
2,8,298946.02,08-02-2018,Thursday,31957,2018,60.32,15.7,29.21,19.05,23.73,2.63,1.43,5.43,4.74,3.99,3.09
2,9,274203.74,09-02-2018,Friday,37269,2018,68.99,16.01,28.37,17.5,21.85,2.33,1.66,5.09,3.37,3.47,2.67
2,10,236227.6,10-02-2018,Saturday,35876,2018,54,15.14,33.6,17.76,25.01,2.52,1.53,13.98,10.4,8.44,6.06
2,11,200880.58,11-02-2018,Sunday,20838.5,2018,61.44,10.24,21.92,13.76,17.66,5.34,3.35,8.24,6.59,6.92,5.58
2,12,232418.26,12-02-2018,Monday,30170,2018,58.62,9.49,23.8,12.28,17.62,4.26,3.04,5.86,4.84,5.2,3.84
2,13,249765.43,13-02-2018,Tuesday,33409,2018,51.1,10.53,28.26,13.51,20.99,0.52,0.32,8.54,4.49,3.61,2.23
2,14,230539,14-02-2018,Wednesday,35066,2018,44.11,6.24,22.08,12.78,18.76,5.31,3.11,16.22,12.75,9.77,7.18
2,15,234520.49,15-02-2018,Thursday,36143,2018,60.96,9.36,22.1,11.59,16.86,4.93,3.02,7.18,5.94,6.12,4.45
2,16,229472.71,16-02-2018,Friday,42759.5,2018,59.43,9.34,23.32,12.9,17.24,3.38,2.06,6.76,5.76,5.55,4.12
2,17,211599.87,17-02-2018,Saturday,46264,2018,51.47,9.19,29.29,11.61,19.42,0.97,0.66,6.35,5.02,3.87,3.02
2,18,210171.03,18-02-2018,Sunday,34216,2018,65.36,12.92,28.8,13.69,19.49,0.26,0.15,7.26,6.48,4.32,3.54
2,19,226232.85,19-02-2018,Monday,32596,2018,69.12,13.94,25.84,15.39,19.67,6.04,4.3,11.2,9.07,8.53,6.75
2,20,240070.77,20-02-2018,Tuesday,34466.5,2018,51.43,9.99,29.05,12.71,20.3,2.1,2.16,7.64,5.37,5.04,3.79
2,21,248962.83,21-02-2018,Wednesday,34068.5,2018,42.2,9.11,30.33,16.12,22.65,1.65,0.97,9.45,7.77,5.21,3.82
2,22,267214.13,22-02-2018,Thursday,35188.5,2018,51.93,12.45,28.39,18.53,22.78,0.67,0.46,4.61,3.66,2.82,2
2,23,272656.69,23-02-2018,Friday,37697.5,2018,53.53,14.95,31.29,19.53,24.95,2.49,1.44,13.28,9.31,8.49,5.95
2,24,238452.87,24-02-2018,Saturday,30285,2018,61.19,15.29,29.93,15.09,23.06,7.67,5.99,12.92,8.8,9.61,7.36
2,25,192610.14,25-02-2018,Sunday,18696.5,2018,59.55,8.38,19.81,13.99,16.19,7.55,4.8,11.03,9.5,9.76,7.8
2,26,235904.73,26-02-2018,Monday,34227,2018,56.16,10.04,27.34,11.55,18.9,2.77,1.85,7.13,5.2,5.01,3.73
2,27,255788.57,27-02-2018,Tuesday,34520,2018,43.28,9.59,31.42,14.07,22.76,2.21,1.6,10.16,8.28,6.53,4.48
2,28,246800.34,28-02-2018,Wednesday,32906.5,2018,41.54,8.23,28.43,15.73,21.94,6.95,4.75,15.24,12.08,10.81,8.1
3,1,230168.04,01-03-2018,Thursday,34526.5,2018,71.45,12.01,21.26,14.56,17.14,5.09,3.02,8.12,6.63,7,5.55
3,2,239920.66,02-03-2018,Friday,40205,2018,62.14,11.26,25.84,13.97,18.56,1.39,1.57,5.3,3.7,3.72,2.68
3,3,222192.61,03-03-2018,Saturday,31803.5,2018,49.23,10.5,31.59,14.18,21.57,2.49,1.67,9.52,8.16,5.91,4.49
3,4,202668.4,04-03-2018,Sunday,18812.5,2018,61.39,9.47,21.91,14.02,16.86,5.08,3.16,7.12,6.15,6.04,4.85
3,5,225054.57,05-03-2018,Monday,31104,2018,59.36,8.3,20.34,12.96,16.16,6.25,4.04,9.61,8.17,7.9,6.11
3,6,227701.62,06-03-2018,Tuesday,34485,2018,58.08,9.49,25.05,11.79,17.77,4.36,2.94,7.59,6.43,6.16,4.6
3,7,245435,07-03-2018,Wednesday,35970,2018,50.03,10.12,29.79,12.71,20.89,0.75,0.63,6.9,5.12,4.02,2.88
3,8,257465.18,08-03-2018,Thursday,38505.5,2018,45.23,9.57,30.79,14.65,21.99,0.53,0.54,7.15,5.8,3.7,2.7
3,9,255610.97,09-03-2018,Friday,44805.5,2018,43.38,8.82,31.64,14.6,21.87,0.77,0.5,6.5,5.32,3.13,2.33
3,10,240797.77,10-03-2018,Saturday,47186.5,2018,31.81,6.77,34.97,15.16,24.76,0.3,0.16,6.11,3.09,2.67,1.87
3,11,208972.36,11-03-2018,Sunday,38344.5,2018,52.88,10.4,25.91,13.85,20.27,4.97,3.23,7.86,7.04,6.72,5.14
3,12,195084.62,12-03-2018,Monday,26887.5,2018,64.43,10.17,21.59,13.74,16.84,6.72,4.82,8.6,7.47,7.61,6.08
3,13,225327.25,13-03-2018,Tuesday,31961,2018,65.66,10.51,22.03,13.58,16.9,5.58,3.35,7.57,6.7,6.48,4.96
3,14,228390.7,14-03-2018,Wednesday,35104.5,2018,63.24,10.51,23.77,13.77,17.49,2.38,2.35,6.08,5.05,4.4,3.42
3,15,232090.54,15-03-2018,Thursday,34177,2018,66.2,10.51,23.06,13.46,16.77,1.74,1.56,6.18,5.24,4.39,3.35
3,16,232568.69,16-03-2018,Friday,39727,2018,56.73,9.61,23.43,12.28,18.27,1.18,1.03,7.02,3.96,4.29,2.77
3,17,221430.24,17-03-2018,Saturday,32678,2018,38.6,8.99,30.71,16.59,24.02,6.65,4.11,14.05,9.65,9.75,6.7
3,18,194525.41,18-03-2018,Sunday,24941,2018,38.86,5.35,25.43,13.73,19.84,6.72,3.71,17.45,13.77,10.78,7.7
3,19,223235.89,19-03-2018,Monday,31487,2018,55.84,9.14,25.63,11.82,18.04,5.34,3.59,10.07,8.02,8.08,5.89
3,20,221588.52,20-03-2018,Tuesday,30457,2018,62.23,8.02,19.01,12.2,15.12,5.47,3.93,10.74,8.99,8.47,6.64
3,21,222508.63,21-03-2018,Wednesday,35916,2018,54.43,8.23,25.14,11.26,17.47,5.73,4.27,8.93,6.8,7.62,5.71
3,22,230041.01,22-03-2018,Thursday,37057,2018,48.23,8.51,27.78,12.51,19.75,2.17,1.71,6.2,4.56,4.31,2.92
3,23,238596.65,23-03-2018,Friday,42435.5,2018,46.06,9.84,28.73,15.91,21.98,5.04,2.63,9.13,7.24,6.62,4.4
3,24,224625.39,24-03-2018,Saturday,29566,2018,77,15.78,22.34,18.29,19.87,2.82,1.69,8.71,6.27,5.88,3.96
3,25,197837.03,25-03-2018,Sunday,17795.5,2018,67.3,11.89,23.04,9.64,17.95,8.93,6.48,14.11,10.87,11.48,8.58
3,26,224976.43,26-03-2018,Monday,30581.5,2018,69.74,7.24,18.01,8.61,12.56,5.38,3.08,12.03,9.05,9.57,7.05
3,27,233618.73,27-03-2018,Tuesday,31693,2018,62.19,7.9,21.99,8.68,15,2.62,1.79,8.55,5.88,5.81,4
3,28,235488.01,28-03-2018,Wednesday,33898,2018,53.18,9.59,27.79,14.4,19.32,3.67,2.33,11.61,9.18,7.78,5.71
3,29,232914.52,29-03-2018,Thursday,37124,2018,70.21,11.68,24.05,12.84,17.07,0.22,0.25,4.73,3.5,2.99,2.17
3,30,194140.69,30-03-2018,Friday,24742.5,2018,71.49,11.03,23.19,11.12,16.11,1.31,0.86,6.96,5.76,5.37,3.83
3,31,199375.28,31-03-2018,Saturday,31923.5,2018,63.07,9.16,23.52,11.05,16.11,0.84,0.56,3.74,2.57,2.53,1.78
4,1,193264.36,01-04-2018,Sunday,26088,2018,56.56,9.58,25.91,12.21,18.29,1.02,0.68,7.66,5.83,4.65,3.12
4,2,196516.5,02-04-2018,Monday,17787,2018,71.85,10.89,20.9,12.51,15.9,3.96,2.27,6.46,5.53,5.2,3.69
4,3,226763.06,03-04-2018,Tuesday,31551,2018,72.62,10.12,20.6,11.16,14.93,3.85,2.33,5.03,3.79,4.4,3.11
4,4,231949.22,04-04-2018,Wednesday,34785,2018,68.55,10.22,24.54,11.09,15.92,0.29,0.26,5.69,3.88,3.05,2.1
4,5,235103.39,05-04-2018,Thursday,34438,2018,73.91,10.92,22.31,11.51,15.49,1.31,1.05,6.08,4.03,3.25,2.46
4,6,231958.14,06-04-2018,Friday,39565.5,2018,76.57,11.03,20.49,11.99,15.07,3.14,1.93,5.5,4.85,4.26,3.1
4,7,211876.95,07-04-2018,Saturday,32376,2018,65.21,9.53,22.88,11.45,15.97,0.29,0.15,4.62,3.08,2.97,2.08
4,8,201142.33,08-04-2018,Sunday,20308,2018,48.5,8.16,29.03,11.88,19.29,3.29,1.76,10.79,8.23,7.16,4.69
4,9,237405.85,09-04-2018,Monday,31900,2018,66.19,12.1,24.41,13.4,18.43,1.66,1.69,5.1,3.09,3.31,2.3
4,10,244846.02,10-04-2018,Tuesday,35666,2018,54.97,12.31,28.38,15.19,21.68,4.54,2.48,9.83,5.9,7.06,4.21
4,11,243889.99,11-04-2018,Wednesday,36421,2018,64.58,13.56,27.19,15.76,20.35,0.6,0.64,5.75,4.64,3.28,2.28
4,12,239753.26,12-04-2018,Thursday,36667.5,2018,46.17,8.85,26.15,12.62,20.86,3.58,2.06,12.13,9.28,9.13,6.04
4,13,227219.52,13-04-2018,Friday,42183.5,2018,55.5,8.97,24.51,11.1,17.95,1.14,0.67,12.62,8.99,8.09,5.63
4,14,210270.61,14-04-2018,Saturday,27215.5,2018,67.52,6.89,16.28,10.16,12.68,9.66,6.88,19.42,15.27,13.22,9.98
4,15,208246.78,15-04-2018,Sunday,16357.5,2018,83.64,10.7,16.98,10.29,13.41,7.58,4.54,12.15,9.21,10.31,7.34
4,16,231389.28,16-04-2018,Monday,29010.5,2018,78.76,10.9,19.18,10.24,14.51,7.12,3.9,11.3,8.77,9.47,6.69
4,17,242185.71,17-04-2018,Tuesday,33517,2018,68.16,6.24,16.54,9.09,11.86,5.15,2.94,7.03,5.53,6.13,4.18
4,18,241569.75,18-04-2018,Wednesday,34593,2018,61.43,6.53,21.64,7.53,13.76,1.68,1.1,4.84,3.14,3.1,2.1
4,19,240897.87,19-04-2018,Thursday,36144,2018,61.13,8.03,22.6,11.41,15.41,1.87,1.56,5.3,3.05,3.33,2.18
4,20,236648.18,20-04-2018,Friday,41475,2018,68.34,8.95,22.51,10.46,14.65,0.81,0.67,5.01,3.48,2.6,1.9
4,21,214958.52,21-04-2018,Saturday,32217.5,2018,71.9,9.91,22.67,9.22,14.86,1.12,0.85,4.87,4.08,2.85,2.11
4,22,207324.1,22-04-2018,Sunday,19235,2018,76.85,11.52,23.36,10.38,15.52,1.02,0.94,5.02,2.96,2.78,1.92
4,23,235599.94,23-04-2018,Monday,29716.5,2018,58.06,9.51,26.82,10.33,17.79,0.73,0.52,9.42,5.61,5.31,3.41
4,24,235285.29,24-04-2018,Tuesday,34143.5,2018,54.96,9.33,24.88,14.25,18.49,0.88,0.55,9.74,6.26,6.18,4.18
4,25,213309.91,25-04-2018,Wednesday,23608,2018,70.92,10.61,21.96,12.77,15.81,0.73,0.72,6.01,4.8,3,2.13
4,26,235235.02,26-04-2018,Thursday,32396.5,2018,72.09,8.15,18.27,9.33,13.01,4.01,2.45,7.49,6.09,5.91,4.01
4,27,238158.93,27-04-2018,Friday,36111,2018,75.68,8.28,17.24,9.27,12.41,4.43,2.65,6.14,4.93,5.21,3.57
4,28,217226.76,28-04-2018,Saturday,27881.5,2018,74.86,8.31,19.62,8.35,12.61,1.13,1.23,6.24,3.98,3.79,2.6
4,29,210555.43,29-04-2018,Sunday,16245,2018,77.73,9.52,18.32,10.25,13.29,3.71,2.33,5.53,4.85,4.92,3.42
4,30,243103.37,30-04-2018,Monday,27819.5,2018,66.2,7.46,20.68,9.35,13.57,1.2,1.11,3.76,2.42,2.37,1.72
5,1,240180.69,01-05-2018,Tuesday,29243.5,2018,44.81,2.56,22.74,7.97,14.46,3.26,2.26,7.18,5.02,5.66,3.65
5,2,237433.19,02-05-2018,Wednesday,30126.5,2018,52.87,6.06,20.77,12.54,15.62,5.85,3.54,8.58,5.61,7.25,4.38
5,3,234715.67,03-05-2018,Thursday,32111,2018,54.28,7.38,24.78,11.6,16.61,7.95,4.63,15.88,11.43,10.83,7.66
5,4,233740.92,04-05-2018,Friday,35515,2018,72.8,7.51,16,9.5,12.2,7.91,4.69,12.17,9.56,9.42,6.67
5,5,213785.99,05-05-2018,Saturday,29669.5,2018,73.46,8.55,18.92,8.89,13.13,6.2,3.55,8.54,6.91,7.57,5.01
5,6,211680.78,06-05-2018,Sunday,17557.5,2018,70.97,8.97,20.6,9.17,14.09,2.63,1.52,6.75,4.24,4.89,3.17
5,7,236509.11,07-05-2018,Monday,27213.5,2018,62.43,6.28,17.81,9.1,13.24,7.25,4.12,13.83,10.64,9.72,6.73
5,8,245753.73,08-05-2018,Tuesday,28954.5,2018,68.23,7.49,18.61,9.58,13.15,0.88,0.68,7,3.97,3.05,1.99
5,9,245442.92,09-05-2018,Wednesday,36007,2018,70.78,6.97,17.06,7.24,12.05,4.12,2.6,10,7.34,7.83,5.47
5,10,257037.01,10-05-2018,Thursday,29710,2018,87.19,6.2,10.4,6.99,8.22,4.78,2.96,7.78,6.24,6.41,4.56
5,11,266934.74,11-05-2018,Friday,27863,2018,89.82,9.05,12.48,8.23,10.67,7.89,5.5,16.8,13.09,12.6,9.47
5,12,222547.51,12-05-2018,Saturday,23028.5,2018,79.47,8.93,15.3,9.97,12.35,8.77,5.85,12.07,9.55,10.51,7.7
5,13,217459.42,13-05-2018,Sunday,18545,2018,83.39,9.4,15.81,8.42,12.13,4.47,2.79,8.65,6.1,6.72,4.73
5,14,259771.91,14-05-2018,Monday,26612,2018,83.69,8.23,16.65,8.06,10.88,0.25,0.25,4.18,2.71,2.48,1.76
5,15,263801.04,15-05-2018,Tuesday,27851,2018,81.31,7.7,13.16,9.09,10.76,3.27,2.12,9.57,7.65,6.86,4.75
5,16,266798.46,16-05-2018,Wednesday,27282,2018,73.7,5.72,13.85,7.38,10.16,4.9,2.73,7.29,5.41,6.07,3.98
5,17,263514.31,17-05-2018,Thursday,29154,2018,82.37,7.39,14.27,6.67,10.26,5.13,3.12,7.17,5.82,6.16,4.09
5,18,254707.15,18-05-2018,Friday,35688.5,2018,87.44,9.67,15.86,9.34,11.7,5.56,3.01,7.34,5.73,6.39,4.12
5,19,238524.29,19-05-2018,Saturday,27562,2018,81.65,7.39,14.1,8.33,10.38,4.47,2.84,7.4,4.43,5.4,3.57
5,20,224698.52,20-05-2018,Sunday,15104.5,2018,85.65,9.77,15.76,8.52,12.1,7.27,4.55,9.81,7.59,8.52,5.79
5,21,248093.61,21-05-2018,Monday,25776.5,2018,84.32,9.51,14.44,10.12,12.07,7.26,4.64,10,7.6,8.75,5.89
5,22,253845.99,22-05-2018,Tuesday,26566,2018,90.33,11.01,15.37,10.39,12.57,5.68,3.07,9.6,7.4,7.82,5.19
5,23,258705.66,23-05-2018,Wednesday,28230,2018,86.68,9.46,14.97,9.77,11.62,5.09,2.92,6.52,5.34,5.78,3.75
5,24,259107.88,24-05-2018,Thursday,29893.5,2018,77.7,8.28,15,10.09,12.02,5.5,2.98,6.76,5.67,6.11,3.98
5,25,255915.14,25-05-2018,Friday,35711.5,2018,75.76,6.17,15.1,6.91,10.23,1.07,1.13,5.46,2.98,2.9,1.97
5,26,230768.17,26-05-2018,Saturday,27970.5,2018,72.52,6.02,18.68,4.75,10.71,2.29,1.62,7.24,4.07,4.81,3.08
5,27,212089.02,27-05-2018,Sunday,15416,2018,75.01,8.25,16.91,8.51,12.51,6.91,4.06,9.1,6.91,8.01,5.14
5,28,238720.53,28-05-2018,Monday,26291.5,2018,67.22,8.31,18.87,11,14.23,7.98,4.81,12.45,8.85,9.55,6.46
5,29,246285.52,29-05-2018,Tuesday,27979,2018,71.87,7.13,15.57,8.23,12,3.27,2.13,12.52,8.95,7.99,5.9
5,30,255661.24,30-05-2018,Wednesday,27259,2018,77.68,5.82,13.28,5.63,9.49,4.53,2.71,11.53,7.73,7.65,5.2
5,31,262319.89,31-05-2018,Thursday,28700.5,2018,75.96,5.26,13.52,6.13,9.24,4.25,2.74,9.63,7.11,7.55,5.08
6,1,266291.2,01-06-2018,Friday,34812,2018,76.99,4.78,14.18,5.6,8.55,0.74,0.46,4.23,3.08,2.93,2.06
6,2,246452.15,02-06-2018,Saturday,28984,2018,88.57,6.83,13.66,5.57,8.63,1.63,1.19,4.87,3.85,3.61,2.49
6,3,242355.17,03-06-2018,Sunday,15794,2018,88.92,7.17,13.87,6.86,8.92,1.43,1.18,4.73,3.35,3.31,2.33
6,4,270770.82,04-06-2018,Monday,24825,2018,87.4,7.92,14.06,7.51,9.93,3.02,2.01,5.24,4.07,4.21,2.82
6,5,265950.26,05-06-2018,Tuesday,27484,2018,88.88,8.14,14.74,6.4,9.9,3.42,2.21,4.86,3.14,4.17,2.79
6,6,264076.85,06-06-2018,Wednesday,34195.5,2018,76.92,6.1,17.42,4.32,9.93,3.6,2.48,8.4,4.71,5.44,3.39
6,7,257155.26,07-06-2018,Thursday,28891.5,2018,76.02,7.81,14.92,8.54,11.86,8.06,4.62,13.66,9.89,10.82,7.57
6,8,259820.03,08-06-2018,Friday,32355.5,2018,78.19,7.48,13.03,9.58,11.11,6.62,3.85,14.25,10.41,9.94,7.17
6,9,240464.39,09-06-2018,Saturday,30338,2018,86.38,8.43,14.23,8.27,10.62,1.77,1.32,6.52,3.72,3.45,2.17
6,10,234075.73,10-06-2018,Sunday,21867.5,2018,80.64,6.65,15.41,6.76,9.8,1.24,0.88,4.22,2.73,2.06,1.51
6,11,226841.97,11-06-2018,Monday,14551.5,2018,79.29,6.41,15.79,4.66,9.81,4.75,2.99,12.3,8.98,8.18,5.66
6,12,254522.59,12-06-2018,Tuesday,25756.5,2018,89.71,8.84,13.23,8.6,10.48,7.7,4.6,12.04,8.84,9.48,6.79
6,13,263149.21,13-06-2018,Wednesday,25329.5,2018,86.17,6.42,12.34,6.02,8.61,6.12,3.51,10.93,8.62,8.1,5.5
6,14,261088.97,14-06-2018,Thursday,27360,2018,82.33,6.15,11.52,6.43,8.99,8.46,5.06,16.89,12.65,11.59,8.54
6,15,266018.02,15-06-2018,Friday,29918,2018,84.38,6.01,10.52,6.35,8.49,9.69,6.46,13.43,9.71,10.89,7.77
6,16,248702.47,16-06-2018,Saturday,23491,2018,88.97,5.01,9.27,5.09,6.72,7.42,5.01,11.06,7.83,8.7,6.24
6,17,241571.19,17-06-2018,Sunday,12372.5,2018,91.67,7.78,10.66,6.66,9.09,8.36,6.01,13.87,10.3,11.1,8.21
6,18,277037.47,18-06-2018,Monday,25040,2018,87,6.27,10.67,4.98,8.32,4.39,2.77,8.63,6,6.75,4.59
6,19,287660.24,19-06-2018,Tuesday,26742.5,2018,84.01,4.62,12.88,4.36,7.15,0.68,0.45,5.52,4.52,3.46,2.43
6,20,282611.76,20-06-2018,Wednesday,28702,2018,82.27,3.96,11.9,3.56,6.77,4.24,2.69,6.88,5.4,5.36,3.48
6,21,287084.04,21-06-2018,Thursday,29679,2018,80.3,4.16,13.67,2.47,7.32,1.68,1.23,4.79,3.35,3.68,2.55
6,22,280592.8,22-06-2018,Friday,34310,2018,78.35,4.33,13.62,4.42,7.84,1.71,1.26,6.44,3.7,3.6,2.44
6,23,264330.85,23-06-2018,Saturday,25245.5,2018,88.57,5.39,11.39,3.43,7.17,4.66,2.57,7.45,4.82,5.99,3.73
6,24,251701.16,24-06-2018,Sunday,13767.5,2018,83.81,5.7,11.21,6.52,8.28,4.28,2.57,5.52,4.19,4.91,3.2
6,25,283945.43,25-06-2018,Monday,25549,2018,88.07,6.25,11.69,5.88,8.13,2.22,1.51,5.01,2.87,3.46,2.31
6,26,285684.8,26-06-2018,Tuesday,25761,2018,88.27,6.97,13.29,6.5,8.82,0.64,0.52,3.83,2.45,1.98,1.35
6,27,296200.26,27-06-2018,Wednesday,28206,2018,82,4.89,13.19,5.16,7.77,0.74,0.47,3.83,2.42,1.94,1.36
6,28,300890.94,28-06-2018,Thursday,26409.5,2018,85.83,4.3,10.61,3.45,6.51,0.63,0.45,5.93,3.38,2.15,1.47
6,29,278376.96,29-06-2018,Friday,35288,2018,82.44,5.01,11.03,5.11,7.81,6.3,3.64,11.02,7.96,8.58,6.07
6,30,250788.85,30-06-2018,Saturday,25781,2018,83.01,5.25,11.97,4.82,7.96,5.62,3.31,11.18,8.15,8.25,5.82
7,1,243112.15,01-07-2018,Sunday,17719.5,2018,77.6,4.05,12.83,3.36,7.69,0.37,0.28,5.58,3.37,3.08,2.11
7,2,281426.51,02-07-2018,Monday,26302,2018,73.1,2.54,13.34,3.18,6.99,1.93,1.43,7.68,4.72,4.49,3.01
7,3,271518.55,03-07-2018,Tuesday,27084,2018,76.51,3.74,12.24,4.28,7.58,7.58,4.77,10.34,8.08,9.01,6.33
7,4,257161.95,04-07-2018,Wednesday,30695.5,2018,68.52,4.73,14.6,6.34,10.21,9.97,6.86,14.33,11.33,11.71,8.7
7,5,251723.2,05-07-2018,Thursday,29705,2018,65.1,5.55,15.75,8.36,11.84,8.88,6.09,14.83,10.48,11.68,8.35
7,6,248485.04,06-07-2018,Friday,35392.5,2018,76.96,5.85,12.3,7.87,9.67,7.8,5.2,13.57,10.04,10.1,7.11
7,7,239434.87,07-07-2018,Saturday,24725.5,2018,78.59,4.94,10.79,7.05,8.43,9.75,6.32,14.97,11.4,12.69,9.24
7,8,229124.43,08-07-2018,Sunday,15685,2018,87.64,7.69,11.71,8.42,9.66,8.11,5.07,12.42,9.36,10.41,7.27
7,9,267748.95,09-07-2018,Monday,27652.5,2018,86.36,6.92,12.25,5.81,9.09,4.88,2.7,7.68,5.42,6.32,3.99
7,10,280685.99,10-07-2018,Tuesday,29011.5,2018,85.11,5.25,11.73,4.87,7.6,3.25,2.09,5.67,3.41,4.04,2.77
7,11,286922.25,11-07-2018,Wednesday,33248.5,2018,87.79,4.29,10.02,4.16,6.18,2.01,1.4,7.83,6.48,5.77,4.05
7,12,291534.2,12-07-2018,Thursday,31455,2018,85.31,4.14,10.72,2.96,6.44,0.35,0.18,4.67,2.91,2.35,1.58
7,13,281085.9,13-07-2018,Friday,36112,2018,82.52,5.32,12.11,5.85,8.11,2.67,1.89,4.88,3.72,4.03,2.75
7,14,248983.06,14-07-2018,Saturday,26879.5,2018,75.56,3.21,12.8,3.34,7.21,2.15,1.58,7.2,4.32,4.1,2.72
7,15,238928.63,15-07-2018,Sunday,15809,2018,67.46,1.19,12.9,2.53,6.75,7.11,4.37,10.59,7.5,8.74,6.07
7,16,274893.5,16-07-2018,Monday,26512,2018,73.73,3.09,11.65,4.31,7.43,8.02,4.55,12.3,9.96,9.9,7.21
7,17,262734.18,17-07-2018,Tuesday,28833,2018,77.36,5.32,15.68,5.59,9.05,8.96,5.8,19.16,14.55,12.62,9.31
7,18,265713.44,18-07-2018,Wednesday,32028,2018,74.24,4.17,13.18,4.78,8.45,7.8,4.52,12.77,10.03,10.53,7.44
7,19,267556.89,19-07-2018,Thursday,26182.5,2018,71.44,3.1,14.09,4.28,7.9,4.9,3.19,13.05,10.05,9.97,7.35
7,20,271456.81,20-07-2018,Friday,37524,2018,88.13,4.63,9.79,4.19,6.47,6.23,3.82,11.94,9.24,8.41,5.74
7,21,251857.24,21-07-2018,Saturday,26986,2018,80.98,4.24,11.8,4.63,7.28,4.73,2.94,7.01,4.23,5.85,3.68
7,22,228373.6,22-07-2018,Sunday,16038.5,2018,71.25,2.48,12.61,4,7.29,6.62,3.84,9.05,7.24,8.12,5.43
7,23,269329.31,23-07-2018,Monday,25164.5,2018,68.82,2.01,11.37,3.44,7.31,9.15,5.89,16.77,12.64,13.1,9.85
7,24,265934.38,24-07-2018,Tuesday,29219.5,2018,86.2,7.21,13.25,6.45,9.41,8.57,5.08,16.3,12.45,11.37,7.98
7,25,270616.59,25-07-2018,Wednesday,32987,2018,80.5,4.71,12.65,4.73,7.84,5.39,2.93,8.31,5.69,6.79,4.3
7,26,275268.25,26-07-2018,Thursday,32750,2018,84.98,5.49,13.4,4.44,7.86,4.56,2.71,7.48,4.79,5.84,3.71
7,27,260239,27-07-2018,Friday,39483,2018,75.45,6.3,16.87,5.77,10.42,6.2,3.17,8.1,5.97,7.41,4.52
7,28,233885.88,28-07-2018,Saturday,30506,2018,77.94,7.33,16.82,6.07,11,4.57,2.92,9.02,5.87,6.89,4.31
7,29,223110,29-07-2018,Sunday,20108.5,2018,82.84,6.44,11.27,6,9.2,8.66,5.75,13.74,10.62,11.04,7.9
7,30,270844.27,30-07-2018,Monday,27168,2018,77.53,4.11,11.27,5.01,7.77,6.92,4.74,13.52,9.84,9.31,6.63
7,31,259039.99,31-07-2018,Tuesday,27693,2018,75.22,5.44,13.47,6.24,9.58,7.43,5.19,13.67,10.22,11.22,8.05
8,1,262824.72,01-08-2018,Wednesday,33142,2018,79.18,5.27,12.95,5.6,8.65,0.45,0.33,9.17,5.66,4.52,2.95
8,2,258050,02-08-2018,Thursday,33690.5,2018,71.36,3.46,14.22,2.76,8.29,5.09,3.11,11.79,8.98,8.83,6.08
8,3,259480.63,03-08-2018,Friday,36716,2018,65.94,3.67,15.29,7.34,9.67,10.2,7.5,14.84,10.87,12.02,8.68
8,4,232476.35,04-08-2018,Saturday,31551.5,2018,77.01,5.04,13.11,5.21,8.83,7.56,4.58,11.97,9.38,10.09,7.07
8,5,209824.76,05-08-2018,Sunday,17918,2018,55.64,2.63,15.5,7.05,11.14,9.78,6.34,14.63,11.17,12.27,8.71
8,6,254397.56,06-08-2018,Monday,28478.5,2018,83.22,4.98,9.64,6.07,7.64,8.02,4.94,12.1,9.56,10.02,7.3
8,7,263702.03,07-08-2018,Tuesday,30969,2018,77.41,4.51,11.8,5.53,8.2,9,6.06,12.5,9.27,10.19,7.52
8,8,263879,08-08-2018,Wednesday,32882.5,2018,86.06,6.01,12.21,4.57,8.21,5.92,3.36,13.03,9.81,9.08,6.47
8,9,271341.98,09-08-2018,Thursday,31749,2018,76.38,3.49,12.53,2.64,7.34,5.79,3.48,10,7.68,7.89,5.47
8,10,243750.71,10-08-2018,Friday,38082.5,2018,56.94,2.78,16.57,5.92,10.95,9.02,5.36,17.11,13.29,13.32,9.75
8,11,239977.47,11-08-2018,Saturday,26062,2018,78.65,4.2,10.88,5.48,7.65,5.62,3.69,8.79,7.08,7.08,5.05
8,12,230463.7,12-08-2018,Sunday,17931.5,2018,82.39,4.74,11.75,2.75,7.54,6.16,4.13,9.74,7.64,8.32,5.75
8,13,255083.14,13-08-2018,Monday,28895.5,2018,83.45,7.52,13.88,7.26,10.2,7.19,3.76,9.25,7.12,8.19,5.29
8,14,242146.9,14-08-2018,Tuesday,31478,2018,74,5.79,15.78,5.63,10.18,6.47,3.98,16.24,11.86,10.35,7.44
8,15,245204.23,15-08-2018,Wednesday,32020.5,2018,63.24,4.14,14.58,6.41,10.79,8.37,5.31,16.51,12.13,12.29,8.78
8,16,262274.13,16-08-2018,Thursday,34106.5,2018,79.3,4.64,12.61,4.93,7.98,4.69,2.76,8.08,6.44,6.56,4.47
8,17,250379.08,17-08-2018,Friday,40945,2018,69.58,3.6,13.71,4.38,8.81,5.64,3.27,12.51,8.89,8.49,5.84
8,18,233142.52,18-08-2018,Saturday,25494.5,2018,80.76,4.79,10.8,5.73,7.88,5.76,3.47,12.24,8.92,9.45,6.88
8,19,239415.86,19-08-2018,Sunday,15539,2018,79.1,3.78,9.82,4.89,7.15,8.02,4.64,13.05,10.26,11.1,7.97
8,20,277836.77,20-08-2018,Monday,27166,2018,85.38,4.74,10.64,3.79,7.04,5.3,3.38,9.54,6.9,7.63,5.12
8,21,276848.5,21-08-2018,Tuesday,28869.5,2018,84.67,5.65,11.72,5.01,8.08,5.47,3.03,8.32,6.09,6.61,4.39
8,22,272481.69,22-08-2018,Wednesday,30223,2018,82.85,5.39,12.38,5.57,8.13,1.11,0.92,5.54,3.11,3.04,1.92
8,23,263913.45,23-08-2018,Thursday,31377.5,2018,68.2,3.34,15.22,3.6,8.83,0.9,0.67,4.92,3.45,3.58,2.42
8,24,260421.88,24-08-2018,Friday,38423.5,2018,67.48,3.47,15.45,4.71,9.12,1.92,1.35,4.85,3.06,3.24,2.31
8,25,232943.55,25-08-2018,Saturday,29507.5,2018,66.26,3.66,16.34,4.89,9.59,0.75,0.54,4.36,2.55,1.81,1.31
8,26,222872.53,26-08-2018,Sunday,15287,2018,82.56,5.57,14.34,3.63,8.36,1.17,0.87,7.95,5.57,4.83,3.48
8,27,262561.7,27-08-2018,Monday,27789,2018,75.17,2.5,10.87,3.67,6.55,3.95,2.48,6.95,5.94,6.27,4.3
8,28,279126.19,28-08-2018,Tuesday,28997,2018,73.43,1.82,11.3,2.56,6.19,2.24,1.58,5.51,3.92,3.65,2.58
8,29,272064.32,29-08-2018,Wednesday,31459,2018,63.69,0.18,13.1,1.17,6.52,1.22,1.04,5.89,3.39,2.81,2.02
8,30,279505.09,30-08-2018,Thursday,30007.5,2018,63.05,0.81,10.75,3.74,7.33,6.16,3.53,12.14,7.82,8.43,5.8
8,31,260933.83,31-08-2018,Friday,36944,2018,69.92,4.7,12.23,7.59,9.87,6.54,3.84,13.37,8.84,8.77,5.61
9,1,227590.13,01-09-2018,Saturday,25363.5,2018,85.61,6.1,11.88,3.86,8.38,5.31,3.14,8.4,6.61,7.28,4.96
9,2,236805.81,02-09-2018,Sunday,18137.5,2018,81.51,3.8,10.9,3.19,6.73,4.72,2.79,6.1,5.07,5.63,3.79
9,3,262897.99,03-09-2018,Monday,28413.5,2018,77.76,3.81,13.07,3.64,7.41,2.92,2.36,6,3.87,4.33,3.02
9,4,256384.17,04-09-2018,Tuesday,31391.5,2018,72.12,4.7,16.61,2.49,9.43,2,1.44,5.7,4.05,3.98,2.75
9,5,236614.31,05-09-2018,Wednesday,31660.5,2018,66.81,6.07,17.05,6.53,11.99,5.71,3.31,11.54,8.81,9.25,6.05
9,6,232934.74,06-09-2018,Thursday,29736.5,2018,76.6,8.74,16.29,7.86,12.71,4.77,2.55,13.4,10.17,9.42,6.44
9,7,247167.04,07-09-2018,Friday,41370,2018,76.96,5.09,13.82,5.94,8.88,2.36,1.58,6.15,4.05,4.58,3.13
9,8,219897.23,08-09-2018,Saturday,28240.5,2018,67.07,3.77,14.98,4.36,9.52,0.23,0.23,8.81,5.32,4.16,2.77
9,9,215677.9,09-09-2018,Sunday,17424,2018,77.33,7.88,17.21,7.5,11.68,4.42,2.56,10.84,8.32,7.89,5.26
9,10,246265.25,10-09-2018,Monday,30294.5,2018,79.5,8.68,18.44,7.06,12.1,0.26,0.19,5,3.35,3.27,2.21
9,11,222193.06,11-09-2018,Tuesday,32831,2018,59.66,6.84,22.02,7.14,14.53,4.91,2.79,13.66,9.76,10.24,6.84
9,12,225870.08,12-09-2018,Wednesday,33613,2018,64.67,4.74,16.05,6.87,11.09,5.49,3,10.33,6.6,7.16,4.84
9,13,235761.13,13-09-2018,Thursday,34005.5,2018,66.92,5.3,18.37,4.96,11.16,5.2,3.18,6.52,4.91,5.78,3.81
9,14,222426.3,14-09-2018,Friday,40537,2018,49.62,3.04,20.21,6.47,13.37,6.89,3.83,13.11,8.95,9.88,6.6
9,15,217264.71,15-09-2018,Saturday,23159,2018,63.22,3.07,14.26,4.77,9.67,8.59,5.94,14.43,11.39,11.38,8.42
9,16,226060.01,16-09-2018,Sunday,18294,2018,70.95,2.97,12.95,3.16,7.86,4.07,2.38,8.47,5.76,5.62,3.91
9,17,236416.48,17-09-2018,Monday,30136,2018,60.13,2.81,16.57,3.63,10.15,5.54,3.25,10.2,7.36,8.02,5.39
9,18,239244.57,18-09-2018,Tuesday,32531,2018,51.9,2.14,18.32,6.96,11.69,5.52,3.05,14.04,10.7,10.68,7.61
9,19,247575.54,19-09-2018,Wednesday,31683,2018,75.01,4.07,12.8,5.04,8.2,2.91,1.97,7.15,5.8,5.37,3.85
9,20,250671.14,20-09-2018,Thursday,33813.5,2018,70.37,4.59,16.66,3.06,9.66,3.54,2.26,4.88,3.8,4.29,3
9,21,240744.96,21-09-2018,Friday,40016.5,2018,72.5,7.04,18.53,5.96,11.77,0.48,0.39,4.31,3.44,3.03,2.24
9,22,215463.44,22-09-2018,Saturday,30876,2018,72.94,7.33,19.3,5.94,11.98,0.95,0.7,5.56,4.59,4.13,2.96
9,23,214664.2,23-09-2018,Sunday,17901.5,2018,73.64,5.34,13.31,6.92,9.78,3.27,1.97,8.44,7.19,7.17,5.26
9,24,239071.43,24-09-2018,Monday,31553.5,2018,69.58,4.37,15.4,4.28,9.61,5.15,3.18,7.24,5.76,6.19,4.45
9,25,249594.17,25-09-2018,Tuesday,31690,2018,73.07,4.59,13.77,5.04,9.11,4.11,3.04,6.74,5.46,5.63,4.06
9,26,238476.69,26-09-2018,Wednesday,35921,2018,59.39,2.94,18.37,3.69,10.47,0.57,0.73,5.17,3.87,3.32,2.32
9,27,221757.34,27-09-2018,Thursday,38863.5,2018,52.03,4.06,22.36,7.53,13.73,3.56,2.29,11.23,8.62,7.68,5.21
9,28,217244.84,28-09-2018,Friday,26042.5,2018,82.16,6.47,12.65,5.07,9.35,3.08,1.99,7.02,5.17,5.59,3.93
9,29,218630.13,29-09-2018,Saturday,28159.5,2018,70.18,3.31,14.09,3.43,8.37,4.07,2.51,6.61,5.37,5.53,3.93
9,30,212472.46,30-09-2018,Sunday,17207.5,2018,70.31,5.23,17.39,5.33,10.34,0.55,0.58,5.41,3.15,3.21,2.19
10,1,224059.85,01-10-2018,Monday,31389,2018,52.56,3.66,22.12,4.91,13.13,0.78,0.48,5.49,4.4,3.56,2.54
10,2,228916.41,02-10-2018,Tuesday,33678,2018,52.23,5.76,22.03,9.08,15.49,3.38,2.17,11.31,6.57,6.75,4.31
10,3,230981.67,03-10-2018,Wednesday,33065.5,2018,70.09,8.08,16.72,8.68,13.36,4.42,2.49,10.29,6.24,6.29,4.44
10,4,230588.24,04-10-2018,Thursday,34681.5,2018,70.47,6.05,15.57,7.93,11.17,6.58,4.14,7.86,6.65,7.15,5.37
10,5,225153.09,05-10-2018,Friday,40252,2018,70.27,6.93,18.79,7.56,12.12,2.54,1.67,6.55,5.36,5.54,4.05
10,6,205976.29,06-10-2018,Saturday,32104.5,2018,59.96,7.05,23.14,6.21,14.68,0.26,0.16,6.14,4.99,3.33,2.31
10,7,200953.41,07-10-2018,Sunday,17560,2018,53.05,6.94,24.49,9.52,16.51,0.35,0.4,5.36,2.69,2.67,1.8
10,8,227891,08-10-2018,Monday,26933.5,2018,51.01,7.95,26.73,11.96,18.23,0.36,0.34,6.7,4.02,3.4,2.18
10,9,232898.62,09-10-2018,Tuesday,27054,2018,89.19,11.15,15.88,9.75,12.9,2.46,1.59,8.74,7,5.53,4.03
10,10,219102.16,10-10-2018,Wednesday,30171,2018,64.34,4.91,16.71,6.79,11.34,7.28,4.58,10.86,8.88,9.4,7.16
10,11,220864.66,11-10-2018,Thursday,33184,2018,64.07,5.08,19.43,5.18,11.58,1.67,1.51,7.33,5.97,4.87,3.53
10,12,220914.67,12-10-2018,Friday,40649,2018,59,6.31,22.57,6.52,14.15,1.92,1.53,6.35,4.59,4.33,2.98
10,13,193169.49,13-10-2018,Saturday,30802,2018,54.55,6.78,23.46,8.76,15.89,2.34,1.59,9.05,7.13,5.13,3.51
10,14,181837.23,14-10-2018,Sunday,24729.5,2018,55.78,9.23,25.16,11.22,18.15,5.23,2.89,11.59,8.84,8.71,5.62
10,15,216140.55,15-10-2018,Monday,28723,2018,55.25,10.72,25.28,15.39,19.9,8.36,4.88,12.53,8.88,10.4,6.83
10,16,227778.82,16-10-2018,Tuesday,26654,2018,79.75,14.38,20,15.62,17.89,4.11,2.09,12.49,8.27,9.2,6.16
10,17,225184.52,17-10-2018,Wednesday,30265,2018,77.88,11.9,20.12,11.88,15.71,4.55,2.63,6.96,5.51,5.99,3.94
10,18,225613.17,18-10-2018,Thursday,30501.5,2018,78.4,11.27,19.06,11.65,14.96,4.42,2.22,7.51,5.88,5.98,4.06
10,19,215880.32,19-10-2018,Friday,39147.5,2018,53.17,9.01,26.6,9.7,18.69,4.49,2.45,10.97,7.59,8.4,5.56
10,20,198737.71,20-10-2018,Saturday,24771,2018,73.24,7.6,17.26,7.92,12.19,3.34,2.64,9.04,6.74,6.03,4.36
10,21,196855.06,21-10-2018,Sunday,17917,2018,71.1,7.62,19.34,7,12.66,2.28,2.04,4.98,3.23,3.65,2.57
10,22,211787.23,22-10-2018,Monday,27563.5,2018,45.54,5.53,26.07,8.4,17.46,3.26,1.84,11.05,7.88,8.02,5.37
10,23,218483.13,23-10-2018,Tuesday,28040.5,2018,65.59,7.03,17.87,7.99,13.27,2.77,1.52,7.86,6.6,5.31,4.02
10,24,222846.73,24-10-2018,Wednesday,28312.5,2018,61.48,3.79,16.78,6.18,10.85,5.2,3.2,6.61,5.7,6.03,4.37
10,25,224828.78,25-10-2018,Thursday,31320.5,2018,60,5.18,21.02,6.74,12.69,1.16,0.8,6.09,4.91,4.16,3.07
10,26,222290.24,26-10-2018,Friday,39666.5,2018,67.51,7.2,19.41,8.3,13.01,1.08,0.75,5.81,5.06,4.7,3.5
10,27,195947.97,27-10-2018,Saturday,25531.5,2018,68.75,7.3,19.07,7.54,12.83,0.75,0.53,9.7,8.02,6.76,5.11
10,28,191248.03,28-10-2018,Sunday,17559,2018,59.19,3.49,17.15,5.89,11.1,4.43,3.45,6.83,5.49,5.89,4.42
10,29,220393.23,29-10-2018,Monday,27884,2018,60.85,5,19.73,6.85,12.28,2.1,1.5,6.01,4.77,4.36,3.26
10,30,226918.05,30-10-2018,Tuesday,29864,2018,52.53,6.31,24.95,7.63,15.98,2.27,1.47,5.51,4.31,4.27,2.98
10,31,228805.49,31-10-2018,Wednesday,27797,2018,72.12,10.77,22.99,10.66,15.71,1.45,0.82,5.09,4.43,2.64,2.22
11,1,234140.68,01-11-2018,Thursday,31767.5,2018,48.1,10.94,32.12,12.35,22.44,1.72,1.09,13.64,9.11,7.24,4.74
11,2,233587.71,02-11-2018,Friday,34060.5,2018,53.25,11.88,28.01,13.4,21.74,9.34,4.67,16.41,12.08,12.07,8.27
11,3,187718.57,03-11-2018,Saturday,27641,2018,54.91,5.91,20.9,9.75,14.85,3.42,1.97,9.73,7.21,7.42,5.56
11,4,192865.25,04-11-2018,Sunday,18576.5,2018,62.17,8.59,22.8,8.87,15.74,0.43,0.29,5.45,4.23,3.06,2.22
11,5,214028.15,05-11-2018,Monday,32922.5,2018,64.99,13.29,26.1,14.7,19.97,3.85,2.02,10.61,8.06,7.18,4.86
11,6,201393.13,06-11-2018,Tuesday,12437.5,2018,79.02,13.15,21.69,10.32,16.77,0.31,0.44,8.06,6.51,4.61,3.16
11,7,212774.39,07-11-2018,Wednesday,28096,2018,65.08,4.77,15.41,7.43,11.02,5.14,3.01,8.04,6.73,6.71,4.86
11,8,218860.74,08-11-2018,Thursday,33130,2018,60.05,4.21,17.92,5.64,11.65,1.72,1.13,6.78,4.78,5.05,3.63
11,9,225013.9,09-11-2018,Friday,33459.5,2018,60.31,6.02,19.09,8.15,13.5,0.05,0.03,6.54,5.41,3.71,2.83
11,10,200407.1,10-11-2018,Saturday,27905,2018,60.34,7.49,21.97,9.29,15.05,0.69,0.49,6.13,4.74,3.19,2.57
11,11,189205.78,11-11-2018,Sunday,19073,2018,63.8,8.22,22.1,9.75,14.95,2.29,2.3,5.33,4.06,3.6,2.88
11,12,228319.19,12-11-2018,Monday,30515.5,2018,49.72,8.73,29.47,10.04,19.49,2.09,1.43,7.11,3.67,4.33,2.78
11,13,240370.53,13-11-2018,Tuesday,30018,2018,53.82,11.58,27.17,16.31,21.24,1.67,0.96,11.45,8.18,8.21,5.3
11,14,232975.16,14-11-2018,Wednesday,31603.5,2018,79.75,12.83,21.62,12.03,16.3,2.49,2.1,6.61,5.87,3.96,3.29
11,15,217256.68,15-11-2018,Thursday,35176.5,2018,64.73,6.7,17.94,8.81,13.12,5.52,3.31,8.01,7.13,7.01,5.31
11,16,214811.85,16-11-2018,Friday,42310.5,2018,58.57,5.44,21.19,7.9,13.34,1.98,1.52,7.43,6.63,4.81,3.73
11,17,180997.84,17-11-2018,Saturday,32257,2018,60.73,5.92,19.66,7.24,13.28,6.26,3.59,8.57,7.46,7.33,5.52
11,18,184086.26,18-11-2018,Sunday,23746.5,2018,55.28,8.6,26.64,8.4,17.62,0.77,0.3,6.54,4.07,3.88,2.64
11,19,227957.07,19-11-2018,Monday,29221,2018,43.61,8.75,29.32,13.56,21.7,4.78,2.69,9.81,7.68,7.25,4.83
11,20,236661.25,20-11-2018,Tuesday,25294,2018,64.74,14.2,25.89,15.08,20.98,1.79,1.04,11.5,7.46,6.77,4.55
11,21,213236.39,21-11-2018,Wednesday,26883.5,2018,62.63,8.25,22.28,10.17,15.26,1.92,1.65,8.1,6.12,5.25,4.01
11,22,214557.66,22-11-2018,Thursday,31361,2018,77,6.74,13.46,8.1,10.58,2.05,1.79,11.9,8.99,6.07,4.57
11,23,227165.2,23-11-2018,Friday,32413.5,2018,86.49,9.02,13.3,9.28,11.2,9.45,7.04,12.33,9.68,11.27,8.71
11,24,202704.24,24-11-2018,Saturday,27764,2018,77.37,9.73,17.36,10.87,13.58,5.3,3.24,9.27,6.99,7.36,5.64
11,25,192480.82,25-11-2018,Sunday,19669.5,2018,74.06,9.7,19.37,10.29,14.2,4.26,2.69,6.8,5.88,5.4,4.08
11,26,221095.21,26-11-2018,Monday,28388,2018,71.74,10.09,20.22,11.06,15.09,2.56,2.51,5.57,3.8,4.1,3.18
11,27,219412.84,27-11-2018,Tuesday,27986,2018,75.38,10.77,20.96,10.88,15.04,2.2,2.24,7.09,5.88,4.85,3.96
11,28,213369.65,28-11-2018,Wednesday,30148.5,2018,75.63,11.54,20.64,12.31,15.78,6.84,4.55,9.81,8.32,8.28,6.53
11,29,225173.48,29-11-2018,Thursday,32248.5,2018,74.96,10.7,19.4,11.76,15.05,4.6,3.24,6.79,4.98,5.45,4.33
11,30,220063.64,30-11-2018,Friday,42285.5,2018,64.78,9.37,23.01,10.89,15.92,2.34,1.6,6.07,5.54,4.1,3.18
12,1,196870.65,01-12-2018,Saturday,40882,2018,43.35,7.81,29.66,9.05,20.76,2.62,1.73,14.15,9.04,8.73,6.04
12,2,177806.13,02-12-2018,Sunday,19769,2018,59.17,7.41,19.18,11.23,15.26,6.71,3.84,12.12,8.29,8.78,6.57
12,3,215332.61,03-12-2018,Monday,28701,2018,67.5,9.55,21.49,10.09,15.47,6.91,4.26,11.82,9.33,9.46,6.98
12,4,223436.15,04-12-2018,Tuesday,31488.5,2018,70.3,10.3,21.78,11.12,15.62,4.03,3.14,6.71,5.29,5.28,4.02
12,5,228450.24,05-12-2018,Wednesday,35513,2018,63.5,10.22,25.32,10.26,17.12,1.5,1.58,5.03,3.56,3.52,2.63
12,6,270904.52,06-12-2018,Thursday,35412.5,2018,48.01,12.49,33.4,12.38,24.16,0.87,0.63,10.15,7.21,6.69,4.44
12,7,313296.81,07-12-2018,Friday,36119.5,2018,42.03,13.43,34.64,21.23,27.49,4.04,2.28,14.09,10.6,10.13,6.84
12,8,242474.94,08-12-2018,Saturday,30753,2018,63.08,15.76,30.35,14.87,23.05,1.41,0.93,7.23,5.73,4.08,3.04
12,9,204322.23,09-12-2018,Sunday,19730.5,2018,73.14,12.91,25.19,13.39,17.71,0.92,1.15,5.48,4.47,3.29,2.82
12,10,221607.53,10-12-2018,Monday,33872,2018,63.96,9.64,22.11,11.57,16.39,3.89,2.55,6.71,6.16,5.87,4.54
12,11,228827.57,11-12-2018,Tuesday,35765.5,2018,59.95,10.04,26.06,11.37,17.85,2.1,1.57,5.32,4.79,4.21,3.37
12,12,259430.93,12-12-2018,Wednesday,38646,2018,56.85,14.1,31.44,14.11,23.02,0.23,0.15,8.66,6.78,4.77,3.48
12,13,229972.66,13-12-2018,Thursday,30601,2018,88.17,15.39,19.37,15.48,17.38,2.68,1.67,9.89,8.25,5.92,4.51
12,14,220050.93,14-12-2018,Friday,36591,2018,84.82,15.78,21.68,15.95,18.37,1.52,0.99,5.96,3.75,3.6,2.43
12,15,205154.29,15-12-2018,Saturday,33091,2018,70.19,14,25.36,15.59,19.49,1.31,0.79,8.56,6.61,4.82,3.35
12,16,198221.55,16-12-2018,Sunday,19377,2018,74.99,13.28,20.75,14.12,17.71,1.06,0.64,6.88,5.57,4.36,3.16
12,17,225608.8,17-12-2018,Monday,29938,2018,75.67,13.48,24.03,12.82,17.77,1.5,1.01,6.45,5.91,4.37,3.63
12,18,226970.21,18-12-2018,Tuesday,31962.5,2018,71.72,11.83,22.26,13.24,16.9,3.67,2.71,5.84,4.46,4.89,3.72
12,19,239814.49,19-12-2018,Wednesday,34690.5,2018,66.49,13.83,25.89,14.02,20.17,0.76,0.52,4.36,3.46,2.53,1.81
12,20,223761.05,20-12-2018,Thursday,33236,2018,76.02,13.68,22.5,13.44,17.91,0.22,0.21,9.64,8.13,6.12,5.03
12,21,204151.85,21-12-2018,Friday,30458,2018,79.23,12.22,21.28,12.72,15.78,5.83,4.47,10.48,8.75,7.68,6.16
12,22,185451.48,22-12-2018,Saturday,31467,2018,68.51,9.32,19.67,11.16,14.99,4.59,2.64,8.29,7.32,7.42,5.75
12,23,189876.79,23-12-2018,Sunday,29146.5,2018,54.63,8.57,26.24,9.98,17.78,0.71,0.48,5.28,3.49,2.7,1.94
12,24,224717.63,24-12-2018,Monday,30967,2018,43.68,9.77,31.77,12.93,22.8,1.29,0.87,7.2,5.56,5.19,3.63
12,25,196383.31,25-12-2018,Tuesday,18274,2018,59.64,12.5,30.84,14.02,20.53,0.28,0.61,7.71,6.96,4.36,3.5
12,26,200034.39,26-12-2018,Wednesday,30069.5,2018,58.24,11.4,28.7,12.23,19.76,1.14,1.41,5.5,4.02,3.46,2.77
12,27,259498.28,27-12-2018,Thursday,25343.5,2018,40.46,11.95,37.1,16.75,26.51,1.75,1.05,9.76,7.21,5.15,3.63
12,28,267662.75,28-12-2018,Friday,28584.5,2018,43.62,13.22,36.11,19.7,26.62,1.34,0.86,10.94,8.09,5.61,4.01
12,29,216580.22,29-12-2018,Saturday,23946.5,2018,70.96,16.22,25.52,17.65,21.62,0.81,0.64,9.02,6.44,3.56,2.6
12,30,199227.73,30-12-2018,Sunday,19274,2018,78.99,14.84,24.9,14.47,18.51,1.6,1.45,6.58,6.1,3.62,3.32
12,31,206763.83,31-12-2018,Monday,39898,2018,68.45,13.6,28.32,14.03,19.47,0.93,1.07,6.54,5.62,3.65,3.15
